File,DeviceRow,GapLabel_um,Voltage_V,CurrentRaw_A,CurrentCorrected_A,CurrentDensity_A_cm2
1_10um.csv,1,10,-0.9999996,-8.48511e-07,-8.41509647461284e-07,-0.0011904926226931692
1_10um.csv,1,10,-0.9900005,-8.473097e-07,-8.40308347461284e-07,-0.0011887931308430689
1_10um.csv,1,10,-0.98,-8.3302e-07,-8.260186474612841e-07,-0.0011685773407070666
1_10um.csv,1,10,-0.9700016,-8.277401e-07,-8.207387474612841e-07,-0.0011611078101823474
1_10um.csv,1,10,-0.9599999,-8.159055e-07,-8.089041474612841e-07,-0.0011443652760533222
1_10um.csv,1,10,-0.9500008,-8.099592e-07,-8.02957847461284e-07,-0.001135952982381257
1_10um.csv,1,10,-0.940001,-8.045723e-07,-7.97570947461284e-07,-0.001128332077821775
1_10um.csv,1,10,-0.9300012,-7.936224e-07,-7.86621047461284e-07,-0.0011128411381652243
1_10um.csv,1,10,-0.9199988,-7.8673e-07,-7.797286474612841e-07,-0.0011030903867895213
1_10um.csv,1,10,-0.9100004,-7.813353e-07,-7.74333947461284e-07,-0.0010954584474873184
1_10um.csv,1,10,-0.9,-7.699007e-07,-7.628993474612841e-07,-0.0010792817976003975
1_10um.csv,1,10,-0.8899995,-7.663693e-07,-7.59367947461284e-07,-0.0010742858885689779
1_10um.csv,1,10,-0.8800005,-7.608832e-07,-7.538818474612841e-07,-0.0010665246447174538
1_10um.csv,1,10,-0.87,-7.534904e-07,-7.46489047461284e-07,-0.0010560659721548782
1_10um.csv,1,10,-0.8600003,-7.477336e-07,-7.40732247461284e-07,-0.00104792176614251
1_10um.csv,1,10,-0.8500005,-7.425417e-07,-7.35540347461284e-07,-0.0010405767301510539
1_10um.csv,1,10,-0.8400001,-7.281607e-07,-7.211593474612841e-07,-0.0010202317769367913
1_10um.csv,1,10,-0.8299997,-7.232608e-07,-7.162594474612841e-07,-0.0010132998364420715
1_10um.csv,1,10,-0.8200006,-7.119042e-07,-7.049028474612841e-07,-0.000997233533982361
1_10um.csv,1,10,-0.8099995,-7.077498e-07,-7.007484474612841e-07,-0.0009913562602438637
1_10um.csv,1,10,-0.7999997,-6.921028e-07,-6.851014474612841e-07,-0.0009692202834033401
1_10um.csv,1,10,-0.7900006,-6.921574e-07,-6.85156047461284e-07,-0.0009692975266023873
1_10um.csv,1,10,-0.7800002,-6.847034e-07,-6.777020474612841e-07,-0.0009587522737507698
1_10um.csv,1,10,-0.7699991,-6.754117e-07,-6.684103474612841e-07,-0.0009456072072198633
1_10um.csv,1,10,-0.7599993,-6.636573e-07,-6.56655947461284e-07,-0.0009289781328813801
1_10um.csv,1,10,-0.7499996,-6.610842e-07,-6.54082847461284e-07,-0.0009253379410229821
1_10um.csv,1,10,-0.7400005,-6.489687e-07,-6.419673474612841e-07,-0.0009081980146849391
1_10um.csv,1,10,-0.7300001,-6.440677e-07,-6.370663474612841e-07,-0.0009012645180085535
1_10um.csv,1,10,-0.719999,-6.367396e-07,-6.29738247461284e-07,-0.000890897377222138
1_10um.csv,1,10,-0.7099999,-6.29816e-07,-6.228146474612841e-07,-0.0008811024868755511
1_10um.csv,1,10,-0.6999995,-6.230361e-07,-6.16034747461284e-07,-0.00087151089044294
1_10um.csv,1,10,-0.6899997,-6.133656e-07,-6.06364247461284e-07,-0.0008578299315347607
1_10um.csv,1,10,-0.6799999,-6.061578e-07,-5.991564474612841e-07,-0.0008476329804341584
1_10um.csv,1,10,-0.6700002,-5.940612e-07,-5.870598474612841e-07,-0.0008305197921265547
1_10um.csv,1,10,-0.6599998,-5.877895e-07,-5.807881474612841e-07,-0.0008216471516235375
1_10um.csv,1,10,-0.65,-5.798251e-07,-5.728237474612841e-07,-0.0008103798304789945
1_10um.csv,1,10,-0.6400002,-5.759014e-07,-5.68900047461284e-07,-0.0008048289304771306
1_10um.csv,1,10,-0.6299998,-5.64498e-07,-5.574966474612841e-07,-0.0007886964195610941
1_10um.csv,1,10,-0.6200001,-5.569169e-07,-5.499155474612841e-07,-0.0007779713569915477
1_10um.csv,1,10,-0.6099996,-5.51754e-07,-5.44752647461284e-07,-0.0007706673476076441
1_10um.csv,1,10,-0.5999999,-5.406459e-07,-5.336445474612841e-07,-0.0007549526007333413
1_10um.csv,1,10,-0.5900008,-5.332275e-07,-5.26226147461284e-07,-0.0007444577115792708
1_10um.csv,1,10,-0.5800004,-5.258871e-07,-5.188857474612841e-07,-0.0007340731698524109
1_10um.csv,1,10,-0.5700006,-5.141717e-07,-5.071703474612841e-07,-0.0007174992692275328
1_10um.csv,1,10,-0.5600008,-5.043173e-07,-4.97315947461284e-07,-0.0007035581450390457
1_10um.csv,1,10,-0.5500004,-4.971908e-07,-4.90189447461284e-07,-0.0006934762099106512
1_10um.csv,1,10,-0.5399993,-4.953967e-07,-4.883953474612841e-07,-0.000690938077613752
1_10um.csv,1,10,-0.5300009,-4.858944e-07,-4.78893047461284e-07,-0.0006774950730293775
1_10um.csv,1,10,-0.5200005,-4.718533e-07,-4.6485194746128404e-07,-0.0006576309799498433
1_10um.csv,1,10,-0.51,-4.683341e-07,-4.6133274746128406e-07,-0.0006526523303878077
1_10um.csv,1,10,-0.5000016,-4.608555e-07,-4.5385414746128404e-07,-0.0006420722756553006
1_10um.csv,1,10,-0.4900012,-4.510746e-07,-4.4407324746128404e-07,-0.0006282351326963004
1_10um.csv,1,10,-0.4799994,-4.494376e-07,-4.4243624746128406e-07,-0.0006259192514354877
1_10um.csv,1,10,-0.4700003,-4.373845e-07,-4.3038314746128403e-07,-0.0006088676030392129
1_10um.csv,1,10,-0.4599999,-4.311329e-07,-4.2413154746128406e-07,-0.0006000233982193613
1_10um.csv,1,10,-0.4500002,-4.191701e-07,-4.1216874746128406e-07,-0.0005830994981907416
1_10um.csv,1,10,-0.4399997,-4.123267e-07,-4.0532534746128403e-07,-0.0005734180676346965
1_10um.csv,1,10,-0.43,-4.092343e-07,-4.0223294746128405e-07,-0.0005690432165589864
1_10um.csv,1,10,-0.4200002,-4.008977e-07,-3.9389634746128407e-07,-0.0005572493401271652
1_10um.csv,1,10,-0.4099998,-3.893839e-07,-3.8238254746128407e-07,-0.0005409606451603077
1_10um.csv,1,10,-0.4000007,-3.821594e-07,-3.7515804746128407e-07,-0.0005307400683925975
1_10um.csv,1,10,-0.3899989,-3.780675e-07,-3.7106614746128403e-07,-0.0005249512140669289
1_10um.csv,1,10,-0.3800005,-3.657726e-07,-3.5877124746128403e-07,-0.0005075574886463018
1_10um.csv,1,10,-0.3699994,-3.597037e-07,-3.5270234746128405e-07,-0.0004989717514540316
1_10um.csv,1,10,-0.3599997,-3.528882e-07,-3.4588684746128406e-07,-0.0004893297913238732
1_10um.csv,1,10,-0.3499999,-3.441793e-07,-3.3717794746128405e-07,-0.0004770092181337131
1_10um.csv,1,10,-0.3400002,-3.332841e-07,-3.26282747461284e-07,-0.00046159566314727025
1_10um.csv,1,10,-0.3299997,-3.271572e-07,-3.2015584746128403e-07,-0.0004529278727398949
1_10um.csv,1,10,-0.32,-3.192407e-07,-3.1223934746128404e-07,-0.0004417283162333439
1_10um.csv,1,10,-0.3099995,-3.099156e-07,-3.0291424746128404e-07,-0.00042853599836822177
1_10um.csv,1,10,-0.2999998,-3.002239e-07,-2.9322254746128403e-07,-0.00041482504759521093
1_10um.csv,1,10,-0.29,-2.948593e-07,-2.8785794746128403e-07,-0.0004072356910822262
1_10um.csv,1,10,-0.2800003,-2.870787e-07,-2.8007734746128405e-07,-0.00039622839374693023
1_10um.csv,1,10,-0.2700005,-2.752797e-07,-2.6827834746128403e-07,-0.0003795362233154522
1_10um.csv,1,10,-0.2600001,-2.676808e-07,-2.6067944746128407e-07,-0.00036878597889713224
1_10um.csv,1,10,-0.2500003,-2.594723e-07,-2.5247094746128406e-07,-0.0003571733268938449
1_10um.csv,1,10,-0.2400006,-2.501494e-07,-2.4314804746128404e-07,-0.00034398412139205437
1_10um.csv,1,10,-0.2299988,-2.421003e-07,-2.3509894746128408e-07,-0.0003325969742592458
1_10um.csv,1,10,-0.2200004,-2.354475e-07,-2.2844614746128407e-07,-0.00032318518754456346
1_10um.csv,1,10,-0.21,-2.276591e-07,-2.2065774746128408e-07,-0.0003121668554665464
1_10um.csv,1,10,-0.1999995,-2.192266e-07,-2.122252474612841e-07,-0.0003002373082876806
1_10um.csv,1,10,-0.1899991,-2.09506e-07,-2.0250464746128407e-07,-0.00028648547237817765
1_10um.csv,1,10,-0.18,-2.016295e-07,-1.9462814746128408e-07,-0.0002753425042958371
1_10um.csv,1,10,-0.1699996,-1.900791e-07,-1.8307774746128409e-07,-0.0002590020309208271
1_10um.csv,1,10,-0.1599998,-1.817056e-07,-1.7470424746128408e-07,-0.0002471559516676717
1_10um.csv,1,10,-0.1499994,-1.716473e-07,-1.6464594746128408e-07,-0.00023292636798677202
1_10um.csv,1,10,-0.1400003,-1.629886e-07,-1.5598724746128409e-07,-0.00022067681326899606
1_10um.csv,1,10,-0.1299999,-1.539254e-07,-1.4692404746128407e-07,-0.0002078550081113919
1_10um.csv,1,10,-0.1199995,-1.44266e-07,-1.3726464746128408e-07,-0.000194189752490931
1_10um.csv,1,10,-0.1099997,-1.350969e-07,-1.2809554746128407e-07,-0.00018121812948022968
1_10um.csv,1,10,-0.09999994,-1.249126e-07,-1.1791124746128407e-07,-0.0001668102922630671
1_10um.csv,1,10,-0.09000018,-1.139817e-07,-1.0698034746128407e-07,-0.00015134623210801647
1_10um.csv,1,10,-0.07999976,-1.035857e-07,-9.658434746128406e-08,-0.00013663890065572005
1_10um.csv,1,10,-0.07000067,-9.311727e-08,-8.611591746128406e-08,-0.00012182910171428461
1_10um.csv,1,10,-0.06000024,-8.23212e-08,-7.531984746128406e-08,-0.00010655578699014133
1_10um.csv,1,10,-0.05000048,-7.105932e-08,-6.405796746128406e-08,-9.06234859189613e-05
1_10um.csv,1,10,-0.04000006,-5.875105e-08,-5.174969746128407e-08,-7.321084581754191e-05
1_10um.csv,1,10,-0.03000097,-4.678935e-08,-3.978799746128407e-08,-5.628850197058792e-05
1_10um.csv,1,10,-0.02000121,-3.38169e-08,-2.6815547461284066e-08,-3.793623937936607e-05
1_10um.csv,1,10,-0.009999447,-2.087566e-08,-1.3874307461284066e-08,-1.9628129906134433e-05
1_10um.csv,1,10,-1.022334e-06,-7.002808e-09,-1.4554612840669515e-12,-2.0590565141167337e-09
1_10um.csv,1,10,0.009999403,7.234449e-09,1.4235801538715933e-08,2.0139539411216443e-05
1_10um.csv,1,10,0.0200005,2.200884e-08,2.9010192538715934e-08,4.1041027045193425e-05
1_10um.csv,1,10,0.02999959,3.812939e-08,4.513074253871593e-08,6.384694009283833e-05
1_10um.csv,1,10,0.04000001,5.419645e-08,6.119780253871593e-08,8.657718027020783e-05
1_10um.csv,1,10,0.05000044,7.135783e-08,7.835918253871594e-08,0.00011085556655712685
1_10um.csv,1,10,0.0600002,8.977176e-08,9.677311253871593e-08,0.0001369059486126659
1_10um.csv,1,10,0.06999929,1.089234e-07,1.1592475253871593e-07,0.00016399997682881227
1_10um.csv,1,10,0.07999971,1.293967e-07,1.3639805253871592e-07,0.00019296377146350824
1_10um.csv,1,10,0.08999947,1.506846e-07,1.5768595253871593e-07,0.00022307998935725012
1_10um.csv,1,10,0.0999999,1.735416e-07,1.8054295253871593e-07,0.00025541602966170745
1_10um.csv,1,10,0.1099997,1.971351e-07,2.0413645253871591e-07,0.0002887940043269397
1_10um.csv,1,10,0.1200007,2.236639e-07,2.3066525253871591e-07,0.00032632457903179545
1_10um.csv,1,10,0.1300005,2.499275e-07,2.5692885253871595e-07,0.00036347997248413596
1_10um.csv,1,10,0.1400003,2.836162e-07,2.906175525387159e-07,0.000411139733651602
1_10um.csv,1,10,0.15,3.120372e-07,3.1903855253871594e-07,0.0004513472237637332
1_10um.csv,1,10,0.1599991,3.476304e-07,3.5463175253871597e-07,0.0005017013012789195
1_10um.csv,1,10,0.1699989,3.836893e-07,3.9069065253871597e-07,0.0005527142095229758
1_10um.csv,1,10,0.1800006,4.244108e-07,4.3141215253871597e-07,0.0006103233474351235
1_10um.csv,1,10,0.1899997,4.644938e-07,4.7149515253871597e-07,0.0006670291926258119
1_10um.csv,1,10,0.1999995,5.141771e-07,5.21178452538716e-07,0.0007373166840401902
1_10um.csv,1,10,0.2099999,5.650795e-07,5.720808525387159e-07,0.0008093288491534424
1_10um.csv,1,10,0.2200003,6.208005e-07,6.278018525387159e-07,0.000888157938789207
1_10um.csv,1,10,0.2299981,6.733957e-07,6.803970525387159e-07,0.0009625649260150455
1_10um.csv,1,10,0.2399999,7.369953e-07,7.439966525387159e-07,0.0010525399546254216
1_10um.csv,1,10,0.2499989,8.072232e-07,8.142245525387159e-07,0.0011518921095406511
1_10um.csv,1,10,0.2599994,8.843012e-07,8.913025525387159e-07,0.001260935173572981
1_10um.csv,1,10,0.2699998,9.706787e-07,9.776800525387157e-07,0.0013831343388789378
1_10um.csv,1,10,0.2800002,1.065364e-06,1.072365352538716e-06,0.001517086636951285
1_10um.csv,1,10,0.29,1.162529e-06,1.1695303525387159e-06,0.0016545469929114985
1_10um.csv,1,10,0.2999997,1.277183e-06,1.2841843525387158e-06,0.0018167492226471265
1_10um.csv,1,10,0.3100002,1.399796e-06,1.4067973525387159e-06,0.0019902111340900294
1_10um.csv,1,10,0.3199999,1.532758e-06,1.539759352538716e-06,0.0021783138855867813
1_10um.csv,1,10,0.3300003,1.690713e-06,1.6977143525387157e-06,0.002401774499240828
1_10um.csv,1,10,0.3399994,1.867115e-06,1.874116352538716e-06,0.0026513322794301307
1_10um.csv,1,10,0.3499999,2.059245e-06,2.0662463525387157e-06,0.0029231406280189826
1_10um.csv,1,10,0.359999,2.287995e-06,2.294996352538716e-06,0.0032467556789725033
1_10um.csv,1,10,0.3699987,2.529775e-06,2.5367763525387157e-06,0.003588804409112578
1_10um.csv,1,10,0.3799998,2.812787e-06,2.8197883525387157e-06,0.003989184486928787
1_10um.csv,1,10,0.3900009,3.129747e-06,3.136748352538716e-06,0.004437591160372406
1_10um.csv,1,10,0.3999993,3.506367e-06,3.513368352538716e-06,0.004970399468525914
1_10um.csv,1,10,0.4099971,3.906235e-06,3.913236352538716e-06,0.005536096968830536
1_10um.csv,1,10,0.4200002,4.368834e-06,4.375835352538716e-06,0.006190540680113804
1_10um.csv,1,10,0.4299993,4.875794e-06,4.8827953525387165e-06,0.006907742368557069
1_10um.csv,1,10,0.4400004,5.462658e-06,5.469659352538717e-06,0.007737985093203132
1_10um.csv,1,10,0.4499995,6.070415e-06,6.077416352538716e-06,0.008597785366524918
1_10um.csv,1,10,0.4599985,6.751808e-06,6.758809352538716e-06,0.009561759269975725
1_10um.csv,1,10,0.4700003,7.489788e-06,7.496789352538717e-06,0.010605787402446453
1_10um.csv,1,10,0.4799974,8.251149e-06,8.258150352538716e-06,0.011682892883578795
1_10um.csv,1,10,0.4899985,9.057336e-06,9.064337352538716e-06,0.012823414182302581
1_10um.csv,1,10,0.4999996,9.918429e-06,9.925430352538716e-06,0.014041611581518842
1_10um.csv,1,10,0.510002,1.079515e-05,1.0802151352538715e-05,0.015281918078074124
1_10um.csv,1,10,0.5200018,1.178293e-05,1.1789931352538716e-05,0.016679340919739126
1_10um.csv,1,10,0.5300002,1.265087e-05,1.2657871352538716e-05,0.01790722484246961
1_10um.csv,1,10,0.5399999,1.367255e-05,1.3679551352538715e-05,0.019352606373652964
1_10um.csv,1,10,0.549999,1.461797e-05,1.4624971352538715e-05,0.020690102074079095
1_10um.csv,1,10,0.5600008,1.568665e-05,1.5693651352538715e-05,0.022201975003709733
1_10um.csv,1,10,0.5700019,1.671323e-05,1.6720231352538715e-05,0.02365428861685887
1_10um.csv,1,10,0.5799983,1.780799e-05,1.7814991352538714e-05,0.02520305719907472
1_10um.csv,1,10,0.5900001,1.88402e-05,1.8847201352538715e-05,0.026663335632931478
1_10um.csv,1,10,0.5999998,1.99796e-05,1.9986601352538716e-05,0.028275256896566195
1_10um.csv,1,10,0.6099989,2.109592e-05,2.1102921352538716e-05,0.02985452663943148
1_10um.csv,1,10,0.619998,2.220559e-05,2.2212591352538714e-05,0.03142438855677177
1_10um.csv,1,10,0.6299998,2.341311e-05,2.3420111352538714e-05,0.03313267990683689
1_10um.csv,1,10,0.6399982,2.453703e-05,2.4544031352538717e-05,0.034722701450302165
1_10um.csv,1,10,0.65,2.581455e-05,2.5821551352538714e-05,0.03653002254273557
1_10um.csv,1,10,0.6600004,2.699772e-05,2.7004721352538714e-05,0.03820386568956257
1_10um.csv,1,10,0.6699995,2.827894e-05,2.8285941352538716e-05,0.04001642121123544
1_10um.csv,1,10,0.6799972,2.942293e-05,2.9429931352538717e-05,0.04163483599654831
1_10um.csv,1,10,0.6899983,3.06704e-05,3.067740135253871e-05,0.04339964503529361
1_10um.csv,1,10,0.6999974,3.181725e-05,3.1824251352538716e-05,0.04502210589293752
1_10um.csv,1,10,0.7100012,3.312467e-05,3.313167135253872e-05,0.04687172683246824
1_10um.csv,1,10,0.7199996,3.433965e-05,3.434665135253872e-05,0.04859057192364861
1_10um.csv,1,10,0.7299967,3.566837e-05,3.567537135253871e-05,0.05047032619907138
1_10um.csv,1,10,0.7399985,3.687797e-05,3.6884971352538715e-05,0.052181560147195445
1_10um.csv,1,10,0.7499995,3.813302e-05,3.814002135253871e-05,0.05395709269232862
1_10um.csv,1,10,0.7600006,3.93943e-05,3.940130135253872e-05,0.0557414388845326
1_10um.csv,1,10,0.7700004,4.063222e-05,4.063922135253872e-05,0.057492737436997655
1_10um.csv,1,10,0.7800015,4.192429e-05,4.1931291352538716e-05,0.059320642568737605
1_10um.csv,1,10,0.7899999,4.330706e-05,4.331406135253872e-05,0.061276861952374764
1_10um.csv,1,10,0.7999983,4.47273e-05,4.473430135253872e-05,0.06328609054239107
1_10um.csv,1,10,0.8100008,4.600642e-05,4.601342135253872e-05,0.06509567517179289
1_10um.csv,1,10,0.8199972,4.744625e-05,4.745325135253872e-05,0.06713261794256625
1_10um.csv,1,10,0.8300003,4.874478e-05,4.8751781352538715e-05,0.0689696621048162
1_10um.csv,1,10,0.84,5.023064e-05,5.023764135253872e-05,0.07107172400474975
1_10um.csv,1,10,0.8499985,5.148604e-05,5.149304135253871e-05,0.07284775169859475
1_10um.csv,1,10,0.8600016,5.304805e-05,5.3055051352538717e-05,0.07505754381111895
1_10um.csv,1,10,0.8699966,5.432839e-05,5.4335391352538715e-05,0.07686885438745919
1_10um.csv,1,10,0.8800024,5.58761e-05,5.5883101352538714e-05,0.07905841613832815
1_10um.csv,1,10,0.8900048,5.722547e-05,5.7232471352538716e-05,0.08096738418774958
1_10um.csv,1,10,0.8999979,5.867849e-05,5.868549135253871e-05,0.08302298699140634
1_10um.csv,1,10,0.909997,6.000515e-05,6.001215135253872e-05,0.08489982696298229
1_10um.csv,1,10,0.9200014,6.154903e-05,6.155603135253872e-05,0.08708397037223309
1_10um.csv,1,10,0.9299965,6.291327e-05,6.292027135253872e-05,0.08901397516835476
1_10um.csv,1,10,0.9399976,6.442566e-05,6.443266135253871e-05,0.09115356934064588
1_10um.csv,1,10,0.9500001,6.586819e-05,6.587519135253872e-05,0.09319433183005345
1_10um.csv,1,10,0.9599991,6.735024e-05,6.735724135253872e-05,0.09529100368258095
1_10um.csv,1,10,0.9699976,6.877731e-05,6.878431135253872e-05,0.09730989474603118
1_10um.csv,1,10,0.9800013,7.018611e-05,7.019311135253872e-05,0.09930293904672328
1_10um.csv,1,10,0.9900031,7.186118e-05,7.186818135253871e-05,0.10167267834027831
1_10um.csv,1,10,0.9999962,7.318359e-05,7.319059135253871e-05,0.10354350579178188
1_15um.csv,1,15,-1.0,-1.584464e-07,-1.5872049833600523e-07,-0.00022454357226830377
1_15um.csv,1,15,-0.9900005,-1.598661e-07,-1.6014019833600522e-07,-0.00022655203691459322
1_15um.csv,1,15,-0.98,-1.584029e-07,-1.5867699833600522e-07,-0.0002244820323569749
1_15um.csv,1,15,-0.9700009,-1.549651e-07,-1.5523919833600522e-07,-0.00021961854023820764
1_15um.csv,1,15,-0.9599999,-1.522237e-07,-1.5249779833600521e-07,-0.00021574025258494432
1_15um.csv,1,15,-0.9499994,-1.520777e-07,-1.523517983360052e-07,-0.00021553370483657616
1_15um.csv,1,15,-0.940001,-1.474419e-07,-1.4771599833600523e-07,-0.00020897538941270588
1_15um.csv,1,15,-0.9300006,-1.492417e-07,-1.4951579833600522e-07,-0.00021152158556005517
1_15um.csv,1,15,-0.9199995,-1.411368e-07,-1.414108983360052e-07,-0.00020005549757547288
1_15um.csv,1,15,-0.9099997,-1.359382e-07,-1.362122983360052e-07,-0.00019270098302296156
1_15um.csv,1,15,-0.9,-1.322853e-07,-1.3255939833600522e-07,-0.00018753318665300258
1_15um.csv,1,15,-0.8900009,-1.350334e-07,-1.3530749833600523e-07,-0.00019142095286732116
1_15um.csv,1,15,-0.8800005,-1.271592e-07,-1.274332983360052e-07,-0.00018028123861937268
1_15um.csv,1,15,-0.87,-1.293735e-07,-1.296475983360052e-07,-0.00018341383231260274
1_15um.csv,1,15,-0.8600016,-1.24449e-07,-1.2472309833600522e-07,-0.00017644708993699352
1_15um.csv,1,15,-0.8500005,-1.27206e-07,-1.2748009833600522e-07,-0.00018034744707569892
1_15um.csv,1,15,-0.8399994,-1.265006e-07,-1.2677469833600522e-07,-0.0001793495102147476
1_15um.csv,1,15,-0.8300003,-1.207861e-07,-1.2106019833600522e-07,-0.00017126514646098194
1_15um.csv,1,15,-0.8199992,-1.178285e-07,-1.1810259833600523e-07,-0.00016708099837486117
1_15um.csv,1,15,-0.8099995,-1.126211e-07,-1.1289519833600523e-07,-0.00015971403436902353
1_15um.csv,1,15,-0.8000004,-1.155987e-07,-1.1587279833600523e-07,-0.00016392647666724954
1_15um.csv,1,15,-0.7900006,-1.143706e-07,-1.1464469833600523e-07,-0.00016218907057292815
1_15um.csv,1,15,-0.7799995,-1.10311e-07,-1.1058509833600523e-07,-0.0001564459113998094
1_15um.csv,1,15,-0.7700011,-1.121709e-07,-1.1244499833600523e-07,-0.00015907713165453488
1_15um.csv,1,15,-0.7600007,-1.142001e-07,-1.1447419833600523e-07,-0.00016194786241473109
1_15um.csv,1,15,-0.7500003,-1.089993e-07,-1.0927339833600523e-07,-0.00015459023549888815
1_15um.csv,1,15,-0.7400005,-1.071071e-07,-1.0738119833600523e-07,-0.00015191332009161274
1_15um.csv,1,15,-0.7300001,-1.051592e-07,-1.0543329833600524e-07,-0.0001491576053036243
1_15um.csv,1,15,-0.7199996,-9.906803e-08,-9.934212833600523e-08,-0.00014054036250617485
1_15um.csv,1,15,-0.7099999,-9.721928e-08,-9.749337833600523e-08,-0.00013792491627469806
1_15um.csv,1,15,-0.7000008,-9.747224e-08,-9.774633833600523e-08,-0.00013828278146940494
1_15um.csv,1,15,-0.6900004,-9.693846e-08,-9.721255833600523e-08,-0.00013752763724252857
1_15um.csv,1,15,-0.6799993,-9.490138e-08,-9.517547833600523e-08,-0.0001346457585627629
1_15um.csv,1,15,-0.6700002,-9.27016e-08,-9.297569833600523e-08,-0.0001315337064675212
1_15um.csv,1,15,-0.6599998,-9.280078e-08,-9.307487833600522e-08,-0.00013167401746535102
1_15um.csv,1,15,-0.65,-8.979754e-08,-9.007163833600522e-08,-0.0001274253019872061
1_15um.csv,1,15,-0.6400002,-9.209538e-08,-9.236947833600522e-08,-0.0001306760806043997
1_15um.csv,1,15,-0.6300012,-8.994575e-08,-9.021984833600523e-08,-0.00012763497624601188
1_15um.csv,1,15,-0.6200001,-8.007908e-08,-8.035317833600523e-08,-0.00011367649355839846
1_15um.csv,1,15,-0.6100003,-8.245381e-08,-8.272790833600523e-08,-0.00011703604927403061
1_15um.csv,1,15,-0.5999992,-8.322384e-08,-8.349793833600524e-08,-0.00011812541888139997
1_15um.csv,1,15,-0.5900001,-7.625343e-08,-7.652752833600523e-08,-0.0001082643059313806
1_15um.csv,1,15,-0.5800004,-7.478356e-08,-7.505765833600522e-08,-0.00010618486525402518
1_15um.csv,1,15,-0.5699993,-7.422972e-08,-7.450381833600523e-08,-0.00010540134193240728
1_15um.csv,1,15,-0.5600008,-7.105152e-08,-7.132561833600523e-08,-0.00010090510868676583
1_15um.csv,1,15,-0.5499997,-7.354326e-08,-7.381735833600523e-08,-0.0001044301996903196
1_15um.csv,1,15,-0.54,-7.247792e-08,-7.275201833600523e-08,-0.00010292305189411054
1_15um.csv,1,15,-0.5300009,-7.090331e-08,-7.117740833600523e-08,-0.00010069543442796005
1_15um.csv,1,15,-0.5199998,-7.191405e-08,-7.218814833600523e-08,-0.00010212533902512186
1_15um.csv,1,15,-0.5099994,-6.782318e-08,-6.809727833600523e-08,-9.63379418513766e-05
1_15um.csv,1,15,-0.500001,-6.224239e-08,-6.251648833600522e-08,-8.844273905264042e-05
1_15um.csv,1,15,-0.4900005,-6.215992e-08,-6.243401833600523e-08,-8.832606786902452e-05
1_15um.csv,1,15,-0.4800001,-6.710663e-08,-6.738072833600523e-08,-9.532423096717662e-05
1_15um.csv,1,15,-0.4700003,-6.275611e-08,-6.303020833600523e-08,-8.916950418477526e-05
1_15um.csv,1,15,-0.4600006,-5.978185e-08,-6.005594833600523e-08,-8.496178701997082e-05
1_15um.csv,1,15,-0.4499995,-5.705051e-08,-5.7324608336005225e-08,-8.109773135539644e-05
1_15um.csv,1,15,-0.4400004,-5.76623e-08,-5.793639833600522e-08,-8.196323715658924e-05
1_15um.csv,1,15,-0.43,-6.110015e-08,-6.137424833600523e-08,-8.682680001088677e-05
1_15um.csv,1,15,-0.4200002,-5.58949e-08,-5.616899833600522e-08,-7.946287763285043e-05
1_15um.csv,1,15,-0.4099998,-5.151987e-08,-5.179396833600522e-08,-7.327347629351411e-05
1_15um.csv,1,15,-0.3999987,-5.009458e-08,-5.036867833600522e-08,-7.125710341494126e-05
1_15um.csv,1,15,-0.3899996,-4.86771e-08,-4.895119833600522e-08,-6.925177942619548e-05
1_15um.csv,1,15,-0.3799999,-4.669797e-08,-4.6972068336005225e-08,-6.645188322600471e-05
1_15um.csv,1,15,-0.3699994,-4.571509e-08,-4.598918833600522e-08,-6.506139246630547e-05
1_15um.csv,1,15,-0.359999,-4.634137e-08,-4.661546833600522e-08,-6.594739742416851e-05
1_15um.csv,1,15,-0.3500006,-3.98323e-08,-4.010639833600522e-08,-5.6738947064780404e-05
1_15um.csv,1,15,-0.3400002,-3.745311e-08,-3.772720833600522e-08,-5.3373081739848795e-05
1_15um.csv,1,15,-0.3300004,-3.617492e-08,-3.644901833600522e-08,-5.156481279130986e-05
1_15um.csv,1,15,-0.3199993,-3.47006e-08,-3.497469833600522e-08,-4.9479076651761034e-05
1_15um.csv,1,15,-0.3100009,-3.379462e-08,-3.406871833600522e-08,-4.819737713760641e-05
1_15um.csv,1,15,-0.2999998,-3.207736e-08,-3.235145833600522e-08,-4.57679512036154e-05
1_15um.csv,1,15,-0.29,-3.121595e-08,-3.149004833600522e-08,-4.454930534113727e-05
1_15um.csv,1,15,-0.2799996,-2.9297e-08,-2.9571098336005227e-08,-4.183454642517113e-05
1_15um.csv,1,15,-0.2699992,-2.892368e-08,-2.9197778336005225e-08,-4.1306406662014976e-05
1_15um.csv,1,15,-0.2600001,-2.722872e-08,-2.7502818336005225e-08,-3.89085287745213e-05
1_15um.csv,1,15,-0.2499997,-2.533539e-08,-2.5609488336005226e-08,-3.623001474426194e-05
1_15um.csv,1,15,-0.2400006,-2.422659e-08,-2.4500688336005227e-08,-3.466138362514822e-05
1_15um.csv,1,15,-0.2300008,-2.309327e-08,-2.3367368336005227e-08,-3.3058063801993495e-05
1_15um.csv,1,15,-0.2199997,-2.151977e-08,-2.1793868336005226e-08,-3.083201666461485e-05
1_15um.csv,1,15,-0.2100006,-1.996188e-08,-2.0235978336005225e-08,-2.8628053159784335e-05
1_15um.csv,1,15,-0.1999995,-1.934451e-08,-1.9618608336005228e-08,-2.7754653273414177e-05
1_15um.csv,1,15,-0.1899991,-1.798275e-08,-1.8256848336005225e-08,-2.5828156959593557e-05
1_15um.csv,1,15,-0.1800007,-1.660092e-08,-1.6875018336005225e-08,-2.3873267403925344e-05
1_15um.csv,1,15,-0.1700009,-1.592561e-08,-1.6199708336005227e-08,-2.2917899185086345e-05
1_15um.csv,1,15,-0.1600005,-1.423845e-08,-1.4512548336005225e-08,-2.0531056040313703e-05
1_15um.csv,1,15,-0.1500001,-1.367457e-08,-1.3948668336005226e-08,-1.9733329024218968e-05
1_15um.csv,1,15,-0.1400003,-1.229052e-08,-1.2564618336005226e-08,-1.7775298811007074e-05
1_15um.csv,1,15,-0.1300006,-1.13511e-08,-1.1625198336005227e-08,-1.6446291374212513e-05
1_15um.csv,1,15,-0.1200001,-1.029356e-08,-1.0567658336005226e-08,-1.4950178320724486e-05
1_15um.csv,1,15,-0.1100004,-9.241588e-09,-9.515686336005226e-09,-1.3461942375886556e-05
1_15um.csv,1,15,-0.09999928,-8.304398e-09,-8.578496336005227e-09,-1.2136089743741727e-05
1_15um.csv,1,15,-0.08999952,-7.643574e-09,-7.917672336005226e-09,-1.1201215022730539e-05
1_15um.csv,1,15,-0.08000042,-6.511369e-09,-6.785467336005226e-09,-9.599472601900677e-06
1_15um.csv,1,15,-0.06999933,-5.659986e-09,-5.9340843360052265e-09,-8.395012042661503e-06
1_15um.csv,1,15,-0.05999957,-4.827548e-09,-5.101646336005226e-09,-7.217353175839004e-06
1_15um.csv,1,15,-0.04999915,-3.986194e-09,-4.260292336005226e-09,-6.027080749259995e-06
1_15um.csv,1,15,-0.03999939,-3.323141e-09,-3.597239336005226e-09,-5.08905263830968e-06
1_15um.csv,1,15,-0.02999963,-2.338033e-09,-2.6121313360052263e-09,-3.6954099033819397e-06
1_15um.csv,1,15,-0.02000054,-1.54237e-09,-1.816468336005226e-09,-2.5697770190679245e-06
1_15um.csv,1,15,-0.01000011,-6.129806e-10,-8.87078936005226e-10,-1.2549599784704958e-06
1_15um.csv,1,15,-3.555944e-07,2.74062e-10,-3.633600522606121e-14,-5.140493194613851e-11
1_15um.csv,1,15,0.01000007,1.295944e-09,1.0218456639947739e-09,1.445615897793673e-06
1_15um.csv,1,15,0.02000116,2.315597e-09,2.041498663994774e-09,2.8881298105801645e-06
1_15um.csv,1,15,0.02999959,3.563698e-09,3.289599663994774e-09,4.653831531717388e-06
1_15um.csv,1,15,0.03999935,4.759422e-09,4.485323663994774e-09,6.345434955482841e-06
1_15um.csv,1,15,0.04999977,6.061012e-09,5.786913663994774e-09,8.186808132184885e-06
1_15um.csv,1,15,0.05999953,7.166473e-09,6.8923746639947736e-09,9.750715532587636e-06
1_15um.csv,1,15,0.06999996,8.923842e-09,8.649743663994774e-09,1.223688409424507e-05
1_15um.csv,1,15,0.08000105,1.057089e-08,1.0296791663994774e-08,1.4566980367219469e-05
1_15um.csv,1,15,0.08999947,1.359642e-08,1.3322321663994774e-08,1.8847229744755664e-05
1_15um.csv,1,15,0.09999923,1.548305e-08,1.5208951663994774e-08,2.1516265213959774e-05
1_15um.csv,1,15,0.1099997,1.831357e-08,1.8039471663994774e-08,2.5520631876363966e-05
1_15um.csv,1,15,0.1200001,2.123769e-08,2.0963591663994772e-08,2.965741545142061e-05
1_15um.csv,1,15,0.1300005,2.48973e-08,2.4623201663994775e-08,3.483470452954089e-05
1_15um.csv,1,15,0.1399996,2.91999e-08,2.8925801663994775e-08,4.092163837973812e-05
1_15um.csv,1,15,0.1499994,3.345124e-08,3.317714166399478e-08,4.693605416430967e-05
1_15um.csv,1,15,0.1599998,3.874564e-08,3.8471541663994777e-08,5.442609799280504e-05
1_15um.csv,1,15,0.1700002,4.510203e-08,4.4827931663994776e-08,6.341855033698187e-05
1_15um.csv,1,15,0.1799993,5.211702e-08,5.184292166399478e-08,7.334273108578378e-05
1_15um.csv,1,15,0.1900004,6.01539e-08,5.987980166399478e-08,8.471259045499615e-05
1_15um.csv,1,15,0.1999995,7.022674e-08,6.995264166399476e-08,9.896274402809627e-05
1_15um.csv,1,15,0.2099992,8.02472e-08,7.997310166399477e-08,0.00011313879505969285
1_15um.csv,1,15,0.2199997,9.184561e-08,9.157151166399477e-08,0.00012954718869086148
1_15um.csv,1,15,0.2299994,1.053864e-07,1.0511230166399477e-07,0.0001487034879074775
1_15um.csv,1,15,0.2399999,1.21274e-07,1.209999016639948e-07,0.00017117984411962683
1_15um.csv,1,15,0.2500009,1.367059e-07,1.3643180166399477e-07,0.00019301151670895854
1_15um.csv,1,15,0.2600007,1.56476e-07,1.562019016639948e-07,0.0002209804868460348
1_15um.csv,1,15,0.2699998,1.778408e-07,1.7756670166399478e-07,0.00025120549598532123
1_15um.csv,1,15,0.2800009,2.009429e-07,2.006688016639948e-07,0.00028388828185912815
1_15um.csv,1,15,0.2899993,2.282451e-07,2.279710016639948e-07,0.00032251299374609296
1_15um.csv,1,15,0.3000004,2.590164e-07,2.587423016639948e-07,0.00036604547819376975
1_15um.csv,1,15,0.3099995,2.965229e-07,2.9624880166399475e-07,0.00041910632151000236
1_15um.csv,1,15,0.3199986,3.370004e-07,3.3672630166399474e-07,0.00047637027003446624
1_15um.csv,1,15,0.3299997,3.836414e-07,3.8336730166399477e-07,0.0005423537873744581
1_15um.csv,1,15,0.3400008,4.337749e-07,4.3350080166399474e-07,0.0006132781815033252
1_15um.csv,1,15,0.3499999,4.845135e-07,4.842394016639948e-07,0.0006850586170194358
1_15um.csv,1,15,0.3600003,5.384092e-07,5.381351016639948e-07,0.0007613054353874168
1_15um.csv,1,15,0.3700007,6.080821e-07,6.078080016639948e-07,0.0008598724259167262
1_15um.csv,1,15,0.3800005,6.838797e-07,6.836056016639947e-07,0.0009671040944900794
1_15um.csv,1,15,0.3899996,7.622181e-07,7.619440016639948e-07,0.0010779302597692805
1_15um.csv,1,15,0.4,8.51942e-07,8.516679016639948e-07,0.0012048636126446841
1_15um.csv,1,15,0.4100004,9.52891e-07,9.526169016639947e-07,0.0013476772335352062
1_15um.csv,1,15,0.4200002,1.051784e-06,1.0515099016639949e-06,0.0014875822094213113
1_15um.csv,1,15,0.4299999,1.158039e-06,1.1577649016639948e-06,0.0016379022847833498
1_15um.csv,1,15,0.4400004,1.275096e-06,1.2748219016639948e-06,0.0018035040641034207
1_15um.csv,1,15,0.4499995,1.401852e-06,1.4015779016639949e-06,0.0019828271215839213
1_15um.csv,1,15,0.4600005,1.550243e-06,1.5499689016639948e-06,0.0021927574430092495
1_15um.csv,1,15,0.469999,1.694976e-06,1.694701901663995e-06,0.002397512753040532
1_15um.csv,1,15,0.4799994,1.869781e-06,1.8695069016639948e-06,0.002644811240393232
1_15um.csv,1,15,0.4899998,2.028765e-06,2.0284909016639947e-06,0.002869727591260093
1_15um.csv,1,15,0.5000002,2.217767e-06,2.2174929016639946e-06,0.0031371107250756872
1_15um.csv,1,15,0.51,2.415695e-06,2.4154209016639947e-06,0.0034171215657538448
1_15um.csv,1,15,0.5200004,2.612932e-06,2.6126579016639947e-06,0.0036961548414037658
1_15um.csv,1,15,0.5300009,2.844941e-06,2.844666901663995e-06,0.004024380434219833
1_15um.csv,1,15,0.5399999,3.079141e-06,3.0788669016639946e-06,0.004355705657972027
1_15um.csv,1,15,0.549999,3.324581e-06,3.3243069016639947e-06,0.004702932228927359
1_15um.csv,1,15,0.5599988,3.591365e-06,3.5910909016639948e-06,0.005080354383041387
1_15um.csv,1,15,0.5699999,3.812311e-06,3.8120369016639946e-06,0.0053929290324314485
1_15um.csv,1,15,0.5799983,4.095471e-06,4.095196901663995e-06,0.005793518487417236
1_15um.csv,1,15,0.5900001,4.387179e-06,4.386904901663995e-06,0.006206200888656798
1_15um.csv,1,15,0.6000005,4.684152e-06,4.683877901663995e-06,0.006626331741233059
1_15um.csv,1,15,0.6099996,4.960555e-06,4.960280901663995e-06,0.007017361996659095
1_15um.csv,1,15,0.6199993,5.279282e-06,5.2790079016639954e-06,0.007468268463742211
1_15um.csv,1,15,0.6299991,5.624809e-06,5.6245349016639955e-06,0.00795708917504633
1_15um.csv,1,15,0.6400009,6.023957e-06,6.023682901663995e-06,0.008521768083715164
1_15um.csv,1,15,0.6500006,6.35917e-06,6.358895901663995e-06,0.008995997469836616
1_15um.csv,1,15,0.6599997,6.708571e-06,6.708296901663995e-06,0.009490298770025518
1_15um.csv,1,15,0.6699995,7.073281e-06,7.073006901663995e-06,0.010006257874870363
1_15um.csv,1,15,0.6800006,7.429138e-06,7.4288639016639954e-06,0.010509692546726832
1_15um.csv,1,15,0.6899997,7.804277e-06,7.804002901663995e-06,0.011040405668473946
1_15um.csv,1,15,0.7000034,8.238782e-06,8.238507901663996e-06,0.011655104500013004
1_15um.csv,1,15,0.7100012,8.585237e-06,8.584962901663995e-06,0.012145238062758804
1_15um.csv,1,15,0.7200009,8.946164e-06,8.945889901663996e-06,0.012655845317383948
1_15um.csv,1,15,0.73,9.363381e-06,9.363106901663996e-06,0.013246086631979247
1_15um.csv,1,15,0.7399991,9.785612e-06,9.785337901663995e-06,0.013843421305549327
1_15um.csv,1,15,0.7500015,1.018387e-05,1.0183595901663996e-05,0.014406841121779479
1_15um.csv,1,15,0.7600013,1.05635e-05,1.0563225901663995e-05,0.014943907708854823
1_15um.csv,1,15,0.7700011,1.096456e-05,1.0964285901663996e-05,0.015511291544200917
1_15um.csv,1,15,0.7799975,1.139992e-05,1.1399645901663996e-05,0.016127199953307473
1_15um.csv,1,15,0.7899992,1.187122e-05,1.1870945901663996e-05,0.01679395306156712
1_15um.csv,1,15,0.7999997,1.228793e-05,1.2287655901663995e-05,0.017383477117885553
1_15um.csv,1,15,0.8100001,1.271162e-05,1.2711345901663995e-05,0.017982875854228707
1_15um.csv,1,15,0.8199992,1.322057e-05,1.3220295901663995e-05,0.018702892816776444
1_15um.csv,1,15,0.8299989,1.368964e-05,1.3689365901663995e-05,0.019366491120386357
1_15um.csv,1,15,0.840002,1.41707e-05,1.4170425901663995e-05,0.020047051804153355
1_15um.csv,1,15,0.8500005,1.449473e-05,1.4494455901663996e-05,0.02050546048157617
1_15um.csv,1,15,0.8600002,1.497266e-05,1.4972385901663995e-05,0.0211815931211487
1_15um.csv,1,15,0.8700006,1.542286e-05,1.5422585901663997e-05,0.021818495835637334
1_15um.csv,1,15,0.8800017,1.585765e-05,1.5857375901663994e-05,0.022433597859698888
1_15um.csv,1,15,0.8899995,1.641455e-05,1.6414275901663995e-05,0.023221450195768902
1_15um.csv,1,15,0.8999999,1.687972e-05,1.6879445901663993e-05,0.023879531128018296
1_15um.csv,1,15,0.909997,1.738683e-05,1.7386555901663995e-05,0.02459694502305235
1_15um.csv,1,15,0.9200008,1.788985e-05,1.7889575901663995e-05,0.025308572751710886
1_15um.csv,1,15,0.9299992,1.838792e-05,1.8387645901663994e-05,0.026013197662873376
1_15um.csv,1,15,0.939999,1.89296e-05,1.8929325901663994e-05,0.026779518103531314
1_15um.csv,1,15,0.9500041,1.935305e-05,1.9352775901663994e-05,0.027378577309329206
1_15um.csv,1,15,0.9600025,1.996719e-05,1.9966915901663995e-05,0.028247407680444377
1_15um.csv,1,15,0.9700009,2.041134e-05,2.0411065901663997e-05,0.02887575139577118
1_15um.csv,1,15,0.98,2.088e-05,2.0879725901663995e-05,0.029538769668032937
1_15um.csv,1,15,0.9899998,2.136679e-05,2.1366515901663995e-05,0.03022743664356808
1_15um.csv,1,15,0.9999988,2.189993e-05,2.1899655901663994e-05,0.030981675455657085
1_20um.csv,1,20,-1.0,-9.602917e-07,-9.678640813089177e-07,-0.0013692475802792028
1_20um.csv,1,20,-0.9899998,-9.477728e-07,-9.553451813089177e-07,-0.0013515369596829973
1_20um.csv,1,20,-0.98,-9.486476e-07,-9.562199813089178e-07,-0.00135277454852048
1_20um.csv,1,20,-0.9700009,-9.404859e-07,-9.480582813089178e-07,-0.0013412281049735189
1_20um.csv,1,20,-0.9600005,-9.32468e-07,-9.400403813089178e-07,-0.0013298850968115944
1_20um.csv,1,20,-0.9499988,-9.239765e-07,-9.315488813089178e-07,-0.001317872081707018
1_20um.csv,1,20,-0.9400003,-9.198577e-07,-9.274300813089177e-07,-0.0013120451716660678
1_20um.csv,1,20,-0.9300006,-9.136741e-07,-9.212464813089178e-07,-0.0013032971671673743
1_20um.csv,1,20,-0.9200002,-9.03005e-07,-9.105773813089178e-07,-0.001288203478248781
1_20um.csv,1,20,-0.9100004,-8.940544e-07,-9.016267813089178e-07,-0.0012755409695053292
1_20um.csv,1,20,-0.9,-8.918401e-07,-8.994124813089178e-07,-0.0012724083758120992
1_20um.csv,1,20,-0.8899995,-8.860498e-07,-8.936221813089178e-07,-0.0012642167769944548
1_20um.csv,1,20,-0.8800011,-8.785579e-07,-8.861302813089178e-07,-0.0012536179066108977
1_20um.csv,1,20,-0.8700007,-8.64607e-07,-8.721793813089178e-07,-0.001233881420427958
1_20um.csv,1,20,-0.8599996,-8.604515e-07,-8.680238813089178e-07,-0.0012280025905077945
1_20um.csv,1,20,-0.8500012,-8.552418e-07,-8.628141813089178e-07,-0.001220632372667565
1_20um.csv,1,20,-0.8399994,-8.453751e-07,-8.529474813089178e-07,-0.0012066738475386331
1_20um.csv,1,20,-0.829999,-8.400194e-07,-8.475917813089178e-07,-0.0011990970819500354
1_20um.csv,1,20,-0.8200012,-8.340107e-07,-8.415830813089178e-07,-0.0011905965103362018
1_20um.csv,1,20,-0.8100001,-8.323726e-07,-8.399449813089178e-07,-0.0011882790728937234
1_20um.csv,1,20,-0.799999,-8.24416e-07,-8.319883813089178e-07,-0.0011770227864919013
1_20um.csv,1,20,-0.7900006,-8.177921e-07,-8.253644813089178e-07,-0.0011676518849137111
1_20um.csv,1,20,-0.7799995,-8.095936e-07,-8.171659813089178e-07,-0.0011560533800164764
1_20um.csv,1,20,-0.7699991,-8.054159e-07,-8.129882813089178e-07,-0.0011501431435208763
1_20um.csv,1,20,-0.7600013,-7.915174e-07,-7.990897813089178e-07,-0.0011304807881736521
1_20um.csv,1,20,-0.7499996,-7.83222e-07,-7.907943813089179e-07,-0.0011187451978187679
1_20um.csv,1,20,-0.7399992,-7.764354e-07,-7.840077813089178e-07,-0.0011091441228251013
1_20um.csv,1,20,-0.7300001,-7.650855e-07,-7.726578813089178e-07,-0.0010930872989264463
1_20um.csv,1,20,-0.7199996,-7.613802e-07,-7.689525813089178e-07,-0.0010878453717207716
1_20um.csv,1,20,-0.7099992,-7.506153e-07,-7.581876813089178e-07,-0.0010726161535261943
1_20um.csv,1,20,-0.6999995,-7.412223e-07,-7.487946813089178e-07,-0.001059327776810975
1_20um.csv,1,20,-0.6899997,-7.393312e-07,-7.469035813089178e-07,-0.0010566524175853653
1_20um.csv,1,20,-0.6799993,-7.336401e-07,-7.412124813089178e-07,-0.001048601158059763
1_20um.csv,1,20,-0.6700002,-7.211457e-07,-7.287180813089178e-07,-0.0010309251978733863
1_20um.csv,1,20,-0.6600004,-7.132971e-07,-7.208694813089178e-07,-0.0010198217002169324
1_20um.csv,1,20,-0.65,-6.948966e-07,-7.024689813089178e-07,-0.000993790317724822
1_20um.csv,1,20,-0.6400009,-6.924316e-07,-7.000039813089178e-07,-0.0009903030560828529
1_20um.csv,1,20,-0.6299992,-6.874548e-07,-6.950271813089178e-07,-0.0009832623243425885
1_20um.csv,1,20,-0.6200007,-6.825237e-07,-6.900960813089178e-07,-0.0009762862448769846
1_20um.csv,1,20,-0.6100003,-6.721221e-07,-6.796944813089178e-07,-0.0009615709910452987
1_20um.csv,1,20,-0.6000005,-6.628382e-07,-6.704105813089178e-07,-0.0009484369592571134
1_20um.csv,1,20,-0.5899995,-6.559414e-07,-6.635137813089178e-07,-0.0009386799831547473
1_20um.csv,1,20,-0.5800004,-6.448701e-07,-6.524424813089178e-07,-0.0009230172976307181
1_20um.csv,1,20,-0.5700006,-6.357344e-07,-6.433067813089178e-07,-0.0009100929259542324
1_20um.csv,1,20,-0.5600002,-6.30021e-07,-6.375933813089177e-07,-0.0009020101183821325
1_20um.csv,1,20,-0.5500004,-6.215718e-07,-6.291441813089178e-07,-0.0008900569455361589
1_20um.csv,1,20,-0.54,-6.153959e-07,-6.229682813089178e-07,-0.0008813198343091257
1_20um.csv,1,20,-0.5300009,-6.101595e-07,-6.177318813089178e-07,-0.0008739118436957355
1_20um.csv,1,20,-0.5199998,-6.036705e-07,-6.112428813089178e-07,-0.0008647317865781948
1_20um.csv,1,20,-0.5099994,-5.926861e-07,-6.002584813089178e-07,-0.0008491920394057629
1_20um.csv,1,20,-0.5000003,-5.785803e-07,-5.861526813089178e-07,-0.000829236414550068
1_20um.csv,1,20,-0.4900012,-5.760117e-07,-5.835840813089178e-07,-0.0008256025888893938
1_20um.csv,1,20,-0.4800001,-5.655622e-07,-5.731345813089178e-07,-0.0008108195704197161
1_20um.csv,1,20,-0.4700003,-5.567575e-07,-5.643298813089178e-07,-0.0007983634679535719
1_20um.csv,1,20,-0.4600006,-5.477133e-07,-5.552856813089178e-07,-0.0007855685422974678
1_20um.csv,1,20,-0.4500002,-5.383135e-07,-5.458858813089179e-07,-0.0007722705455501328
1_20um.csv,1,20,-0.4400011,-5.277258e-07,-5.352981813089178e-07,-0.0007572920140748077
1_20um.csv,1,20,-0.43,-5.173298e-07,-5.249021813089178e-07,-0.0007425846826225113
1_20um.csv,1,20,-0.4200002,-5.106603e-07,-5.182326813089178e-07,-0.0007331492702407212
1_20um.csv,1,20,-0.4100005,-5.006042e-07,-5.081765813089178e-07,-0.0007189227989231531
1_20um.csv,1,20,-0.4,-4.892253e-07,-4.967976813089178e-07,-0.0007028249484169454
1_20um.csv,1,20,-0.3900009,-4.811182e-07,-4.886905813089178e-07,-0.0006913557480690315
1_20um.csv,1,20,-0.3799999,-4.701304e-07,-4.777027813089178e-07,-0.0006758111908805415
1_20um.csv,1,20,-0.3700001,-4.639323e-07,-4.7150468130891773e-07,-0.0006670426730780714
1_20um.csv,1,20,-0.3600003,-4.557974e-07,-4.6336978130891773e-07,-0.0006555341437753313
1_20um.csv,1,20,-0.3500006,-4.454092e-07,-4.529815813089178e-07,-0.000640837847065756
1_20um.csv,1,20,-0.3400002,-4.38042e-07,-4.456143813089178e-07,-0.000630415391094675
1_20um.csv,1,20,-0.3299991,-4.253649e-07,-4.3293728130891773e-07,-0.000612480963280717
1_20um.csv,1,20,-0.32,-4.128059e-07,-4.2037828130891775e-07,-0.0005947136127892405
1_20um.csv,1,20,-0.3100002,-4.042842e-07,-4.1185658130891776e-07,-0.0005826578734243854
1_20um.csv,1,20,-0.2999998,-3.964992e-07,-4.0407158130891774e-07,-0.0005716443513624262
1_20um.csv,1,20,-0.29,-3.837084e-07,-3.9128078130891775e-07,-0.0005535490709526501
1_20um.csv,1,20,-0.2799996,-3.745237e-07,-3.8209608130891777e-07,-0.0005405553784565068
1_20um.csv,1,20,-0.2699998,-3.650805e-07,-3.7265288130891775e-07,-0.0005271959832689033
1_20um.csv,1,20,-0.2600001,-3.535033e-07,-3.6107568130891774e-07,-0.0005108175956496723
1_20um.csv,1,20,-0.250001,-3.399714e-07,-3.4754378130891774e-07,-0.0004916738732103369
1_20um.csv,1,20,-0.2400006,-3.314086e-07,-3.3898098130891773e-07,-0.00047955998923960555
1_20um.csv,1,20,-0.2300001,-3.209134e-07,-3.2848578130891773e-07,-0.00046471231849526726
1_20um.csv,1,20,-0.2199997,-3.100716e-07,-3.1764398130891775e-07,-0.0004493743090551454
1_20um.csv,1,20,-0.2100013,-3.015277e-07,-3.0910008130891774e-07,-0.00043728716311485345
1_20um.csv,1,20,-0.1999995,-2.885152e-07,-2.9608758130891775e-07,-0.0004188782413638909
1_20um.csv,1,20,-0.1900004,-2.779063e-07,-2.8547868130891775e-07,-0.0004038697180237344
1_20um.csv,1,20,-0.1800007,-2.691518e-07,-2.7672418130891776e-07,-0.00039148463402997446
1_20um.csv,1,20,-0.1700003,-2.599693e-07,-2.6754168130891777e-07,-0.0003784940538971626
1_20um.csv,1,20,-0.1599992,-2.456017e-07,-2.5317408130891775e-07,-0.00035816805780501047
1_20um.csv,1,20,-0.1500001,-2.327095e-07,-2.4028188130891776e-07,-0.00033992932573986086
1_20um.csv,1,20,-0.1400003,-2.231526e-07,-2.3072498130891774e-07,-0.0003264090779564392
1_20um.csv,1,20,-0.1299999,-2.103584e-07,-2.1793078130891775e-07,-0.0003083089875306052
1_20um.csv,1,20,-0.1200015,-1.993083e-07,-2.0688068130891775e-07,-0.0002926762938714074
1_20um.csv,1,20,-0.1099997,-1.845428e-07,-1.9211518130891775e-07,-0.0002717873844294218
1_20um.csv,1,20,-0.09999994,-1.698899e-07,-1.7746228130891775e-07,-0.0002510577714015886
1_20um.csv,1,20,-0.09000085,-1.561207e-07,-1.6369308130891774e-07,-0.00023157833813562483
1_20um.csv,1,20,-0.07999976,-1.421821e-07,-1.4975448130891774e-07,-0.00021185925289312978
1_20um.csv,1,20,-0.07,-1.268806e-07,-1.3445298130891774e-07,-0.00019021205856672413
1_20um.csv,1,20,-0.05999957,-1.100769e-07,-1.1764928130891774e-07,-0.00016643968596909497
1_20um.csv,1,20,-0.05000048,-9.421047e-08,-1.0178285130891775e-07,-0.00014399327918045908
1_20um.csv,1,20,-0.04000006,-7.614867e-08,-8.372105130891775e-08,-0.00011844105917035067
1_20um.csv,1,20,-0.0300003,-5.811251e-08,-6.568489130891776e-08,-9.292511234016119e-05
1_20um.csv,1,20,-0.02000054,-3.702185e-08,-4.4594231308917746e-08,-6.308793196620106e-05
1_20um.csv,1,20,-0.009999447,-1.614737e-08,-2.3719751308917753e-08,-3.355658373088635e-05
1_20um.csv,1,20,-1.022334e-06,7.569876e-09,-2.5053089177526814e-12,-3.5442870954004075e-09
1_20um.csv,1,20,0.01000007,3.207833e-08,2.4505948691082245e-08,3.466882550526312e-05
1_20um.csv,1,20,0.01999983,5.96268e-08,5.205441869108225e-08,7.364193817298565e-05
1_20um.csv,1,20,0.02999825,8.904185e-08,8.146946869108225e-08,0.0001152557213622768
1_20um.csv,1,20,0.04000068,1.215047e-07,1.1393231869108225e-07,0.00016118125953428332
1_20um.csv,1,20,0.04999977,1.567201e-07,1.4914771869108226e-07,0.00021100085938280182
1_20um.csv,1,20,0.05999953,1.965846e-07,1.8901221869108224e-07,0.0002673975903062406
1_20um.csv,1,20,0.06999929,2.378288e-07,2.3025641869108225e-07,0.0003257461974517583
1_20um.csv,1,20,0.08000038,2.870039e-07,2.794315186910822e-07,0.00039531473293654285
1_20um.csv,1,20,0.08999814,3.362058e-07,3.2863341869108223e-07,0.0004649211826655484
1_20um.csv,1,20,0.1000006,3.931615e-07,3.8558911869108225e-07,0.000545497015485629
1_20um.csv,1,20,0.1099997,4.54032e-07,4.4645961869108225e-07,0.0006316111573831864
1_20um.csv,1,20,0.1199994,5.248082e-07,5.172358186910822e-07,0.0007317389981232806
1_20um.csv,1,20,0.1299992,5.98269e-07,5.906966186910822e-07,0.0008356647709542593
1_20um.csv,1,20,0.1399989,6.792116e-07,6.716392186910822e-07,0.000950175125591682
1_20um.csv,1,20,0.15,7.599459e-07,7.523735186910822e-07,0.0010643907960100284
1_20um.csv,1,20,0.1600004,8.585513e-07,8.509789186910822e-07,0.0012038889011260602
1_20um.csv,1,20,0.1699989,9.569384e-07,9.493660186910823e-07,0.0013430781749169637
1_20um.csv,1,20,0.1799993,1.065301e-06,1.0577286186910822e-06,0.0014963798943506508
1_20um.csv,1,20,0.1899991,1.177493e-06,1.1699206186910822e-06,0.0016550991065761255
1_20um.csv,1,20,0.1999995,1.302908e-06,1.2953356186910823e-06,0.0018325250371349707
1_20um.csv,1,20,0.2099999,1.428782e-06,1.4212096186910821e-06,0.00201060031986163
1_20um.csv,1,20,0.2199997,1.566678e-06,1.5591056186910822e-06,0.0022056832534847414
1_20um.csv,1,20,0.2299994,1.712004e-06,1.7044316186910822e-06,0.0024112774869049437
1_20um.csv,1,20,0.2399992,1.872546e-06,1.8649736186910823e-06,0.0026383979568948023
1_20um.csv,1,20,0.2500009,2.036921e-06,2.029348618691082e-06,0.0028709410126346265
1_20um.csv,1,20,0.2599994,2.207517e-06,2.199944618691082e-06,0.003112284983049782
1_20um.csv,1,20,0.2699998,2.381156e-06,2.373583618691082e-06,0.003357933917836747
1_20um.csv,1,20,0.2799989,2.560254e-06,2.552681618691082e-06,0.003611305757817834
1_20um.csv,1,20,0.29,2.753557e-06,2.7459846186910823e-06,0.003884773561946658
1_20um.csv,1,20,0.2999997,2.946826e-06,2.9392536186910824e-06,0.004158193265914902
1_20um.csv,1,20,0.3099995,3.168524e-06,3.1609516186910823e-06,0.00447183177768012
1_20um.csv,1,20,0.3200006,3.380895e-06,3.3733226186910824e-06,0.004772275283630066
1_20um.csv,1,20,0.330001,3.586358e-06,3.5787856186910824e-06,0.005062945968718867
1_20um.csv,1,20,0.3399994,3.816665e-06,3.8090926186910825e-06,0.0053887637240847795
1_20um.csv,1,20,0.3499999,4.045828e-06,4.038255618691083e-06,0.005712963050518273
1_20um.csv,1,20,0.360001,4.295169e-06,4.287596618691083e-06,0.006065708407544729
1_20um.csv,1,20,0.37,4.530108e-06,4.522535618691083e-06,0.006398079102434211
1_20um.csv,1,20,0.3799991,4.78037e-06,4.772797618691082e-06,0.0067521274079281116
1_20um.csv,1,20,0.3899996,5.027038e-06,5.019465618691083e-06,0.007101091243506705
1_20um.csv,1,20,0.4,5.276885e-06,5.269312618691083e-06,0.007454552444099423
1_20um.csv,1,20,0.4099991,5.553479e-06,5.545906618691083e-06,0.007845852909251065
1_20um.csv,1,20,0.4199982,5.847206e-06,5.839633618691083e-06,0.008261391611202647
1_20um.csv,1,20,0.4299999,6.129985e-06,6.122412618691083e-06,0.008661442061447831
1_20um.csv,1,20,0.439999,6.462234e-06,6.454661618691083e-06,0.00913147824533529
1_20um.csv,1,20,0.4500015,6.786697e-06,6.7791246186910825e-06,0.009590499492450184
1_20um.csv,1,20,0.4600012,7.026115e-06,7.018542618691082e-06,0.00992920667614063
1_20um.csv,1,20,0.4699996,7.327328e-06,7.319755618691083e-06,0.0103553359016832
1_20um.csv,1,20,0.4800001,7.660545e-06,7.652972618691082e-06,0.010826741525436553
1_20um.csv,1,20,0.4899998,7.975574e-06,7.968001618691081e-06,0.01127241639270141
1_20um.csv,1,20,0.4999989,8.245207e-06,8.237634618691081e-06,0.011653869057329827
1_20um.csv,1,20,0.5099993,8.563238e-06,8.555665618691082e-06,0.012103790885831684
1_20um.csv,1,20,0.5199991,8.894173e-06,8.886600618691082e-06,0.012571968139983828
1_20um.csv,1,20,0.5299995,9.236908e-06,9.229335618691082e-06,0.013056838979278057
1_20um.csv,1,20,0.5400026,9.596299e-06,9.588726618691082e-06,0.013565273238413519
1_20um.csv,1,20,0.5499977,9.963797e-06,9.956224618691081e-06,0.014085176556425832
1_20um.csv,1,20,0.5600001,1.030609e-05,1.0298517618691082e-05,0.014569422093632536
1_20um.csv,1,20,0.5700006,1.059774e-05,1.0590167618691081e-05,0.01498202244165699
1_20um.csv,1,20,0.580001,1.096898e-05,1.0961407618691082e-05,0.015507219606754193
1_20um.csv,1,20,0.5900007,1.136046e-05,1.1352887618691081e-05,0.016061050514501882
1_20um.csv,1,20,0.5999998,1.166412e-05,1.1656547618691082e-05,0.01649064153689553
1_20um.csv,1,20,0.6100003,1.201882e-05,1.2011247618691082e-05,0.016992439388581707
1_20um.csv,1,20,0.6199987,1.245804e-05,1.2450467618691081e-05,0.01761380858062457
1_20um.csv,1,20,0.6300018,1.282017e-05,1.2812597618691081e-05,0.018126117732107844
1_20um.csv,1,20,0.6400009,1.323478e-05,1.3227207618691081e-05,0.018712670896155227
1_20um.csv,1,20,0.6500013,1.366731e-05,1.3659737618691081e-05,0.019324575674248893
1_20um.csv,1,20,0.6600011,1.408781e-05,1.4080237618691082e-05,0.019919461483761267
1_20um.csv,1,20,0.6699995,1.445725e-05,1.4449677618691081e-05,0.020442112169769
1_20um.csv,1,20,0.6799966,1.483145e-05,1.4823877618691082e-05,0.020971496878257775
1_20um.csv,1,20,0.6899997,1.522868e-05,1.5221107618691082e-05,0.021533462371985716
1_20um.csv,1,20,0.7000014,1.569091e-05,1.5683337618691083e-05,0.022187384055055645
1_20um.csv,1,20,0.7099978,1.610703e-05,1.6099457618691082e-05,0.02277607343211697
1_20um.csv,1,20,0.7199996,1.651415e-05,1.6506577618691082e-05,0.023352030413730948
1_20um.csv,1,20,0.7299994,1.695597e-05,1.6948397618691083e-05,0.023977077853347496
1_20um.csv,1,20,0.7400011,1.741644e-05,1.7408867618691084e-05,0.024628509645752163
1_20um.csv,1,20,0.7500009,1.770013e-05,1.7692557618691082e-05,0.025029848897358736
1_20um.csv,1,20,0.7600006,1.81734e-05,1.8165827618691085e-05,0.02569938898551075
1_20um.csv,1,20,0.7699977,1.859187e-05,1.8584297618691082e-05,0.02629140293249444
1_20um.csv,1,20,0.7800008,1.906167e-05,1.9054097618691082e-05,0.026956033974846194
1_20um.csv,1,20,0.7899992,1.953935e-05,1.9531777618691085e-05,0.027631812936767412
1_20um.csv,1,20,0.7999997,1.995651e-05,1.9948937618691082e-05,0.02822197361285821
1_20um.csv,1,20,0.8100014,2.044727e-05,2.0439697618691085e-05,0.028916256989496243
1_20um.csv,1,20,0.8200039,2.088891e-05,2.0881337618691083e-05,0.029541049781203838
1_20um.csv,1,20,0.8299996,2.135772e-05,2.1350147618691082e-05,0.030204280260056383
1_20um.csv,1,20,0.84,2.188524e-05,2.1877667618691085e-05,0.030950568398543824
1_20um.csv,1,20,0.8499991,2.241759e-05,2.2410017618691083e-05,0.03170368958925467
1_20um.csv,1,20,0.8599982,2.287793e-05,2.2870357618691082e-05,0.03235493746928065
1_20um.csv,1,20,0.8699993,2.327887e-05,2.3271297618691083e-05,0.032922151539354114
1_20um.csv,1,20,0.8799991,2.375939e-05,2.3751817618691084e-05,0.03360194827939427
1_20um.csv,1,20,0.8899988,2.423073e-05,2.4223157618691084e-05,0.03426875797607813
1_20um.csv,1,20,0.8999993,2.472936e-05,2.4721787618691085e-05,0.03497417512517957
1_20um.csv,1,20,0.910001,2.523169e-05,2.5224117618691084e-05,0.035684826703520474
1_20um.csv,1,20,0.9199994,2.56923e-05,2.5684727618691085e-05,0.036336456555409874
1_20um.csv,1,20,0.9299999,2.627755e-05,2.6269977618691084e-05,0.037164415937139046
1_20um.csv,1,20,0.940001,2.678113e-05,2.6773557618691082e-05,0.03787683590373653
1_20um.csv,1,20,0.9499974,2.729597e-05,2.7288397618691082e-05,0.03860518551174925
1_20um.csv,1,20,0.9600018,2.78763e-05,2.7868727618691083e-05,0.03942618451730053
1_20um.csv,1,20,0.9700002,2.849305e-05,2.8485477618691083e-05,0.04029870728309544
1_20um.csv,1,20,0.980002,2.905107e-05,2.9043497618691082e-05,0.04108814409504334
1_20um.csv,1,20,0.9899958,2.948091e-05,2.9473337618691085e-05,0.04169624330160886
1_20um.csv,1,20,1.0,3.012428e-05,3.0116707618691084e-05,0.042606425663715815
1_25um.csv,1,25,-1.0,-9.394926e-10,-9.516749143405784e-10,-1.3463445940787475e-06
1_25um.csv,1,25,-0.9899991,-9.628945e-10,-9.750768143405783e-10,-1.3794515101920115e-06
1_25um.csv,1,25,-0.9800007,-9.428357e-10,-9.550180143405785e-10,-1.3510741131031966e-06
1_25um.csv,1,25,-0.9700009,-9.027182e-10,-9.149005143405785e-10,-1.2943194603966267e-06
1_25um.csv,1,25,-0.9600005,-8.882313e-10,-9.004136143405785e-10,-1.273824689329267e-06
1_25um.csv,1,25,-0.9499994,-9.116332e-10,-9.238155143405784e-10,-1.306931605442531e-06
1_25um.csv,1,25,-0.9399997,-9.205482e-10,-9.327305143405785e-10,-1.3195437504884355e-06
1_25um.csv,1,25,-0.9299999,-9.038326e-10,-9.160149143405784e-10,-1.2958960138951298e-06
1_25um.csv,1,25,-0.9200002,-8.559144e-10,-8.680967143405784e-10,-1.2281056281700982e-06
1_25um.csv,1,25,-0.9100011,-8.726301e-10,-8.848124143405785e-10,-1.2517535062344646e-06
1_25um.csv,1,25,-0.9,-8.938032e-10,-9.059855143405785e-10,-1.2817073153507224e-06
1_25um.csv,1,25,-0.8899995,-8.425419e-10,-8.547242143405784e-10,-1.2091874106012416e-06
1_25um.csv,1,25,-0.8800005,-8.113394e-10,-8.235217143405785e-10,-1.1650449029405762e-06
1_25um.csv,1,25,-0.87,-8.146826e-10,-8.268649143405785e-10,-1.1697745634360858e-06
1_25um.csv,1,25,-0.8600003,-7.678788e-10,-7.800611143405784e-10,-1.1035607312095573e-06
1_25um.csv,1,25,-0.8500005,-8.124538e-10,-8.246361143405785e-10,-1.1666214564390793e-06
1_25um.csv,1,25,-0.8399994,-7.823657e-10,-7.945480143405785e-10,-1.1240555022769172e-06
1_25um.csv,1,25,-0.8299997,-7.623069e-10,-7.744892143405784e-10,-1.095678105188102e-06
1_25um.csv,1,25,-0.8200006,-8.492282e-10,-8.614105143405785e-10,-1.2186465901212003e-06
1_25um.csv,1,25,-0.8099995,-7.667644e-10,-7.789467143405785e-10,-1.1019841777110542e-06
1_25um.csv,1,25,-0.7999997,-7.199607e-10,-7.321430143405784e-10,-1.0357704869555861e-06
1_25um.csv,1,25,-0.7900013,-7.077025e-10,-7.198848143405785e-10,-1.0184286814141722e-06
1_25um.csv,1,25,-0.7799995,-7.021307e-10,-7.143130143405785e-10,-1.0105461968637775e-06
1_25um.csv,1,25,-0.7700004,-8.046532e-10,-8.168355143405785e-10,-1.1555858648916781e-06
1_25um.csv,1,25,-0.7600007,-7.611925e-10,-7.733748143405785e-10,-1.0941015516895988e-06
1_25um.csv,1,25,-0.7500003,-7.444769e-10,-7.566592143405785e-10,-1.070453815096293e-06
1_25um.csv,1,25,-0.7399998,-7.979669e-10,-8.101492143405785e-10,-1.1461266853717196e-06
1_25um.csv,1,25,-0.7300001,-7.366763e-10,-7.488586143405785e-10,-1.0594182235488919e-06
1_25um.csv,1,25,-0.7199996,-7.277613e-10,-7.399436143405784e-10,-1.0468060785029873e-06
1_25um.csv,1,25,-0.7100012,-6.686994e-10,-6.808817143405785e-10,-9.632505822061056e-07
1_25um.csv,1,25,-0.7000015,-6.4084e-10,-6.530223143405785e-10,-9.238375935698892e-07
1_25um.csv,1,25,-0.6899997,-6.263531e-10,-6.385354143405784e-10,-9.033428225025293e-07
1_25um.csv,1,25,-0.6799999,-6.742713e-10,-6.864536143405785e-10,-9.71133208227561e-07
1_25um.csv,1,25,-0.6700002,-6.007225e-10,-6.129048143405785e-10,-8.670829408633194e-07
1_25um.csv,1,25,-0.6599998,-6.174381e-10,-6.296204143405785e-10,-8.90730677456625e-07
1_25um.csv,1,25,-0.65,-6.040656e-10,-6.162479143405785e-10,-8.718124598877683e-07
1_25um.csv,1,25,-0.6400009,-5.828925e-10,-5.950748143405785e-10,-8.418586507715105e-07
1_25um.csv,1,25,-0.6299998,-5.5169e-10,-5.638723143405785e-10,-7.97716143110845e-07
1_25um.csv,1,25,-0.6199994,-5.851213e-10,-5.973036143405785e-10,-8.450117577685168e-07
1_25um.csv,1,25,-0.610001,-5.628338e-10,-5.750161143405784e-10,-8.134813951537557e-07
1_25um.csv,1,25,-0.5999999,-5.5169e-10,-5.638723143405785e-10,-7.97716143110845e-07
1_25um.csv,1,25,-0.5900008,-5.60605e-10,-5.727873143405785e-10,-8.103282881567495e-07
1_25um.csv,1,25,-0.5800004,-5.037719e-10,-5.159542143405785e-10,-7.299258988568739e-07
1_25um.csv,1,25,-0.5699999,-5.505756e-10,-5.627579143405785e-10,-7.961395896123418e-07
1_25um.csv,1,25,-0.5599995,-4.658831e-10,-4.780654143405785e-10,-6.763242116762499e-07
1_25um.csv,1,25,-0.5500004,-5.171444e-10,-5.293267143405785e-10,-7.488441164257305e-07
1_25um.csv,1,25,-0.5399987,-5.104581e-10,-5.226404143405785e-10,-7.39384936905772e-07
1_25um.csv,1,25,-0.5300009,-4.8037e-10,-4.925523143405784e-10,-6.968189827436097e-07
1_25um.csv,1,25,-0.5200005,-4.993144e-10,-5.114967143405784e-10,-7.236198263339216e-07
1_25um.csv,1,25,-0.5099987,-4.881706e-10,-5.003529143405784e-10,-7.078545742910109e-07
1_25um.csv,1,25,-0.5000003,-4.424812e-10,-4.5466351434057844e-10,-6.432172955629856e-07
1_25um.csv,1,25,-0.4900012,-4.848275e-10,-4.970098143405785e-10,-7.031250552665619e-07
1_25um.csv,1,25,-0.4799988,-4.413669e-10,-4.5354921434057846e-10,-6.41640883535543e-07
1_25um.csv,1,25,-0.4700003,-4.502819e-10,-4.6246421434057847e-10,-6.542530285814475e-07
1_25um.csv,1,25,-0.4599999,-4.302231e-10,-4.4240541434057846e-10,-6.258756314926323e-07
1_25um.csv,1,25,-0.4499995,-4.068212e-10,-4.190035143405785e-10,-5.92768715379368e-07
1_25um.csv,1,25,-0.4400004,-3.901056e-10,-4.0228791434057847e-10,-5.691209787860624e-07
1_25um.csv,1,25,-0.43,-3.967919e-10,-4.089742143405785e-10,-5.78580158306021e-07
1_25um.csv,1,25,-0.4199996,-3.9122e-10,-4.034023143405785e-10,-5.706975322845656e-07
1_25um.csv,1,25,-0.4100005,-4.591969e-10,-4.713792143405784e-10,-6.668651736273518e-07
1_25um.csv,1,25,-0.4000007,-4.380237e-10,-4.5020601434057846e-10,-6.369112230400335e-07
1_25um.csv,1,25,-0.3899996,-4.246512e-10,-4.3683351434057846e-10,-6.179930054711769e-07
1_25um.csv,1,25,-0.3799992,-4.825987e-10,-4.947810143405784e-10,-6.999719482695555e-07
1_25um.csv,1,25,-0.3699994,-4.045925e-10,-4.167748143405785e-10,-5.896157498534222e-07
1_25um.csv,1,25,-0.3599997,-3.277006e-10,-3.3988291434057847e-10,-4.808359634647314e-07
1_25um.csv,1,25,-0.3500006,-3.388443e-10,-3.510266143405785e-10,-4.966010740365818e-07
1_25um.csv,1,25,-0.3399995,-3.934487e-10,-4.056310143405785e-10,-5.738504978105115e-07
1_25um.csv,1,25,-0.3300011,-4.045925e-10,-4.167748143405785e-10,-5.896157498534222e-07
1_25um.csv,1,25,-0.32,-3.655894e-10,-3.7777171434057846e-10,-5.344376506453555e-07
1_25um.csv,1,25,-0.3099995,-4.213081e-10,-4.3349041434057845e-10,-6.132634864467278e-07
1_25um.csv,1,25,-0.2999998,-3.522169e-10,-3.6439921434057846e-10,-5.155194330764989e-07
1_25um.csv,1,25,-0.2900007,-2.820112e-10,-2.941935143405785e-10,-4.1619868473670624e-07
1_25um.csv,1,25,-0.2800003,-3.087562e-10,-3.2093851434057847e-10,-4.5403511987441947e-07
1_25um.csv,1,25,-0.2699998,-3.511025e-10,-3.6328481434057845e-10,-5.139428795779957e-07
1_25um.csv,1,25,-0.2600007,-3.533312e-10,-3.6551351434057845e-10,-5.170958451039415e-07
1_25um.csv,1,25,-0.2500003,-3.566744e-10,-3.6885671434057844e-10,-5.21825505599451e-07
1_25um.csv,1,25,-0.2400006,-3.488737e-10,-3.6105601434057846e-10,-5.107897725809893e-07
1_25um.csv,1,25,-0.2300015,-2.987268e-10,-3.109091143405785e-10,-4.398464213300119e-07
1_25um.csv,1,25,-0.2199997,-1.906324e-10,-2.0281471434057845e-10,-2.869241272806557e-07
1_25um.csv,1,25,-0.21,-2.630668e-10,-2.752491143405785e-10,-3.893978411463942e-07
1_25um.csv,1,25,-0.2000002,-3.28815e-10,-3.409973143405785e-10,-4.824125169632347e-07
1_25um.csv,1,25,-0.1900004,-2.686387e-10,-2.808210143405785e-10,-3.972804671678496e-07
1_25um.csv,1,25,-0.1800007,-2.6641e-10,-2.785923143405785e-10,-3.941275016419038e-07
1_25um.csv,1,25,-0.1699996,-2.998412e-10,-3.1202351434057846e-10,-4.4142297482851504e-07
1_25um.csv,1,25,-0.1600005,-2.619525e-10,-2.7413481434057845e-10,-3.878214291189515e-07
1_25um.csv,1,25,-0.1500001,-1.594299e-10,-1.7161221434057847e-10,-2.4278161961999027e-07
1_25um.csv,1,25,-0.1400003,-1.683449e-10,-1.8052721434057844e-10,-2.5539376466589464e-07
1_25um.csv,1,25,-0.1300006,-2.084625e-10,-2.2064481434057846e-10,-3.121485588435251e-07
1_25um.csv,1,25,-0.1200008,-2.084625e-10,-2.2064481434057846e-10,-3.121485588435251e-07
1_25um.csv,1,25,-0.1099997,-1.995475e-10,-2.1172981434057844e-10,-2.995364137976206e-07
1_25um.csv,1,25,-0.1000006,-2.630668e-10,-2.752491143405785e-10,-3.893978411463942e-07
1_25um.csv,1,25,-0.09000018,-1.906324e-10,-2.0281471434057845e-10,-2.869241272806557e-07
1_25um.csv,1,25,-0.08000042,-1.159693e-10,-1.2815161434057847e-10,-1.8129744788897137e-07
1_25um.csv,1,25,-0.06999933,-7.250868e-11,-8.469099434057846e-11,-1.1981324786374037e-07
1_25um.csv,1,25,-0.06000024,-9.813931e-11,-1.1032162434057845e-10,-1.5607317194426858e-07
1_25um.csv,1,25,-0.04999982,-1.259987e-10,-1.3818101434057845e-10,-1.9548614643337894e-07
1_25um.csv,1,25,-0.03999939,-1.081687e-10,-1.2035101434057847e-10,-1.7026185634157014e-07
1_25um.csv,1,25,-0.0300003,-8.253806e-11,-9.472037434057845e-11,-1.3400191811393586e-07
1_25um.csv,1,25,-0.01999987,3.268834e-12,-8.913480340578456e-12,-1.260999516760437e-08
1_25um.csv,1,25,-0.009999447,-3.684867e-11,-4.903098434057846e-11,-6.936465353301666e-08
1_25um.csv,1,25,3.111451e-07,1.218384e-11,1.5256594215453814e-15,2.1583665636770585e-12
1_25um.csv,1,25,0.009999403,7.793197e-11,6.574965565942154e-11,9.301673515366175e-08
1_25um.csv,1,25,0.0200005,1.358795e-10,1.2369718565942153e-10,1.7499572039335858e-07
1_25um.csv,1,25,0.02999959,2.74062e-10,2.6187968565942153e-10,3.70483968604877e-07
1_25um.csv,1,25,0.03999935,3.164083e-10,3.0422598565942156e-10,4.303917283084533e-07
1_25um.csv,1,25,0.04999977,4.891364e-10,4.769540856594216e-10,6.747520032050862e-07
1_25um.csv,1,25,0.05999953,6.808089e-10,6.686265856594215e-10,9.459131216920311e-07
1_25um.csv,1,25,0.06999996,9.738896e-10,9.617072856594215e-10,1.360537496179434e-06
1_25um.csv,1,25,0.08000105,1.343862e-09,1.3316796856594216e-09,1.8839413741134067e-06
1_25um.csv,1,25,0.09000081,1.889906e-09,1.8777236856594215e-09,2.6564356118527036e-06
1_25um.csv,1,25,0.09999923,2.551845e-09,2.5396626856594215e-09,3.5928877351887575e-06
1_25um.csv,1,25,0.109999,3.444459e-09,3.4322766856594214e-09,4.85567822739346e-06
1_25um.csv,1,25,0.1199987,4.864173e-09,4.851990685659422e-09,6.8641626796313895e-06
1_25um.csv,1,25,0.1299992,6.54688e-09,6.534697685659421e-09,9.244706118078801e-06
1_25um.csv,1,25,0.1400003,9.047538e-09,9.035355685659422e-09,1.2782413510810292e-05
1_25um.csv,1,25,0.15,1.231377e-08,1.2301587685659422e-08,1.7403186560454093e-05
1_25um.csv,1,25,0.1599998,1.729837e-08,1.728618768565942e-08,2.4454953043439523e-05
1_25um.csv,1,25,0.1700002,2.300286e-08,2.299067768565942e-08,3.2525155544046506e-05
1_25um.csv,1,25,0.18,3.176408e-08,3.175189768565942e-08,4.491974639307384e-05
1_25um.csv,1,25,0.1900017,4.305158e-08,4.303939768565942e-08,6.088829234996067e-05
1_25um.csv,1,25,0.2000008,5.912087e-08,5.9108687685659426e-08,8.36216873319799e-05
1_25um.csv,1,25,0.2100006,7.946268e-08,7.945049768565942e-08,0.00011239946166919009
1_25um.csv,1,25,0.2200017,1.093469e-07,1.0933471768565942e-07,0.00015467698463315167
1_25um.csv,1,25,0.2300014,1.463943e-07,1.4638211768565943e-07,0.00020708833431050885
1_25um.csv,1,25,0.2399999,1.977191e-07,1.977069176856594e-07,0.00027969807318342356
1_25um.csv,1,25,0.2500023,2.612841e-07,2.6127191768565943e-07,0.0003696241528068576
1_25um.csv,1,25,0.260002,3.409241e-07,3.409119176856594e-07,0.00048229170540986684
1_25um.csv,1,25,0.2700038,4.441041e-07,4.4409191768565943e-07,0.000628261545660727
1_25um.csv,1,25,0.2800042,5.620707e-07,5.620585176856595e-07,0.0007951501457473437
1_25um.csv,1,25,0.2900046,7.053927e-07,7.053805176856595e-07,0.0009979092991146026
1_25um.csv,1,25,0.3000057,8.680135e-07,8.680013176856595e-07,0.001227970669510678
1_25um.csv,1,25,0.3100042,1.060941e-06,1.0609288176856593e-06,0.0015009072498072256
1_25um.csv,1,25,0.3200039,1.26707e-06,1.2670578176856593e-06,0.0017925201321591303
1_25um.csv,1,25,0.3300063,1.496789e-06,1.4967768176856593e-06,0.002117506037689149
1_25um.csv,1,25,0.3400021,1.740421e-06,1.7404088176856594e-06,0.002462174811870168
1_25um.csv,1,25,0.3500039,2.001913e-06,2.0019008176856594e-06,0.002832110317461154
1_25um.csv,1,25,0.3600043,2.285394e-06,2.2853818176856594e-06,0.00323315389455123
1_25um.csv,1,25,0.3700007,2.578467e-06,2.5784548176856595e-06,0.0036477673757669723
1_25um.csv,1,25,0.3800051,2.876022e-06,2.876009817685659e-06,0.004068721589915496
1_25um.csv,1,25,0.3900062,3.193702e-06,3.1936898176856594e-06,0.004518146854994903
1_25um.csv,1,25,0.400006,3.509428e-06,3.5094158176856595e-06,0.00496480777555163
1_25um.csv,1,25,0.4100031,3.851266e-06,3.85125381768566e-06,0.00544840961943294
1_25um.csv,1,25,0.4200028,4.186994e-06,4.18698181768566e-06,0.005923367581516102
1_25um.csv,1,25,0.4300053,4.537135e-06,4.53712281768566e-06,0.006418715767552896
1_25um.csv,1,25,0.4400044,4.888797e-06,4.88878481768566e-06,0.006916215728420293
1_25um.csv,1,25,0.4500028,5.245307e-06,5.24529481768566e-06,0.007420574206301996
1_25um.csv,1,25,0.4599985,5.618331e-06,5.61831881768566e-06,0.007948295215118983
1_25um.csv,1,25,0.4700023,5.969136e-06,5.96912381768566e-06,0.008444582768997672
1_25um.csv,1,25,0.4800034,6.358773e-06,6.35876081768566e-06,0.008995806365099866
1_25um.csv,1,25,0.4900032,6.73215e-06,6.73213781768566e-06,0.00952402676676051
1_25um.csv,1,25,0.5000009,7.139324e-06,7.13931181768566e-06,0.010100060142747171
1_25um.csv,1,25,0.5100027,7.502436e-06,7.5024238176856595e-06,0.010613758540044808
1_25um.csv,1,25,0.5200024,7.931854e-06,7.93184181768566e-06,0.011221260738734902
1_25um.csv,1,25,0.5300029,8.302003e-06,8.301990817685658e-06,0.011744914454561762
1_25um.csv,1,25,0.5400039,8.709894e-06,8.709881817685659e-06,0.012321962178052396
1_25um.csv,1,25,0.5500024,9.092184e-06,9.09217181768566e-06,0.012862791895337736
1_25um.csv,1,25,0.5600021,9.504533e-06,9.50452081768566e-06,0.013446146398706626
1_25um.csv,1,25,0.5700026,9.921661e-06,9.921648817685659e-06,0.014036261804058058
1_25um.csv,1,25,0.5799616,1.027854e-05,1.0278527817685658e-05,0.0145411423101531
1_25um.csv,1,25,0.5899987,1.068422e-05,1.0684207817685659e-05,0.015115062108495501
1_25um.csv,1,25,0.5999998,1.110434e-05,1.110432781768566e-05,0.015709410327977878
1_25um.csv,1,25,0.6099983,1.154653e-05,1.154651781768566e-05,0.01633498121051837
1_25um.csv,1,25,0.620002,1.195031e-05,1.195029781768566e-05,0.016906213058710772
1_25um.csv,1,25,0.6300051,1.242459e-05,1.242457781768566e-05,0.017577182004574095
1_25um.csv,1,25,0.6400035,1.281363e-05,1.2813617817685658e-05,0.018127561018444947
1_25um.csv,1,25,0.650004,1.327337e-05,1.327335781768566e-05,0.018777960072107774
1_25um.csv,1,25,0.6600031,1.368568e-05,1.368566781768566e-05,0.01936125940176306
1_25um.csv,1,25,0.6700048,1.410777e-05,1.410775781768566e-05,0.019958394601137797
1_25um.csv,1,25,0.6800019,1.454722e-05,1.4547207817685659e-05,0.02058008917661987
1_25um.csv,1,25,0.690003,1.49927e-05,1.4992687817685659e-05,0.021210314457051672
1_25um.csv,1,25,0.7000034,1.542733e-05,1.5427317817685658e-05,0.021825190127416384
1_25um.csv,1,25,0.7100012,1.587472e-05,1.587470781768566e-05,0.022458117505104236
1_25um.csv,1,25,0.7200023,1.633715e-05,1.633713781768566e-05,0.023112322130295213
1_25um.csv,1,25,0.7300034,1.678794e-05,1.6787927817685657e-05,0.02375005952404095
1_25um.csv,1,25,0.7400005,1.723003e-05,1.723001781768566e-05,0.02437548893552092
1_25um.csv,1,25,0.7500015,1.767974e-05,1.7679727817685658e-05,0.02501169844181297
1_25um.csv,1,25,0.760004,1.817409e-05,1.8174077817685658e-05,0.02571106062952389
1_25um.csv,1,25,0.7700004,1.857603e-05,1.8576017817685657e-05,0.026279689410202613
1_25um.csv,1,25,0.7800022,1.910586e-05,1.910584781768566e-05,0.027029245530188206
1_25um.csv,1,25,0.7900019,1.950754e-05,1.9507527817685658e-05,0.02759750648610956
1_25um.csv,1,25,0.8000003,2.004567e-05,2.004565781768566e-05,0.02835880470411882
1_25um.csv,1,25,0.8100028,2.048513e-05,2.048511781768566e-05,0.028980513426706947
1_25um.csv,1,25,0.8200012,2.100388e-05,2.1003867817685658e-05,0.02971439455318624
1_25um.csv,1,25,0.8300029,2.14201e-05,2.1420087817685657e-05,0.030303225401308094
1_25um.csv,1,25,0.8400007,2.197889e-05,2.197887781768566e-05,0.031093751540422054
1_25um.csv,1,25,0.8499998,2.243214e-05,2.243212781768566e-05,0.031734969122256734
1_25um.csv,1,25,0.8600002,2.291209e-05,2.291207781768566e-05,0.03241395947725189
1_25um.csv,1,25,0.87,2.341386e-05,2.341384781768566e-05,0.03312381881765385
1_25um.csv,1,25,0.8800017,2.39276e-05,2.392758781768566e-05,0.03385061224400079
1_25um.csv,1,25,0.8900008,2.439796e-05,2.439794781768566e-05,0.034516035524291486
1_25um.csv,1,25,0.9000026,2.485923e-05,2.485921781768566e-05,0.035168599085180365
1_25um.csv,1,25,0.910003,2.538551e-05,2.538549781768566e-05,0.035913132982517276
1_25um.csv,1,25,0.9200021,2.58942e-05,2.589418781768566e-05,0.03663278212030764
1_25um.csv,1,25,0.9300019,2.642389e-05,2.6423877817685658e-05,0.037382140180808494
1_25um.csv,1,25,0.9400003,2.686353e-05,2.686351781768566e-05,0.03800410355130557
1_25um.csv,1,25,0.9500014,2.747663e-05,2.7476617817685658e-05,0.038871462623391265
1_25um.csv,1,25,0.9600038,2.792019e-05,2.792017781768566e-05,0.039498971659460966
1_25um.csv,1,25,0.9700029,2.849993e-05,2.849991781768566e-05,0.04031913598575514
1_25um.csv,1,25,0.9800027,2.900231e-05,2.9002297817685658e-05,0.04102985829962631
1_25um.csv,1,25,0.9900031,2.957584e-05,2.9575827817685657e-05,0.04184123727306182
1_25um.csv,1,25,1.000002,3.004588e-05,3.0045867817685657e-05,0.042506207845958835
1_30um.csv,1,30,-0.9999996,-1.226556e-10,-6.909328137569907e-11,-9.774699791450395e-08
1_30um.csv,1,30,-0.9899991,-1.393712e-10,-8.580888137569906e-11,-1.213947345078096e-07
1_30um.csv,1,30,-0.98,-9.591056e-11,-4.234824137569905e-11,-5.991050618836648e-08
1_30um.csv,1,30,-0.9700009,-1.181981e-10,-6.463578137569906e-11,-9.144092539155174e-08
1_30um.csv,1,30,-0.9600005,-1.137406e-10,-6.017828137569905e-11,-8.513485286859951e-08
1_30um.csv,1,30,-0.9499994,-6.69368e-11,-1.3374481375699059e-11,-1.892102064207109e-08
1_30um.csv,1,30,-0.9400003,-1.070543e-10,-5.349198137569905e-11,-7.567567334864093e-08
1_30um.csv,1,30,-0.9299999,-9.591056e-11,-4.234824137569905e-11,-5.991050618836648e-08
1_30um.csv,1,30,-0.9200008,-9.145306e-11,-3.7890741375699055e-11,-5.360443366541427e-08
1_30um.csv,1,30,-0.9100011,-1.482862e-10,-9.472388137569904e-11,-1.34006879553714e-07
1_30um.csv,1,30,-0.9,-6.470805e-11,-1.1145731375699055e-11,-1.576798438059498e-08
1_30um.csv,1,30,-0.8899995,-5.467868e-11,-1.116361375699054e-12,-1.5793282775055367e-09
1_30um.csv,1,30,-0.8799998,-1.678992e-11,3.6772398624300945e-11,5.202230231469428e-08
1_30um.csv,1,30,-0.87,-5.022118e-11,3.3411386243009472e-12,4.726744245446672e-09
1_30um.csv,1,30,-0.8600009,-7.250868e-11,-1.894636137569906e-11,-2.6803618369314372e-08
1_30um.csv,1,30,-0.8499998,-9.368181e-11,-4.011949137569906e-11,-5.6757469926890384e-08
1_30um.csv,1,30,-0.8400001,-1.126262e-10,-5.906388137569905e-11,-8.355829937009633e-08
1_30um.csv,1,30,-0.8300003,-7.473743e-11,-2.117511137569905e-11,-2.995665463079046e-08
1_30um.csv,1,30,-0.8200006,-3.12768e-11,2.2285518624300944e-11,3.1527559541546575e-08
1_30um.csv,1,30,-0.8100001,-1.121804e-11,4.2344278624300945e-11,5.990490004193755e-08
1_30um.csv,1,30,-0.799999,-2.904805e-11,2.4514268624300944e-11,3.4680595803022675e-08
1_30um.csv,1,30,-0.7900013,-3.417417e-12,5.0144901624300944e-11,7.09405241276827e-08
1_30um.csv,1,30,-0.7800002,-7.362305e-11,-2.0060731375699058e-11,-2.8380129426499394e-08
1_30um.csv,1,30,-0.7700004,-7.362305e-11,-2.0060731375699058e-11,-2.8380129426499394e-08
1_30um.csv,1,30,-0.76,-7.808055e-11,-2.4518231375699052e-11,-3.46862019494516e-08
1_30um.csv,1,30,-0.7499996,-1.059399e-10,-5.237758137569906e-11,-7.409911985013778e-08
1_30um.csv,1,30,-0.7399992,-1.025968e-10,-4.9034481375699055e-11,-6.936960082568873e-08
1_30um.csv,1,30,-0.7299994,-1.226556e-10,-6.909328137569907e-11,-9.774699791450395e-08
1_30um.csv,1,30,-0.7200003,-6.470805e-11,-1.1145731375699055e-11,-1.576798438059498e-08
1_30um.csv,1,30,-0.7099992,-7.362305e-11,-2.0060731375699058e-11,-2.8380129426499394e-08
1_30um.csv,1,30,-0.7000001,-7.473743e-11,-2.117511137569905e-11,-2.995665463079046e-08
1_30um.csv,1,30,-0.6900004,-6.69368e-11,-1.3374481375699059e-11,-1.892102064207109e-08
1_30um.csv,1,30,-0.6799993,-8.142368e-11,-2.786136137569906e-11,-3.941576341521879e-08
1_30um.csv,1,30,-0.6700002,-8.253806e-11,-2.8975741375699053e-11,-4.099228861950986e-08
1_30um.csv,1,30,-0.6600011,-6.582243e-11,-1.226011137569906e-11,-1.7344509584886064e-08
1_30um.csv,1,30,-0.65,-6.025055e-11,-6.6882313756990606e-12,-9.461911857642778e-09
1_30um.csv,1,30,-0.6400002,-7.027993e-11,-1.6717611375699055e-11,-2.3650582107838263e-08
1_30um.csv,1,30,-0.6300012,-9.256743e-11,-3.9005111375699054e-11,-5.51809447225993e-08
1_30um.csv,1,30,-0.6200001,-1.003681e-10,-4.6805781375699055e-11,-6.62166352997429e-08
1_30um.csv,1,30,-0.6099996,-7.362305e-11,-2.0060731375699058e-11,-2.8380129426499394e-08
1_30um.csv,1,30,-0.5999999,-1.248843e-10,-7.132198137569904e-11,-1.0089996344044976e-07
1_30um.csv,1,30,-0.5900001,-7.808055e-11,-2.4518231375699052e-11,-3.46862019494516e-08
1_30um.csv,1,30,-0.5800004,-6.916555e-11,-1.560323137569905e-11,-2.207405690354718e-08
1_30um.csv,1,30,-0.5700006,-6.136493e-11,-7.802611375699052e-12,-1.1038437061933846e-08
1_30um.csv,1,30,-0.5600008,-8.030931e-11,-2.674699137569905e-11,-3.7839252358033746e-08
1_30um.csv,1,30,-0.5499997,-7.13943e-11,-1.7831981375699054e-11,-2.5227093165023288e-08
1_30um.csv,1,30,-0.54,-8.810993e-11,-3.454761137569906e-11,-4.88748721996471e-08
1_30um.csv,1,30,-0.5299996,-9.145306e-11,-3.7890741375699055e-11,-5.360443366541427e-08
1_30um.csv,1,30,-0.5199991,-7.696618e-11,-2.3403861375699053e-11,-3.310969089226657e-08
1_30um.csv,1,30,-0.51,-5.579305e-11,-2.230731375699053e-12,-3.1558393346905606e-09
1_30um.csv,1,30,-0.500001,-1.204268e-10,-6.686448137569906e-11,-9.459389091749757e-08
1_30um.csv,1,30,-0.4899999,-1.137406e-10,-6.017828137569905e-11,-8.513485286859951e-08
1_30um.csv,1,30,-0.4799994,-6.805118e-11,-1.4488861375699051e-11,-2.0497545846362153e-08
1_30um.csv,1,30,-0.4699997,-2.904805e-11,2.4514268624300944e-11,3.4680595803022675e-08
1_30um.csv,1,30,-0.4599999,-6.582243e-11,-1.226011137569906e-11,-1.7344509584886064e-08
1_30um.csv,1,30,-0.4500002,-9.145306e-11,-3.7890741375699055e-11,-5.360443366541427e-08
1_30um.csv,1,30,-0.4399997,-6.136493e-11,-7.802611375699052e-12,-1.1038437061933846e-08
1_30um.csv,1,30,-0.4300006,-9.479618e-11,-4.123386137569906e-11,-5.8333980984075405e-08
1_30um.csv,1,30,-0.4200009,-6.805118e-11,-1.4488861375699051e-11,-2.0497545846362153e-08
1_30um.csv,1,30,-0.4100005,-7.362305e-11,-2.0060731375699058e-11,-2.8380129426499394e-08
1_30um.csv,1,30,-0.4,-2.793367e-11,2.5628648624300946e-11,3.625712100731376e-08
1_30um.csv,1,30,-0.3900003,-2.793367e-11,2.5628648624300946e-11,3.625712100731376e-08
1_30um.csv,1,30,-0.3799992,7.726335e-12,6.128865362430094e-11,8.670570826448443e-08
1_30um.csv,1,30,-0.3699994,-3.461992e-11,1.8942398624300947e-11,2.679801222288545e-08
1_30um.csv,1,30,-0.3600003,-5.467868e-11,-1.116361375699054e-12,-1.5793282775055367e-09
1_30um.csv,1,30,-0.3499999,-8.922431e-11,-3.566199137569905e-11,-5.0451397403938164e-08
1_30um.csv,1,30,-0.3400002,-6.136493e-11,-7.802611375699052e-12,-1.1038437061933846e-08
1_30um.csv,1,30,-0.3299997,-8.922431e-11,-3.566199137569905e-11,-5.0451397403938164e-08
1_30um.csv,1,30,-0.3200006,-8.253806e-11,-2.8975741375699053e-11,-4.099228861950986e-08
1_30um.csv,1,30,-0.3099989,-8.030931e-11,-2.674699137569905e-11,-3.7839252358033746e-08
1_30um.csv,1,30,-0.2999991,-8.365243e-11,-3.009011137569905e-11,-4.256879967669488e-08
1_30um.csv,1,30,-0.2900014,-5.80218e-11,-4.459481375699057e-12,-6.308875596166669e-09
1_30um.csv,1,30,-0.2800003,-3.796305e-11,1.5599268624300945e-11,2.2068450757118266e-08
1_30um.csv,1,30,-0.2699992,-9.479618e-11,-4.123386137569906e-11,-5.8333980984075405e-08
1_30um.csv,1,30,-0.2600007,-5.690743e-11,-3.3451113756990577e-12,-4.732364538981646e-09
1_30um.csv,1,30,-0.249999,-9.479618e-11,-4.123386137569906e-11,-5.8333980984075405e-08
1_30um.csv,1,30,-0.2399999,-7.58518e-11,-2.228948137569905e-11,-3.1533165687975484e-08
1_30um.csv,1,30,-0.2300001,-5.913618e-11,-5.573861375699049e-12,-7.885400800457736e-09
1_30um.csv,1,30,-0.219999,-1.081687e-10,-5.4606381375699053e-11,-7.725222684714413e-08
1_30um.csv,1,30,-0.2099993,-8.588118e-11,-3.2318861375699056e-11,-4.572183593817099e-08
1_30um.csv,1,30,-0.2000009,-7.58518e-11,-2.228948137569905e-11,-3.1533165687975484e-08
1_30um.csv,1,30,-0.1899998,-6.025055e-11,-6.6882313756990606e-12,-9.461911857642778e-09
1_30um.csv,1,30,-0.1800007,-8.142368e-11,-2.786136137569906e-11,-3.941576341521879e-08
1_30um.csv,1,30,-0.1699996,-8.810993e-11,-3.454761137569906e-11,-4.88748721996471e-08
1_30um.csv,1,30,-0.1600005,-5.35643e-11,-1.9813756990556103e-15,-2.803073214460977e-12
1_30um.csv,1,30,-0.1500007,-7.696618e-11,-2.3403861375699053e-11,-3.310969089226657e-08
1_30um.csv,1,30,-0.1400003,-8.476681e-11,-3.1204491375699057e-11,-4.4145324880985965e-08
1_30um.csv,1,30,-0.1299999,-9.256743e-11,-3.9005111375699054e-11,-5.51809447225993e-08
1_30um.csv,1,30,-0.1199995,-1.092831e-10,-5.572078137569906e-11,-7.882878034564731e-08
1_30um.csv,1,30,-0.1100004,-5.80218e-11,-4.459481375699057e-12,-6.308875596166669e-09
1_30um.csv,1,30,-0.09999994,-4.576367e-11,7.798648624300948e-12,1.1032830915504932e-08
1_30um.csv,1,30,-0.09000018,-4.242055e-11,1.1141768624300944e-11,1.5762378234166057e-08
1_30um.csv,1,30,-0.07999976,-7.696618e-11,-2.3403861375699053e-11,-3.310969089226657e-08
1_30um.csv,1,30,-0.07,-6.805118e-11,-1.4488861375699051e-11,-2.0497545846362153e-08
1_30um.csv,1,30,-0.06000024,-7.874918e-12,4.568740062430094e-11,6.463445019001989e-08
1_30um.csv,1,30,-0.05000048,-4.130617e-11,1.2256148624300942e-11,1.7338903438457132e-08
1_30um.csv,1,30,-0.04000006,-6.69368e-11,-1.3374481375699059e-11,-1.892102064207109e-08
1_30um.csv,1,30,-0.0300003,2.154459e-12,5.571677762430095e-11,7.882311619608358e-08
1_30um.csv,1,30,-0.01999987,-3.016242e-11,2.339989862430095e-11,3.310408474583766e-08
1_30um.csv,1,30,-0.01000011,-4.01918e-11,1.3370518624300948e-11,1.8915414495642167e-08
1_30um.csv,1,30,-3.555944e-07,-5.35643e-11,-1.9813756990556103e-15,-2.803073214460977e-12
1_30um.csv,1,30,0.009999403,2.154459e-12,5.571677762430095e-11,7.882311619608358e-08
1_30um.csv,1,30,0.02000116,2.109884e-11,7.466115862430094e-11,1.0562393290689409e-07
1_30um.csv,1,30,0.02999959,4.450072e-11,9.806303862430095e-11,1.387308207259462e-07
1_30um.csv,1,30,0.03999935,1.024482e-10,1.5601051862430093e-10,2.2070973523011277e-07
1_30um.csv,1,30,0.05000044,1.659676e-10,2.1952991862430095e-10,3.1057130404994686e-07
1_30um.csv,1,30,0.05999886,2.56232e-10,3.0979431862430097e-10,4.3826930800749423e-07
1_30um.csv,1,30,0.06999929,3.81042e-10,4.346043186243009e-10,6.148393386501559e-07
1_30um.csv,1,30,0.08000038,5.571133e-10,6.10675618624301e-10,8.639292740422985e-07
1_30um.csv,1,30,0.08999947,7.87789e-10,8.413513186243009e-10,1.1902686332083704e-06
1_30um.csv,1,30,0.0999999,1.126559e-09,1.180121318624301e-09,1.6695301449527384e-06
1_30um.csv,1,30,0.109999,1.593482e-09,1.647044318624301e-09,2.3300910648931566e-06
1_30um.csv,1,30,0.1200001,2.313369e-09,2.366931318624301e-09,3.3485228383828918e-06
1_30um.csv,1,30,0.1299998,3.237186e-09,3.290748318624301e-09,4.655456545603563e-06
1_30um.csv,1,30,0.1399996,4.723762e-09,4.777324318624301e-09,6.758531378330472e-06
1_30um.csv,1,30,0.15,6.609285e-09,6.662847318624301e-09,9.426000762894558e-06
1_30um.csv,1,30,0.1600004,9.466543e-09,9.5201053186243e-09,1.3468193957462223e-05
1_30um.csv,1,30,0.1699995,1.340697e-08,1.34605323186243e-08,1.904275782362016e-05
1_30um.csv,1,30,0.18,1.908917e-08,1.9142732318624303e-08,2.7081426424835876e-05
1_30um.csv,1,30,0.1900011,2.717396e-08,2.72275223186243e-08,3.851906457914631e-05
1_30um.csv,1,30,0.1999995,3.866986e-08,3.8723422318624305e-08,5.47824362261696e-05
1_30um.csv,1,30,0.2099999,5.384653e-08,5.39000923186243e-08,7.625303222772048e-05
1_30um.csv,1,30,0.2200003,7.574846e-08,7.58020223186243e-08,0.00010723792487441092
1_30um.csv,1,30,0.2300001,1.042631e-07,1.043166623186243e-07,0.00014757788848761876
1_30um.csv,1,30,0.2400012,1.434178e-07,1.434713623186243e-07,0.00020297045782344305
1_30um.csv,1,30,0.2500016,1.907876e-07,1.908411623186243e-07,0.00026998501625254937
1_30um.csv,1,30,0.2600014,2.532874e-07,2.533409623186243e-07,0.00035840414613925905
1_30um.csv,1,30,0.2700011,3.311532e-07,3.3120676231862433e-07,0.00046856171918641375
1_30um.csv,1,30,0.2800009,4.237389e-07,4.237924623186243e-07,0.0005995436908719541
1_30um.csv,1,30,0.29,5.318132e-07,5.318667623186242e-07,0.0007524375492381443
1_30um.csv,1,30,0.3000011,6.547377e-07,6.547912623186243e-07,0.0009263401430345861
1_30um.csv,1,30,0.3100022,7.886967e-07,7.887502623186242e-07,0.0011158533610047833
1_30um.csv,1,30,0.3199999,9.41959e-07,9.420125623186242e-07,0.001332675162201521
1_30um.csv,1,30,0.3300017,1.100835e-06,1.1008885623186243e-06,0.001557438724323014
1_30um.csv,1,30,0.3400014,1.271328e-06,1.2713815623186242e-06,0.0017986369795458272
1_30um.csv,1,30,0.3500019,1.451516e-06,1.4515695623186243e-06,0.002053550854086649
1_30um.csv,1,30,0.3599996,1.640988e-06,1.6410415623186242e-06,0.002321598901886716
1_30um.csv,1,30,0.3700007,1.840461e-06,1.8405145623186242e-06,0.002603795470450002
1_30um.csv,1,30,0.3800005,2.043249e-06,2.0433025623186243e-06,0.002890681804669729
1_30um.csv,1,30,0.3900009,2.249481e-06,2.249534562318624e-06,0.0031824404022139756
1_30um.csv,1,30,0.4000007,2.465031e-06,2.465084562318624e-06,0.003487381273178047
1_30um.csv,1,30,0.4099997,2.678455e-06,2.6785085623186244e-06,0.003789314469395333
1_30um.csv,1,30,0.4200008,2.898494e-06,2.8985475623186244e-06,0.004100605976266422
1_30um.csv,1,30,0.4300013,3.126069e-06,3.126122562318624e-06,0.004422558742258761
1_30um.csv,1,30,0.4400017,3.347906e-06,3.347959562318624e-06,0.00473639389879811
1_30um.csv,1,30,0.4500021,3.576476e-06,3.5765295623186244e-06,0.005059754301842683
1_30um.csv,1,30,0.4599999,3.81073e-06,3.8107835623186245e-06,0.005391155919967562
1_30um.csv,1,30,0.4700023,4.048759e-06,4.048812562318624e-06,0.005727898070627301
1_30um.csv,1,30,0.4800001,4.285046e-06,4.285099562318624e-06,0.006062175795412676
1_30um.csv,1,30,0.4899998,4.524855e-06,4.524908562318624e-06,0.006401436130949781
1_30um.csv,1,30,0.4999989,4.762795e-06,4.762848562318624e-06,0.0067380523723656535
1_30um.csv,1,30,0.5100007,5.012454e-06,5.012507562318624e-06,0.0070912476073645815
1_30um.csv,1,30,0.5199991,5.243939e-06,5.243992562318624e-06,0.007418731891823492
1_30um.csv,1,30,0.5300002,5.496008e-06,5.496061562318624e-06,0.0077753365793811
1_30um.csv,1,30,0.5400013,5.750687e-06,5.750740562318624e-06,0.008135633661618442
1_30um.csv,1,30,0.5500004,5.983201e-06,5.983254562318624e-06,0.008464573683290165
1_30um.csv,1,30,0.5600001,6.251071e-06,6.251124562318624e-06,0.008843532213121508
1_30um.csv,1,30,0.5700012,6.492491e-06,6.492544562318624e-06,0.009185071647443688
1_30um.csv,1,30,0.5800016,6.756506e-06,6.7565595623186245e-06,0.009558576467891749
1_30um.csv,1,30,0.5899987,6.996919e-06,6.9969725623186244e-06,0.009898691288634432
1_30um.csv,1,30,0.6000012,7.251383e-06,7.251436562318624e-06,0.01025868420809164
1_30um.csv,1,30,0.6099989,7.531593e-06,7.531646562318624e-06,0.010655100266791907
1_30um.csv,1,30,0.62,7.773528e-06,7.773581562318624e-06,0.010997368277075797
1_30um.csv,1,30,0.6300011,8.015366e-06,8.015419562318624e-06,0.011339499060430977
1_30um.csv,1,30,0.6400002,8.285634e-06,8.285687562318625e-06,0.011721850066293737
1_30um.csv,1,30,0.6500006,8.562098e-06,8.562151562318624e-06,0.012112966619066695
1_30um.csv,1,30,0.6600024,8.816292e-06,8.816345562318625e-06,0.012472577566660483
1_30um.csv,1,30,0.6700008,9.082268e-06,9.082321562318624e-06,0.01284885663460546
1_30um.csv,1,30,0.6799999,9.343696e-06,9.343749562318625e-06,0.01321870159871771
1_30um.csv,1,30,0.690001,9.595359e-06,9.595412562318625e-06,0.013574731913769582
1_30um.csv,1,30,0.7000001,9.852697e-06,9.852750562318624e-06,0.013938790711506312
1_30um.csv,1,30,0.7100005,1.013911e-05,1.0139163562318624e-05,0.014343982220091013
1_30um.csv,1,30,0.7199509,1.038539e-05,1.0385443562318624e-05,0.014692397147954764
1_30um.csv,1,30,0.73,1.067602e-05,1.0676073562318625e-05,0.015103554491161854
1_30um.csv,1,30,0.7400025,1.096447e-05,1.0964523562318624e-05,0.015511627765249473
1_30um.csv,1,30,0.7500009,1.123807e-05,1.1238123562318624e-05,0.01589869258684896
1_30um.csv,1,30,0.759998,1.146998e-05,1.1470033562318625e-05,0.01622677812331511
1_30um.csv,1,30,0.7699984,1.176959e-05,1.1769643562318623e-05,0.016650639567757444
1_30um.csv,1,30,0.7800002,1.205746e-05,1.2057513562318624e-05,0.01705789230969401
1_30um.csv,1,30,0.7900012,1.235302e-05,1.2353073562318624e-05,0.01747602417618504
1_30um.csv,1,30,0.7999977,1.261001e-05,1.2610063562318625e-05,0.01783959065463114
1_30um.csv,1,30,0.8100014,1.288776e-05,1.2887813562318624e-05,0.018232526525242463
1_30um.csv,1,30,0.8199992,1.316224e-05,1.3162293562318624e-05,0.01862083629217458
1_30um.csv,1,30,0.8300009,1.344571e-05,1.3445763562318624e-05,0.019021864307448
1_30um.csv,1,30,0.84,1.372568e-05,1.3725733562318624e-05,0.019417940835603005
1_30um.csv,1,30,0.8500005,1.400499e-05,1.4005043562318624e-05,0.019813083654758534
1_30um.csv,1,30,0.8599969,1.429801e-05,1.4298063562318624e-05,0.0202276221563122
1_30um.csv,1,30,0.8699993,1.458916e-05,1.4589213562318624e-05,0.020639515149034025
1_30um.csv,1,30,0.8799971,1.488628e-05,1.4886333562318625e-05,0.02105985396406926
1_30um.csv,1,30,0.8900008,1.519804e-05,1.5198093562318625e-05,0.02150090414236552
1_30um.csv,1,30,0.9000013,1.550771e-05,1.5507763562318627e-05,0.021938997575496787
1_30um.csv,1,30,0.909999,1.576162e-05,1.5761673562318626e-05,0.02229820674527868
1_30um.csv,1,30,0.9199981,1.609263e-05,1.6092683562318627e-05,0.022766490102726224
1_30um.csv,1,30,0.9299985,1.636491e-05,1.6364963562318626e-05,0.023151687506326766
1_30um.csv,1,30,0.9400003,1.667512e-05,1.6675173562318626e-05,0.02359054488318487
1_30um.csv,1,30,0.9499987,1.698168e-05,1.6981733562318625e-05,0.02402423856633377
1_30um.csv,1,30,0.9599985,1.72557e-05,1.7255753562318627e-05,0.024411897566387473
1_30um.csv,1,30,0.9699989,1.760773e-05,1.7607783562318626e-05,0.024909918140757603
1_30um.csv,1,30,0.9799973,1.782523e-05,1.7825283562318625e-05,0.025217617697401933
1_30um.csv,1,30,0.9899998,1.815685e-05,1.8156903562318625e-05,0.02568676402831868
1_30um.csv,1,30,1.0,1.850416e-05,1.8504213562318625e-05,0.026178107168631982
1_35um.csv,1,35,-1.0,-2.913063e-06,-2.915472398492588e-06,-0.004124549721494039
1_35um.csv,1,35,-0.9900011,-2.881974e-06,-2.8843833984925878e-06,-0.00408056778348707
1_35um.csv,1,35,-0.9800007,-2.880506e-06,-2.882915398492588e-06,-0.0040784909883185465
1_35um.csv,1,35,-0.9700009,-2.809135e-06,-2.8115443984925878e-06,-0.003977521677710443
1_35um.csv,1,35,-0.9600019,-2.793509e-06,-2.795918398492588e-06,-0.00395541540979263
1_35um.csv,1,35,-0.9500008,-2.788746e-06,-2.791155398492588e-06,-0.00394867714317977
1_35um.csv,1,35,-0.9399997,-2.75029e-06,-2.752699398492588e-06,-0.003894273032143842
1_35um.csv,1,35,-0.9299999,-2.734613e-06,-2.737022398492588e-06,-0.0038720946139851613
1_35um.csv,1,35,-0.9200002,-2.708159e-06,-2.710568398492588e-06,-0.003834669859633579
1_35um.csv,1,35,-0.9100031,-2.658902e-06,-2.661311398492588e-06,-0.0037649854593502234
1_35um.csv,1,35,-0.8999993,-2.597887e-06,-2.600296398492588e-06,-0.0036786668917702056
1_35um.csv,1,35,-0.8900015,-2.619151e-06,-2.621560398492588e-06,-0.0037087492980804816
1_35um.csv,1,35,-0.8800025,-2.530956e-06,-2.533365398492588e-06,-0.003583978896249462
1_35um.csv,1,35,-0.8700027,-2.587555e-06,-2.5899643984925878e-06,-0.0036640501017966456
1_35um.csv,1,35,-0.8600043,-2.51986e-06,-2.522269398492588e-06,-0.0035682812673734827
1_35um.csv,1,35,-0.8500032,-2.478766e-06,-2.4811753984925877e-06,-0.0035101451497608752
1_35um.csv,1,35,-0.8399988,-2.484297e-06,-2.4867063984925877e-06,-0.0035179699141185752
1_35um.csv,1,35,-0.8300003,-2.506323e-06,-2.508732398492588e-06,-0.003549130329910061
1_35um.csv,1,35,-0.8199986,-2.39691e-06,-2.399319398492588e-06,-0.0033943425984566075
1_35um.csv,1,35,-0.8099995,-2.38792e-06,-2.390329398492588e-06,-0.0033816243501153084
1_35um.csv,1,35,-0.7999984,-2.378274e-06,-2.380683398492588e-06,-0.0033679780516169574
1_35um.csv,1,35,-0.7900006,-2.302713e-06,-2.305122398492588e-06,-0.0032610811035728095
1_35um.csv,1,35,-0.7800002,-2.243503e-06,-2.245912398492588e-06,-0.0031773160886352883
1_35um.csv,1,35,-0.7699998,-2.280074e-06,-2.282483398492588e-06,-0.003229053470180299
1_35um.csv,1,35,-0.7600007,-2.277757e-06,-2.280166398492588e-06,-0.003225775585707908
1_35um.csv,1,35,-0.7499989,-2.2206e-06,-2.223009398492588e-06,-0.0031449149716429887
1_35um.csv,1,35,-0.7399998,-2.176156e-06,-2.178565398492588e-06,-0.003082039573502756
1_35um.csv,1,35,-0.7299987,-2.151896e-06,-2.154305398492588e-06,-0.003047718694219117
1_35um.csv,1,35,-0.719999,-2.160728e-06,-2.163137398492588e-06,-0.0030602134182847844
1_35um.csv,1,35,-0.7099986,-2.125887e-06,-2.128296398492588e-06,-0.003010923486086876
1_35um.csv,1,35,-0.7000001,-2.097416e-06,-2.099825398492588e-06,-0.002970645260444482
1_35um.csv,1,35,-0.6899997,-2.055231e-06,-2.057640398492588e-06,-0.0029109656935615343
1_35um.csv,1,35,-0.6799999,-2.037197e-06,-2.039606398492588e-06,-0.002885452802506252
1_35um.csv,1,35,-0.6699995,-1.998495e-06,-2.000904398492588e-06,-0.00283070067266143
1_35um.csv,1,35,-0.6600004,-1.969374e-06,-1.971783398492588e-06,-0.0027895028851256153
1_35um.csv,1,35,-0.6500007,-1.956354e-06,-1.958763398492588e-06,-0.0027710833530451137
1_35um.csv,1,35,-0.6400002,-1.914582e-06,-1.916991398492588e-06,-0.002711988061642139
1_35um.csv,1,35,-0.6300005,-1.87549e-06,-1.877899398492588e-06,-0.0026566841946612644
1_35um.csv,1,35,-0.6200007,-1.854602e-06,-1.857011398492588e-06,-0.0026271337195385666
1_35um.csv,1,35,-0.6100003,-1.839169e-06,-1.841578398492588e-06,-0.0026053004907675694
1_35um.csv,1,35,-0.5999992,-1.794452e-06,-1.796861398492588e-06,-0.0025420388766321
1_35um.csv,1,35,-0.5900001,-1.770868e-06,-1.773277398492588e-06,-0.0025086743417176175
1_35um.csv,1,35,-0.5799997,-1.73509e-06,-1.737499398492588e-06,-0.002458058825682579
1_35um.csv,1,35,-0.5699999,-1.711067e-06,-1.713476398492588e-06,-0.002424073232812387
1_35um.csv,1,35,-0.5600002,-1.693753e-06,-1.696162398492588e-06,-0.0023995789333928932
1_35um.csv,1,35,-0.5500004,-1.645541e-06,-1.647950398492588e-06,-0.0023313729056920356
1_35um.csv,1,35,-0.5400007,-1.632295e-06,-1.634704398492588e-06,-0.002312633649014745
1_35um.csv,1,35,-0.5300002,-1.594086e-06,-1.596495398492588e-06,-0.002258578971498316
1_35um.csv,1,35,-0.5200005,-1.558314e-06,-1.5607233984925879e-06,-0.002207971943726909
1_35um.csv,1,35,-0.51,-1.542617e-06,-1.5450263984925878e-06,-0.0021857652313561223
1_35um.csv,1,35,-0.500001,-1.521759e-06,-1.5241683984925879e-06,-0.0021562571975515823
1_35um.csv,1,35,-0.4900005,-1.482732e-06,-1.485141398492588e-06,-0.0021010452867600503
1_35um.csv,1,35,-0.4800001,-1.450787e-06,-1.453196398492588e-06,-0.002055852356474978
1_35um.csv,1,35,-0.470001,-1.431366e-06,-1.433775398492588e-06,-0.0020283772618101986
1_35um.csv,1,35,-0.4599993,-1.408471e-06,-1.410880398492588e-06,-0.0019959874625027412
1_35um.csv,1,35,-0.4499995,-1.37517e-06,-1.377579398492588e-06,-0.001948876184636935
1_35um.csv,1,35,-0.4400011,-1.331666e-06,-1.334075398492588e-06,-0.0018873306144656478
1_35um.csv,1,35,-0.4300006,-1.320896e-06,-1.323305398492588e-06,-0.0018720941812469837
1_35um.csv,1,35,-0.4199989,-1.288065e-06,-1.290474398492588e-06,-0.0018256478173656503
1_35um.csv,1,35,-0.4099998,-1.254782e-06,-1.257191398492588e-06,-0.0017785620042907386
1_35um.csv,1,35,-0.3999994,-1.219997e-06,-1.222406398492588e-06,-0.001729351295886725
1_35um.csv,1,35,-0.3900003,-1.207778e-06,-1.2101873984925879e-06,-0.0017120649470010367
1_35um.csv,1,35,-0.3800012,-1.173091e-06,-1.175500398492588e-06,-0.0016629928802363385
1_35um.csv,1,35,-0.3700001,-1.140167e-06,-1.142576398492588e-06,-0.0016164149482687158
1_35um.csv,1,35,-0.359999,-1.110199e-06,-1.112608398492588e-06,-0.0015740189008502453
1_35um.csv,1,35,-0.3500006,-1.086711e-06,-1.089120398492588e-06,-0.0015407901781538682
1_35um.csv,1,35,-0.3400002,-1.057591e-06,-1.060000398492588e-06,-0.0014995938053286595
1_35um.csv,1,35,-0.3299997,-1.028362e-06,-1.030771398492588e-06,-0.001458243229047477
1_35um.csv,1,35,-0.32,-1.001782e-06,-1.004191398492588e-06,-0.001420640221159632
1_35um.csv,1,35,-0.3099995,-9.673335e-07,-9.69742898492588e-07,-0.0013719055628742883
1_35um.csv,1,35,-0.2999991,-9.387887e-07,-9.41198098492588e-07,-0.0013315229315892258
1_35um.csv,1,35,-0.2900007,-9.106218e-07,-9.13031198492588e-07,-0.0012916749194418916
1_35um.csv,1,35,-0.2800009,-8.87367e-07,-8.89776398492588e-07,-0.0012587761072586612
1_35um.csv,1,35,-0.2699998,-8.504923e-07,-8.529016984925879e-07,-0.0012066090781028326
1_35um.csv,1,35,-0.2600007,-8.259304e-07,-8.283397984925879e-07,-0.0011718610976874653
1_35um.csv,1,35,-0.2500003,-7.906359e-07,-7.93045298492588e-07,-0.0011219295942300708
1_35um.csv,1,35,-0.2400006,-7.681322e-07,-7.70541598492588e-07,-0.0010900933711824523
1_35um.csv,1,35,-0.2300001,-7.36572e-07,-7.38981398492588e-07,-0.0010454448215382849
1_35um.csv,1,35,-0.2200004,-7.098537e-07,-7.12263098492588e-07,-0.0010076461591737322
1_35um.csv,1,35,-0.21,-6.777776e-07,-6.801869984925879e-07,-0.0009622677603283102
1_35um.csv,1,35,-0.2000009,-6.494969e-07,-6.519062984925879e-07,-0.0009222587541140972
1_35um.csv,1,35,-0.1900004,-6.158027e-07,-6.18212098492588e-07,-0.0008745912120383024
1_35um.csv,1,35,-0.1800007,-5.89178e-07,-5.91587398492588e-07,-0.000836924966586402
1_35um.csv,1,35,-0.1700009,-5.558326e-07,-5.58241998492588e-07,-0.0007897508755697222
1_35um.csv,1,35,-0.1600005,-5.269056e-07,-5.293149984925879e-07,-0.0007488275418913287
1_35um.csv,1,35,-0.1500001,-4.957566e-07,-4.981659984925879e-07,-0.0007047607212480447
1_35um.csv,1,35,-0.140001,-4.635724e-07,-4.659817984925879e-07,-0.0006592293921861942
1_35um.csv,1,35,-0.1299999,-4.349363e-07,-4.373456984925879e-07,-0.0006187175978228714
1_35um.csv,1,35,-0.1200008,-4.021692e-07,-4.045785984925879e-07,-0.0005723616339492142
1_35um.csv,1,35,-0.1099997,-3.703705e-07,-3.727798984925879e-07,-0.0005273756758256919
1_35um.csv,1,35,-0.09999994,-3.373983e-07,-3.398076984925879e-07,-0.0004807295548068955
1_35um.csv,1,35,-0.09000085,-3.060042e-07,-3.084135984925879e-07,-0.000436315988594262
1_35um.csv,1,35,-0.08000109,-2.723913e-07,-2.748006984925879e-07,-0.00038876346249067475
1_35um.csv,1,35,-0.07000067,-2.402025e-07,-2.426118984925879e-07,-0.0003432256257600401
1_35um.csv,1,35,-0.06000024,-2.077397e-07,-2.101490984925879e-07,-0.0002973001583235638
1_35um.csv,1,35,-0.05000048,-1.746617e-07,-1.770710984925879e-07,-0.0002505043609227308
1_35um.csv,1,35,-0.04000072,-1.394987e-07,-1.419080984925879e-07,-0.00020075889190992798
1_35um.csv,1,35,-0.0300003,-1.048773e-07,-1.072866984925879e-07,-0.00015177963016093472
1_35um.csv,1,35,-0.02000121,-6.965855e-08,-7.20679484925879e-08,-0.0001019552910318886
1_35um.csv,1,35,-0.009999447,-3.446213e-08,-3.687152849258791e-08,-5.2162542390658e-05
1_35um.csv,1,35,-3.555944e-07,2.40809e-09,-1.308492587904405e-12,-1.8511383410141546e-09
1_35um.csv,1,35,0.01000007,3.920699e-08,3.679759150741209e-08,5.205794295360872e-05
1_35um.csv,1,35,0.0200005,7.701217e-08,7.46027715074121e-08,0.0001055413320334208
1_35um.csv,1,35,0.02999959,1.153634e-07,1.1295400150741209e-07,0.0001597972238392358
1_35um.csv,1,35,0.04000068,1.567591e-07,1.543497015074121e-07,0.00021836015964145066
1_35um.csv,1,35,0.05000044,1.978639e-07,1.954545015074121e-07,0.000276511556128595
1_35um.csv,1,35,0.05999953,2.402637e-07,2.3785430150741208e-07,0.0003364950028495527
1_35um.csv,1,35,0.06999929,2.81354e-07,2.789446015074121e-07,0.00039462588603292076
1_35um.csv,1,35,0.08000105,3.281021e-07,3.256927015074121e-07,0.0004607609188787361
1_35um.csv,1,35,0.09000014,3.719215e-07,3.695121015074121e-07,0.0005227526887749228
1_35um.csv,1,35,0.0999999,4.217664e-07,4.193570015074121e-07,0.0005932687974231114
1_35um.csv,1,35,0.1099997,4.712592e-07,4.688498015074121e-07,0.0006632867864671874
1_35um.csv,1,35,0.1200001,5.235167e-07,5.21107301507412e-07,0.0007372160259216292
1_35um.csv,1,35,0.1300005,5.742508e-07,5.71841401507412e-07,0.0008089900952400162
1_35um.csv,1,35,0.1399989,6.281509e-07,6.25741501507412e-07,0.0008852431383346602
1_35um.csv,1,35,0.1500007,6.852705e-07,6.82861101507412e-07,0.0009660508422229431
1_35um.csv,1,35,0.1599998,7.464619e-07,7.440525015074121e-07,0.001052618964753729
1_35um.csv,1,35,0.1699995,8.062493e-07,8.038399015074121e-07,0.0011372008335947279
1_35um.csv,1,35,0.1799993,8.701999e-07,8.67790501507412e-07,0.0012276724256275507
1_35um.csv,1,35,0.1899991,9.35957e-07,9.33547601507412e-07,0.0013206996923687778
1_35um.csv,1,35,0.1999995,9.977279e-07,9.95318501507412e-07,0.0014080876396953127
1_35um.csv,1,35,0.2100006,1.067805e-06,1.0653956015074122e-06,0.001507226456251269
1_35um.csv,1,35,0.2199997,1.142536e-06,1.140126601507412e-06,0.0016129491944930504
1_35um.csv,1,35,0.2299994,1.21506e-06,1.212650601507412e-06,0.00171554966642902
1_35um.csv,1,35,0.2399992,1.290393e-06,1.287983601507412e-06,0.001822124060455169
1_35um.csv,1,35,0.2500003,1.370544e-06,1.368134601507412e-06,0.0019355145301774668
1_35um.csv,1,35,0.2599987,1.448854e-06,1.446444601507412e-06,0.0020463005176754785
1_35um.csv,1,35,0.2699998,1.537518e-06,1.535108601507412e-06,0.0021717344187803657
1_35um.csv,1,35,0.2799996,1.621589e-06,1.619179601507412e-06,0.0022906705540752877
1_35um.csv,1,35,0.2899993,1.712566e-06,1.710156601507412e-06,0.0024193766808101444
1_35um.csv,1,35,0.3000004,1.808947e-06,1.806537601507412e-06,0.0025557279036558327
1_35um.csv,1,35,0.3100002,1.900597e-06,1.898187601507412e-06,0.00268538613062803
1_35um.csv,1,35,0.3199993,2.002392e-06,1.999982601507412e-06,0.0028293965966906033
1_35um.csv,1,35,0.3299997,2.096754e-06,2.094344601507412e-06,0.002962891518824269
1_35um.csv,1,35,0.3400001,2.202335e-06,2.199925601507412e-06,0.0031122580792383617
1_35um.csv,1,35,0.3499999,2.30575e-06,2.303340601507412e-06,0.003258560376481458
1_35um.csv,1,35,0.3599996,2.407222e-06,2.4048126015074122e-06,0.0034021138910185324
1_35um.csv,1,35,0.37,2.519807e-06,2.517397601507412e-06,0.0035613890845118744
1_35um.csv,1,35,0.3799991,2.643673e-06,2.641263601507412e-06,0.0037366236283431697
1_35um.csv,1,35,0.3900009,2.739983e-06,2.7375736015074122e-06,0.003872874406735885
1_35um.csv,1,35,0.3999993,2.864136e-06,2.861726601507412e-06,0.00404851497251089
1_35um.csv,1,35,0.4099991,2.976167e-06,2.973757601507412e-06,0.004207006416328918
1_35um.csv,1,35,0.4199995,3.106858e-06,3.104448601507412e-06,0.004391896360041121
1_35um.csv,1,35,0.4299993,3.221875e-06,3.219465601507412e-06,0.004554612129726459
1_35um.csv,1,35,0.4400004,3.350652e-06,3.348242601507412e-06,0.004736794317340192
1_35um.csv,1,35,0.4500008,3.479171e-06,3.476761601507412e-06,0.004918611509617768
1_35um.csv,1,35,0.4600005,3.602594e-06,3.600184601507412e-06,0.005093219336650932
1_35um.csv,1,35,0.4700003,3.730437e-06,3.728027601507412e-06,0.005274080184559352
1_35um.csv,1,35,0.4800001,3.873768e-06,3.8713586015074125e-06,0.005476852070322059
1_35um.csv,1,35,0.4899992,4.010111e-06,4.0077016015074125e-06,0.005669737958375199
1_35um.csv,1,35,0.4999996,4.154261e-06,4.151851601507413e-06,0.005873668492123615
1_35um.csv,1,35,0.5099993,4.29333e-06,4.290920601507412e-06,0.0060704108812866964
1_35um.csv,1,35,0.5199991,4.439283e-06,4.436873601507413e-06,0.006276892138256399
1_35um.csv,1,35,0.5300002,4.577424e-06,4.575014601507413e-06,0.0064723216759777985
1_35um.csv,1,35,0.5400006,4.730076e-06,4.7276666015074125e-06,0.0066882800792921445
1_35um.csv,1,35,0.5499977,4.874639e-06,4.872229601507412e-06,0.006892794888520533
1_35um.csv,1,35,0.5599988,5.032661e-06,5.0302516015074126e-06,0.007116350287785133
1_35um.csv,1,35,0.5700006,5.182521e-06,5.180111601507412e-06,0.00732835881908959
1_35um.csv,1,35,0.5799983,5.344307e-06,5.341897601507412e-06,0.007557239189072393
1_35um.csv,1,35,0.5899994,5.499053e-06,5.496643601507413e-06,0.007776159996394158
1_35um.csv,1,35,0.6000012,5.659275e-06,5.656865601507413e-06,0.008002827758990331
1_35um.csv,1,35,0.6099989,5.831757e-06,5.829347601507412e-06,0.008246839873607009
1_35um.csv,1,35,0.619998,5.990996e-06,5.988586601507412e-06,0.008472116975678212
1_35um.csv,1,35,0.6299998,6.168042e-06,6.1656326015074124e-06,0.008722585829497304
1_35um.csv,1,35,0.6399989,6.34596e-06,6.343550601507412e-06,0.008974288310964182
1_35um.csv,1,35,0.6499993,6.495876e-06,6.493466601507413e-06,0.009186376066062533
1_35um.csv,1,35,0.6600004,6.670565e-06,6.668155601507413e-06,0.009433510446985023
1_35um.csv,1,35,0.6699995,6.847961e-06,6.845551601507413e-06,0.009684474449515956
1_35um.csv,1,35,0.6799999,7.028991e-06,7.026581601507413e-06,0.009940579510386408
1_35um.csv,1,35,0.690001,7.216947e-06,7.214537601507412e-06,0.010206482856908897
1_35um.csv,1,35,0.6999994,7.444932e-06,7.442522601507412e-06,0.010529015654249393
1_35um.csv,1,35,0.7100005,7.595621e-06,7.593211601507412e-06,0.010742196980645612
1_35um.csv,1,35,0.7199983,7.775857e-06,7.773447601507413e-06,0.010997178761295487
1_35um.csv,1,35,0.7300014,7.967998e-06,7.965588601507413e-06,0.011269002671700997
1_35um.csv,1,35,0.7400005,8.18263e-06,8.180220601507413e-06,0.011572644838329439
1_35um.csv,1,35,0.7499982,8.390829e-06,8.388419601507413e-06,0.011867186171634235
1_35um.csv,1,35,0.76,8.593707e-06,8.591297601507412e-06,0.012154199829808433
1_35um.csv,1,35,0.7700004,8.793539e-06,8.791129601507412e-06,0.012436904279479008
1_35um.csv,1,35,0.7799988,9.016716e-06,9.014306601507412e-06,0.012752635148229408
1_35um.csv,1,35,0.7899999,9.215163e-06,9.212753601507412e-06,0.013033380223711696
1_35um.csv,1,35,0.7999997,9.42318e-06,9.420770601507413e-06,0.013327664079686333
1_35um.csv,1,35,0.8100008,9.609575e-06,9.607165601507413e-06,0.013591359062954013
1_35um.csv,1,35,0.8199999,9.824006e-06,9.821596601507412e-06,0.013894716872750795
1_35um.csv,1,35,0.8299996,1.007121e-05,1.0068800601507413e-05,0.014244438993213808
1_35um.csv,1,35,0.84,1.025776e-05,1.0255350601507412e-05,0.0145083532566253
1_35um.csv,1,35,0.8500005,1.048416e-05,1.0481750601507412e-05,0.014828643737656457
1_35um.csv,1,35,0.8600009,1.069618e-05,1.0693770601507412e-05,0.015128590680183957
1_35um.csv,1,35,0.8700006,1.095299e-05,1.0950580601507412e-05,0.015491902510721108
1_35um.csv,1,35,0.8799984,1.117585e-05,1.1173440601507413e-05,0.01580718491620964
1_35um.csv,1,35,0.8900008,1.139984e-05,1.1397430601507412e-05,0.016124065944682117
1_35um.csv,1,35,0.9000006,1.162996e-05,1.1627550601507412e-05,0.016449619149164846
1_35um.csv,1,35,0.9099997,1.185174e-05,1.1849330601507412e-05,0.016763373667199696
1_35um.csv,1,35,0.9200008,1.211411e-05,1.2111700601507413e-05,0.017134551288702102
1_35um.csv,1,35,0.9299992,1.235915e-05,1.2356740601507413e-05,0.01748121197541533
1_35um.csv,1,35,0.939999,1.264339e-05,1.2640980601507412e-05,0.017883329317854794
1_35um.csv,1,35,0.9499967,1.289617e-05,1.2893760601507412e-05,0.018240939864652746
1_35um.csv,1,35,0.9599991,1.319326e-05,1.3190850601507413e-05,0.018661236238369825
1_35um.csv,1,35,0.9699996,1.343087e-05,1.3428460601507413e-05,0.01899738562528596
1_35um.csv,1,35,0.98,1.367457e-05,1.3672160601507413e-05,0.019342150599788138
1_35um.csv,1,35,0.9899991,1.393718e-05,1.3934770601507412e-05,0.019713667751835803
1_35um.csv,1,35,0.9999982,1.421745e-05,1.4215040601507413e-05,0.020110168693172385
2_10um.csv,2,10,-0.9999996,-8.82232e-07,-8.846538851592069e-07,-0.0012515292333203348
2_10um.csv,2,10,-0.9900005,-8.878952e-07,-8.903170851592068e-07,-0.0012595410224200503
2_10um.csv,2,10,-0.9799994,-8.668692e-07,-8.692910851592069e-07,-0.0012297953172338266
2_10um.csv,2,10,-0.9700003,-8.65737e-07,-8.681588851592069e-07,-0.0012281935818865496
2_10um.csv,2,10,-0.9599999,-8.749841e-07,-8.774059851592069e-07,-0.0012412755523244614
2_10um.csv,2,10,-0.9499994,-8.720354e-07,-8.744572851592068e-07,-0.0012371039951627274
2_10um.csv,2,10,-0.9400003,-8.602342e-07,-8.626560851592069e-07,-0.0012204087123679178
2_10um.csv,2,10,-0.9300006,-8.474701e-07,-8.498919851592069e-07,-0.0012023512047313022
2_10um.csv,2,10,-0.9200002,-8.27515e-07,-8.299368851592069e-07,-0.0011741205131322527
2_10um.csv,2,10,-0.9100004,-8.326378e-07,-8.350596851592069e-07,-0.0011813677926208852
2_10um.csv,2,10,-0.9000013,-8.193823e-07,-8.218041851592069e-07,-0.0011626150961928441
2_10um.csv,2,10,-0.8900002,-8.198682e-07,-8.222900851592069e-07,-0.0011633025040759407
2_10um.csv,2,10,-0.8800011,-8.141124e-07,-8.165342851592069e-07,-0.0011551597127741778
2_10um.csv,2,10,-0.8700007,-7.966948e-07,-7.991166851592069e-07,-0.0011305188493359786
2_10um.csv,2,10,-0.8600003,-7.959559e-07,-7.983777851592069e-07,-0.001129473519669751
2_10um.csv,2,10,-0.8500005,-7.874354e-07,-7.898572851592068e-07,-0.001117419477957622
2_10um.csv,2,10,-0.8400008,-7.68929e-07,-7.713508851592069e-07,-0.0010912382776124146
2_10um.csv,2,10,-0.8299997,-7.674992e-07,-7.699210851592069e-07,-0.001089215524389012
2_10um.csv,2,10,-0.8200006,-7.612521e-07,-7.636739851592069e-07,-0.0010803776857668842
2_10um.csv,2,10,-0.8100001,-7.56555e-07,-7.589768851592069e-07,-0.0010737326485829113
2_10um.csv,2,10,-0.8000004,-7.500448e-07,-7.524666851592069e-07,-0.0010645225996005394
2_10um.csv,2,10,-0.7900006,-7.459918e-07,-7.484136851592069e-07,-0.0010587887775174154
2_10um.csv,2,10,-0.7800002,-7.346675e-07,-7.370893851592069e-07,-0.0010427681702102549
2_10um.csv,2,10,-0.7699991,-7.543329e-07,-7.567547851592069e-07,-0.0010705890201469603
2_10um.csv,2,10,-0.7600007,-7.477949e-07,-7.502167851592069e-07,-0.0010613396422097618
2_10um.csv,2,10,-0.7500003,-7.425094e-07,-7.449312851592069e-07,-0.0010538621893056534
2_10um.csv,2,10,-0.7399998,-7.40752e-07,-7.431738851592069e-07,-0.0010513759768879672
2_10um.csv,2,10,-0.7300001,-7.391183e-07,-7.415401851592069e-07,-0.001049064764172152
2_10um.csv,2,10,-0.7200003,-7.394047e-07,-7.418265851592068e-07,-0.0010494699372894985
2_10um.csv,2,10,-0.7099999,-7.285106e-07,-7.309324851592069e-07,-0.0010340579384847217
2_10um.csv,2,10,-0.7000008,-7.118964e-07,-7.143182851592069e-07,-0.0010105536535467894
2_10um.csv,2,10,-0.690001,-7.150489e-07,-7.174707851592069e-07,-0.0010150135287298756
2_10um.csv,2,10,-0.6799986,-7.123666e-07,-7.147884851592069e-07,-0.0010112188504733833
2_10um.csv,2,10,-0.6700002,-7.138131e-07,-7.162349851592069e-07,-0.0010132652293638937
2_10um.csv,2,10,-0.6599998,-7.108968e-07,-7.133186851592069e-07,-0.0010091395088257702
2_10um.csv,2,10,-0.65,-6.946837e-07,-6.971055851592069e-07,-0.0009862026643116084
2_10um.csv,2,10,-0.6399996,-6.808053e-07,-6.832271851592068e-07,-0.00096656874464755
2_10um.csv,2,10,-0.6299998,-6.844248e-07,-6.868466851592069e-07,-0.0009716892896832934
2_10um.csv,2,10,-0.6200007,-6.646435e-07,-6.670653851592069e-07,-0.0009437044747874382
2_10um.csv,2,10,-0.610001,-6.646146e-07,-6.670364851592069e-07,-0.0009436635896509461
2_10um.csv,2,10,-0.6000005,-6.747676e-07,-6.771894851592069e-07,-0.0009580271464261639
2_10um.csv,2,10,-0.5900008,-6.938145e-07,-6.962363851592069e-07,-0.0009849729978535153
2_10um.csv,2,10,-0.5800004,-6.788117e-07,-6.812335851592068e-07,-0.0009637483775849011
2_10um.csv,2,10,-0.5699993,-6.665781e-07,-6.689999851592069e-07,-0.0009464413739243766
2_10um.csv,2,10,-0.5600002,-6.586749e-07,-6.610967851592069e-07,-0.0009352606330688757
2_10um.csv,2,10,-0.5500011,-6.449982e-07,-6.474200851592069e-07,-0.0009159120605338985
2_10um.csv,2,10,-0.5400007,-6.369413e-07,-6.393631851592069e-07,-0.0009045138786583687
2_10um.csv,2,10,-0.5300009,-6.322453e-07,-6.346671851592068e-07,-0.0008978703976560617
2_10um.csv,2,10,-0.5199998,-6.172592e-07,-6.196810851592069e-07,-0.0008766694030545555
2_10um.csv,2,10,-0.5099994,-6.190634e-07,-6.214852851592069e-07,-0.000879221823928568
2_10um.csv,2,10,-0.500001,-6.265196e-07,-6.289414851592069e-07,-0.0008897701891435172
2_10um.csv,2,10,-0.4900005,-6.141512e-07,-6.165730851592069e-07,-0.0008722724824934034
2_10um.csv,2,10,-0.4800001,-6.064653e-07,-6.088871851592068e-07,-0.0008613991582524256
2_10um.csv,2,10,-0.4700003,-6.105261e-07,-6.129479851592069e-07,-0.0008671440150782708
2_10um.csv,2,10,-0.4600006,-5.739445e-07,-5.763663851592069e-07,-0.0008153916376008442
2_10um.csv,2,10,-0.4499995,-5.839706e-07,-5.863924851592069e-07,-0.0008295756676002545
2_10um.csv,2,10,-0.4399997,-5.705602e-07,-5.729820851592069e-07,-0.0008106038324994585
2_10um.csv,2,10,-0.4299993,-5.700721e-07,-5.724939851592068e-07,-0.0008099133122530304
2_10um.csv,2,10,-0.4199996,-5.499041e-07,-5.523259851592068e-07,-0.0007813814287661206
2_10um.csv,2,10,-0.4100011,-5.370409e-07,-5.394627851592069e-07,-0.0007631837233085237
2_10um.csv,2,10,-0.3999994,-5.281103e-07,-5.305321851592068e-07,-0.0007505495087771772
2_10um.csv,2,10,-0.3900003,-5.228259e-07,-5.252477851592069e-07,-0.0007430736120547345
2_10um.csv,2,10,-0.3800005,-5.165509e-07,-5.189727851592069e-07,-0.0007341963030067199
2_10um.csv,2,10,-0.3700001,-4.977257e-07,-5.001475851592068e-07,-0.0007075640929205549
2_10um.csv,2,10,-0.3599997,-4.896855e-07,-4.921073851592069e-07,-0.000696189536712133
2_10um.csv,2,10,-0.3499999,-4.714766e-07,-4.7389848515920687e-07,-0.0006704292127719907
2_10um.csv,2,10,-0.3399995,-4.602214e-07,-4.626432851592069e-07,-0.0006545063619676539
2_10um.csv,2,10,-0.3299991,-4.52491e-07,-4.549128851592069e-07,-0.000643570083104742
2_10um.csv,2,10,-0.32,-4.423201e-07,-4.447419851592069e-07,-0.0006291812030096899
2_10um.csv,2,10,-0.3099995,-4.359771e-07,-4.3839898515920686e-07,-0.0006202076936405175
2_10um.csv,2,10,-0.2999998,-4.278923e-07,-4.3031418515920686e-07,-0.000608770041339101
2_10um.csv,2,10,-0.2900007,-4.11969e-07,-4.1439088515920686e-07,-0.0005862431799583439
2_10um.csv,2,10,-0.2799996,-4.004787e-07,-4.029005851592069e-07,-0.0005699877306907101
2_10um.csv,2,10,-0.2699992,-3.918044e-07,-3.9422628515920686e-07,-0.0005577161064874921
2_10um.csv,2,10,-0.2600007,-3.741515e-07,-3.7657338515920687e-07,-0.000532742361643875
2_10um.csv,2,10,-0.2499997,-3.604871e-07,-3.6290898515920687e-07,-0.0005134111900493427
2_10um.csv,2,10,-0.2400006,-3.497412e-07,-3.521630851592069e-07,-0.0004982088513562653
2_10um.csv,2,10,-0.2300008,-3.365057e-07,-3.389275851592069e-07,-0.0004794844491403295
2_10um.csv,2,10,-0.219999,-3.251235e-07,-3.2754538515920686e-07,-0.0004633819300891244
2_10um.csv,2,10,-0.2100013,-3.152223e-07,-3.176441851592069e-07,-0.00044937459744431136
2_10um.csv,2,10,-0.2000002,-3.007521e-07,-3.0317398515920687e-07,-0.00042890345204405937
2_10um.csv,2,10,-0.1899991,-2.91115e-07,-2.935368851592069e-07,-0.00041526974447009577
2_10um.csv,2,10,-0.1800007,-2.776556e-07,-2.8007748515920687e-07,-0.00039622858854964195
2_10um.csv,2,10,-0.1699996,-2.646542e-07,-2.670760851592069e-07,-0.00037783537008639786
2_10um.csv,2,10,-0.1600012,-2.537533e-07,-2.561751851592069e-07,-0.000362413751249505
2_10um.csv,2,10,-0.1500007,-2.403987e-07,-2.428205851592069e-07,-0.00034352085700048256
2_10um.csv,2,10,-0.1399996,-2.274909e-07,-2.2991278515920687e-07,-0.00032526005544989084
2_10um.csv,2,10,-0.1300006,-2.225965e-07,-2.250183851592069e-07,-0.0003183358958635
2_10um.csv,2,10,-0.1200008,-2.055967e-07,-2.080185851592069e-07,-0.0002942860985161791
2_10um.csv,2,10,-0.109999,-1.922387e-07,-1.9466058515920689e-07,-0.0002753883942510988
2_10um.csv,2,10,-0.09999994,-1.810693e-07,-1.8349118515920688e-07,-0.0002595869256166933
2_10um.csv,2,10,-0.09000018,-1.647638e-07,-1.6718568515920688e-07,-0.00023651936184260528
2_10um.csv,2,10,-0.08000042,-1.489675e-07,-1.5138938515920688e-07,-0.00021417216870871637
2_10um.csv,2,10,-0.07,-1.326943e-07,-1.351161851592069e-07,-0.00019115030008717832
2_10um.csv,2,10,-0.06000024,-1.141232e-07,-1.1654508515920689e-07,-0.00016487756796581036
2_10um.csv,2,10,-0.05000048,-9.861002e-08,-1.0103190515920688e-07,-0.000142930907698483
2_10um.csv,2,10,-0.04000006,-7.89335e-08,-8.135538515920688e-08,-0.00011509432617984707
2_10um.csv,2,10,-0.0300003,-5.940073e-08,-6.182261515920689e-08,-8.746110931071747e-05
2_10um.csv,2,10,-0.01999987,-4.016438e-08,-4.258626515920689e-08,-6.0247240959199426e-05
2_10um.csv,2,10,-0.01000011,-1.981367e-08,-2.223555515920689e-08,-3.145687569760241e-05
2_10um.csv,2,10,3.111451e-07,2.422577e-09,6.918407931101308e-13,9.787545071652851e-10
2_10um.csv,2,10,0.01000007,2.533747e-08,2.291558484079311e-08,3.24189209000349e-05
2_10um.csv,2,10,0.01999983,4.898897e-08,4.656708484079311e-08,6.587894878037234e-05
2_10um.csv,2,10,0.02999892,7.508764e-08,7.26657548407931e-08,0.00010280101401258704
2_10um.csv,2,10,0.04000068,1.016254e-07,9.92035148407931e-08,0.00014034426452446593
2_10um.csv,2,10,0.05000044,1.312165e-07,1.287946148407931e-07,0.00018220710751581335
2_10um.csv,2,10,0.0600002,1.598325e-07,1.5741061484079313e-07,0.0002226904661959705
2_10um.csv,2,10,0.07000062,1.887963e-07,1.863744148407931e-07,0.00026366586122463745
2_10um.csv,2,10,0.08000038,2.195129e-07,2.170910148407931e-07,0.00030712096100220644
2_10um.csv,2,10,0.08999947,2.602545e-07,2.578326148407931e-07,0.00036475853459751986
2_10um.csv,2,10,0.0999999,2.945739e-07,2.921520148407931e-07,0.0004133105537437242
2_10um.csv,2,10,0.109999,3.327501e-07,3.303282148407931e-07,0.0004673188287523004
2_10um.csv,2,10,0.1199987,3.726715e-07,3.702496148407931e-07,0.0005237960567091785
2_10um.csv,2,10,0.1300005,4.154825e-07,4.130606148407931e-07,0.0005843612324310197
2_10um.csv,2,10,0.1399989,4.636001e-07,4.611782148407931e-07,0.0006524337114507403
2_10um.csv,2,10,0.15,5.0985e-07,5.074281148407931e-07,0.0007178639354730146
2_10um.csv,2,10,0.1599998,5.512769e-07,5.488550148407931e-07,0.0007764710102461136
2_10um.csv,2,10,0.1699982,6.049274e-07,6.025055148407931e-07,0.0008523709415736846
2_10um.csv,2,10,0.1799993,6.550787e-07,6.526568148407931e-07,0.0009233205175513252
2_10um.csv,2,10,0.1900004,7.127298e-07,7.103079148407931e-07,0.0010048801401263043
2_10um.csv,2,10,0.1999988,7.652781e-07,7.628562148407931e-07,0.0010792207774247562
2_10um.csv,2,10,0.2099992,8.229326e-07,8.205107148407931e-07,0.0011607852100157935
2_10um.csv,2,10,0.2200003,8.859538e-07,8.835319148407931e-07,0.0012499419700120864
2_10um.csv,2,10,0.2299994,9.517933e-07,9.493714148407931e-07,0.001343085808907187
2_10um.csv,2,10,0.2399992,1.017888e-06,1.015466114840793e-06,0.0014365906819487505
2_10um.csv,2,10,0.2500003,1.089013e-06,1.0865911148407931e-06,0.00153721197374796
2_10um.csv,2,10,0.26,1.15647e-06,1.1540481148407932e-06,0.001632644107047071
2_10um.csv,2,10,0.2699998,1.241994e-06,1.239572114840793e-06,0.0017536358168514375
2_10um.csv,2,10,0.2800002,1.318926e-06,1.3165041148407932e-06,0.0018624723331353995
2_10um.csv,2,10,0.29,1.400558e-06,1.3981361148407932e-06,0.0019779579892640893
2_10um.csv,2,10,0.2999997,1.486808e-06,1.484386114840793e-06,0.0020999767789678754
2_10um.csv,2,10,0.3100002,1.584776e-06,1.5823541148407931e-06,0.002238573147544114
2_10um.csv,2,10,0.3199999,1.682836e-06,1.680414114840793e-06,0.0023772996694960357
2_10um.csv,2,10,0.329999,1.784471e-06,1.7820491148407932e-06,0.0025210837818617675
2_10um.csv,2,10,0.3400001,1.902694e-06,1.9002721148407932e-06,0.002688335113747573
2_10um.csv,2,10,0.3499992,2.016782e-06,2.014360114840793e-06,0.002849736617280623
2_10um.csv,2,10,0.3599983,2.150146e-06,2.147724114840793e-06,0.00303840808244069
2_10um.csv,2,10,0.37,2.28743e-06,2.285008114840793e-06,0.003232625213173381
2_10um.csv,2,10,0.3799991,2.424763e-06,2.4223411148407932e-06,0.00342691166472573
2_10um.csv,2,10,0.3899989,2.57711e-06,2.5746881148407932e-06,0.0036424385813054725
2_10um.csv,2,10,0.4000007,2.73257e-06,2.730148114840793e-06,0.0038623694919993927
2_10um.csv,2,10,0.4099997,2.898138e-06,2.895716114840793e-06,0.004096600297491294
2_10um.csv,2,10,0.4199995,3.074969e-06,3.072547114840793e-06,0.004346764988530254
2_10um.csv,2,10,0.4300013,3.247464e-06,3.2450421148407932e-06,0.0045907954943848
2_10um.csv,2,10,0.4399997,3.445488e-06,3.443066114840793e-06,0.004870942147281062
2_10um.csv,2,10,0.4499988,3.653392e-06,3.650970114840793e-06,0.005165066140957305
2_10um.csv,2,10,0.4600005,3.877846e-06,3.875424114840793e-06,0.005482603595150623
2_10um.csv,2,10,0.469999,4.108864e-06,4.106442114840792e-06,0.005809427209756876
2_10um.csv,2,10,0.4800001,4.353339e-06,4.350917114840793e-06,0.006155288584978131
2_10um.csv,2,10,0.4899992,4.613992e-06,4.611570114840793e-06,0.006524037148371301
2_10um.csv,2,10,0.4999989,4.872533e-06,4.8701111148407925e-06,0.006889797842966161
2_10um.csv,2,10,0.5099993,5.140911e-06,5.138489114840793e-06,0.007269475045784977
2_10um.csv,2,10,0.5199991,5.442813e-06,5.440391114840793e-06,0.007696579006934571
2_10um.csv,2,10,0.5299989,5.762895e-06,5.760473114840793e-06,0.008149402406887815
2_10um.csv,2,10,0.5399986,6.085467e-06,6.083045114840793e-06,0.00860574843624816
2_10um.csv,2,10,0.5499997,6.415312e-06,6.412890114840792e-06,0.009072383655840571
2_10um.csv,2,10,0.5599995,6.756121e-06,6.753699114840793e-06,0.009554529762509067
2_10um.csv,2,10,0.5700006,7.113095e-06,7.110673114840793e-06,0.010059544666111612
2_10um.csv,2,10,0.579999,7.488795e-06,7.4863731148407925e-06,0.010591051440508278
2_10um.csv,2,10,0.5900001,7.870317e-06,7.867895114840792e-06,0.011130794660048777
2_10um.csv,2,10,0.5999992,8.285196e-06,8.282774114840793e-06,0.011717728381248977
2_10um.csv,2,10,0.6099996,8.704046e-06,8.701624114840792e-06,0.012310279918262668
2_10um.csv,2,10,0.6200007,9.129206e-06,9.126784114840793e-06,0.01291175827919556
2_10um.csv,2,10,0.6299991,9.557141e-06,9.554719114840792e-06,0.013517162462058049
2_10um.csv,2,10,0.6399995,1.000805e-05,1.0005628114840793e-05,0.014155068206365813
2_10um.csv,2,10,0.6499386,1.04522e-05,1.0449778114840792e-05,0.014783411921692616
2_10um.csv,2,10,0.6599997,1.089843e-05,1.0896008114840792e-05,0.01541469823507836
2_10um.csv,2,10,0.6700008,1.140687e-05,1.1404448114840793e-05,0.016133993695217414
2_10um.csv,2,10,0.6799992,1.188284e-05,1.1880418114840793e-05,0.01680735350200363
2_10um.csv,2,10,0.6900003,1.241032e-05,1.2407898114840793e-05,0.017553585052066858
2_10um.csv,2,10,0.6999994,1.291576e-05,1.2913338114840793e-05,0.018268636380390123
2_10um.csv,2,10,0.7099998,1.34489e-05,1.3446478114840792e-05,0.019022875192479128
2_10um.csv,2,10,0.7200009,1.39576e-05,1.3955178114840793e-05,0.01974253847737555
2_10um.csv,2,10,0.73,1.450492e-05,1.4502498114840793e-05,0.02051683788584716
2_10um.csv,2,10,0.7399998,1.504164e-05,1.5039218114840792e-05,0.021276141361903
2_10um.csv,2,10,0.7500002,1.569008e-05,1.5687658114840792e-05,0.02219349630677863
2_10um.csv,2,10,0.7599993,1.618148e-05,1.6179058114840792e-05,0.022888685098204027
2_10um.csv,2,10,0.7699997,1.677424e-05,1.677181811484079e-05,0.02372726895657871
2_10um.csv,2,10,0.7799988,1.738198e-05,1.7379558114840792e-05,0.02458704517982021
2_10um.csv,2,10,0.7899992,1.798942e-05,1.798699811484079e-05,0.025446396989880125
2_10um.csv,2,10,0.800001,1.864381e-05,1.8641388114840793e-05,0.026372169462857066
2_10um.csv,2,10,0.8099994,1.919268e-05,1.919025811484079e-05,0.02714866167276683
2_10um.csv,2,10,0.8199985,1.979609e-05,1.9793668114840794e-05,0.028002312199087546
2_10um.csv,2,10,0.8300016,2.037087e-05,2.0368448114840792e-05,0.02881545956077963
2_10um.csv,2,10,0.8399994,2.10362e-05,2.1033778114840793e-05,0.029756708967778125
2_10um.csv,2,10,0.8499985,2.167736e-05,2.1674938114840793e-05,0.030663764819447457
2_10um.csv,2,10,0.8599996,2.233856e-05,2.2336138114840793e-05,0.031599171471646224
2_10um.csv,2,10,0.8699986,2.293594e-05,2.2933518114840794e-05,0.032444291293017215
2_10um.csv,2,10,0.8800004,2.362258e-05,2.362015811484079e-05,0.033415688183013825
2_10um.csv,2,10,0.8900002,2.429808e-05,2.429565811484079e-05,0.03437132519686783
2_10um.csv,2,10,0.8999999,2.498149e-05,2.4979068114840793e-05,0.035338152571609445
2_10um.csv,2,10,0.909997,2.565765e-05,2.5655228114840793e-05,0.03629472329446292
2_10um.csv,2,10,0.9199994,2.63734e-05,2.6370978114840793e-05,0.03730730241017869
2_10um.csv,2,10,0.9299992,2.708357e-05,2.7081148114840793e-05,0.0383119874407171
2_10um.csv,2,10,0.940003,2.779398e-05,2.7791558114840793e-05,0.03931701200180078
2_10um.csv,2,10,0.9499994,2.846836e-05,2.8465938114840793e-05,0.040271064539776885
2_10um.csv,2,10,0.9600005,2.91722e-05,2.9169778114840794e-05,0.041266794452183994
2_10um.csv,2,10,0.9700002,2.993841e-05,2.993598811484079e-05,0.04235075986504125
2_10um.csv,2,10,0.98,3.067238e-05,3.0669958114840796e-05,0.04338911500798488
2_10um.csv,2,10,0.9899991,3.145991e-05,3.14574881148408e-05,0.04450324205094631
2_10um.csv,2,10,1.000002,3.214826e-05,3.21458381148408e-05,0.045477058096077924
2_15um.csv,2,15,-1.0,-1.127392e-07,-1.1428490518342346e-07,-0.00016168006738427032
2_15um.csv,2,15,-0.9899998,-1.100903e-07,-1.1163600518342346e-07,-0.0001579326404619937
2_15um.csv,2,15,-0.98,-1.092534e-07,-1.1079910518342346e-07,-0.0001567486691564505
2_15um.csv,2,15,-0.9700009,-1.086907e-07,-1.1023640518342346e-07,-0.00015595261149887
2_15um.csv,2,15,-0.9600005,-1.089291e-07,-1.1047480518342346e-07,-0.00015628987850716428
2_15um.csv,2,15,-0.9499994,-1.106586e-07,-1.1220430518342346e-07,-0.00015873662049896369
2_15um.csv,2,15,-0.939999,-1.089459e-07,-1.1049160518342345e-07,-0.00015631364564533265
2_15um.csv,2,15,-0.9300006,-1.063739e-07,-1.0791960518342346e-07,-0.00015267500996860064
2_15um.csv,2,15,-0.9199995,-1.059805e-07,-1.0752620518342346e-07,-0.00015211846281649083
2_15um.csv,2,15,-0.9100011,-1.048104e-07,-1.0635610518342346e-07,-0.0001504631099372746
2_15um.csv,2,15,-0.9,-1.052862e-07,-1.0683190518342346e-07,-0.0001511362292432579
2_15um.csv,2,15,-0.8899989,-1.0013e-07,-1.0167570518342345e-07,-0.00014384169842040963
2_15um.csv,2,15,-0.8800005,-9.910035e-08,-1.0064605518342346e-07,-0.00014238504164570235
2_15um.csv,2,15,-0.8699994,-9.890199e-08,-1.0044769518342346e-07,-0.0001421044196500427
2_15um.csv,2,15,-0.8600003,-1.000409e-07,-1.0158660518342345e-07,-0.00014371564770548085
2_15um.csv,2,15,-0.8499998,-1.002404e-07,-1.0178610518342346e-07,-0.0001439978824712305
2_15um.csv,2,15,-0.8399994,-9.710784e-08,-9.865354518342346e-08,-0.00013956621661761318
2_15um.csv,2,15,-0.829999,-9.628655e-08,-9.783225518342346e-08,-0.00013840432894461814
2_15um.csv,2,15,-0.8199992,-9.740984e-08,-9.895554518342346e-08,-0.0001399934592204021
2_15um.csv,2,15,-0.8100001,-9.249099e-08,-9.403669518342345e-08,-0.00013303470995971257
2_15um.csv,2,15,-0.8000004,-9.240629e-08,-9.395199518342345e-08,-0.00013291488397144694
2_15um.csv,2,15,-0.7900006,-9.224471e-08,-9.379041518342345e-08,-0.00013268629503184883
2_15um.csv,2,15,-0.7800002,-9.185914e-08,-9.340484518342345e-08,-0.00013214082506377822
2_15um.csv,2,15,-0.7700004,-9.139444e-08,-9.294014518342346e-08,-0.0001314834090455133
2_15um.csv,2,15,-0.76,-8.998587e-08,-9.153157518342346e-08,-0.0001294906901282604
2_15um.csv,2,15,-0.7500003,-9.010734e-08,-9.165304518342346e-08,-0.0001296625350254815
2_15um.csv,2,15,-0.7399998,-9.068681e-08,-9.223251518342345e-08,-0.00013048231737991227
2_15um.csv,2,15,-0.7300001,-8.630063e-08,-8.784633518342345e-08,-0.0001242771420173273
2_15um.csv,2,15,-0.7199996,-8.618585e-08,-8.773155518342346e-08,-0.0001241147615340554
2_15um.csv,2,15,-0.7099999,-8.642098e-08,-8.796668518342345e-08,-0.0001244474024386705
2_15um.csv,2,15,-0.7000015,-8.583037e-08,-8.737607518342346e-08,-0.00012361186020809712
2_15um.csv,2,15,-0.6900004,-8.332971e-08,-8.487541518342346e-08,-0.00012007414998594442
2_15um.csv,2,15,-0.6799993,-8.275803e-08,-8.430373518342345e-08,-0.00011926538822712863
2_15um.csv,2,15,-0.6699995,-7.985731e-08,-8.140301518342346e-08,-0.0001151617088802351
2_15um.csv,2,15,-0.6599998,-8.213733e-08,-8.368303518342345e-08,-0.00011838727735444295
2_15um.csv,2,15,-0.65,-8.165592e-08,-8.320162518342346e-08,-0.00011770622152196412
2_15um.csv,2,15,-0.6400002,-8.067749e-08,-8.222319518342346e-08,-0.00011632202622445832
2_15um.csv,2,15,-0.6299992,-7.949849e-08,-8.104419518342346e-08,-0.00011465408242085526
2_15um.csv,2,15,-0.6200001,-7.788153e-08,-7.942723518342346e-08,-0.00011236655196057195
2_15um.csv,2,15,-0.6100003,-7.948177e-08,-8.102747518342345e-08,-0.00011463042845953527
2_15um.csv,2,15,-0.5999999,-7.567172e-08,-7.721742518342345e-08,-0.00010924031031795948
2_15um.csv,2,15,-0.5900015,-7.555137e-08,-7.709707518342346e-08,-0.00010907004989661631
2_15um.csv,2,15,-0.5799997,-7.497969e-08,-7.652539518342346e-08,-0.00010826128813780052
2_15um.csv,2,15,-0.5700006,-7.440022e-08,-7.594592518342345e-08,-0.00010744150578336975
2_15um.csv,2,15,-0.5600008,-7.351875e-08,-7.506445518342346e-08,-0.0001061944808261501
2_15um.csv,2,15,-0.5500011,-7.18405e-08,-7.338620518342346e-08,-0.00010382024275287033
2_15um.csv,2,15,-0.5400007,-7.652645e-08,-7.807215518342346e-08,-0.00011044950591359448
2_15um.csv,2,15,-0.5300002,-7.266959e-08,-7.421529518342345e-08,-0.00010499316516858641
2_15um.csv,2,15,-0.5199991,-7.159757e-08,-7.314327518342346e-08,-0.00010347656710553421
2_15um.csv,2,15,-0.51,-7.258825e-08,-7.413395518342345e-08,-0.00010487809260795446
2_15um.csv,2,15,-0.5000003,-7.075287e-08,-7.229857518342346e-08,-0.00010228156105727
2_15um.csv,2,15,-0.4899999,-7.18561e-08,-7.340180518342345e-08,-0.00010384231223831241
2_15um.csv,2,15,-0.4800001,-7.02436e-08,-7.178930518342345e-08,-0.00010156109138732857
2_15um.csv,2,15,-0.4700003,-6.522668e-08,-6.677238518342345e-08,-9.44636014575811e-05
2_15um.csv,2,15,-0.4599999,-6.626194e-08,-6.780764518342345e-08,-9.59281947587839e-05
2_15um.csv,2,15,-0.4500002,-6.433853e-08,-6.588423518342345e-08,-9.320712623351827e-05
2_15um.csv,2,15,-0.4399991,-6.304362e-08,-6.458932518342346e-08,-9.137520332365938e-05
2_15um.csv,2,15,-0.4300006,-6.378468e-08,-6.533038518342346e-08,-9.242358876479432e-05
2_15um.csv,2,15,-0.4200009,-6.324309e-08,-6.478879518342346e-08,-9.165739564809085e-05
2_15um.csv,2,15,-0.4100005,-6.374679e-08,-6.529249518342346e-08,-9.236998537996096e-05
2_15um.csv,2,15,-0.4,-6.440093e-08,-6.594663518342346e-08,-9.329540417528659e-05
2_15um.csv,2,15,-0.3900003,-6.180667e-08,-6.335237518342346e-08,-8.962527704048143e-05
2_15um.csv,2,15,-0.3800005,-5.999692e-08,-6.154262518342346e-08,-8.70650045226098e-05
2_15um.csv,2,15,-0.3699994,-6.230591e-08,-6.385161518342346e-08,-9.033155716305208e-05
2_15um.csv,2,15,-0.360001,-6.002144e-08,-6.156714518342346e-08,-8.709969322665081e-05
2_15um.csv,2,15,-0.3499999,-5.963809e-08,-6.118379518342346e-08,-8.65573639161239e-05
2_15um.csv,2,15,-0.3400002,-5.697139e-08,-5.8517095183423464e-08,-8.278475514507361e-05
2_15um.csv,2,15,-0.3299997,-5.575004e-08,-5.729574518342346e-08,-8.105689834733774e-05
2_15um.csv,2,15,-0.32,-5.571215e-08,-5.725785518342346e-08,-8.100329496250438e-05
2_15um.csv,2,15,-0.3100009,-5.646101e-08,-5.8006715183423466e-08,-8.206271514636036e-05
2_15um.csv,2,15,-0.3000004,-5.586147e-08,-5.740717518342346e-08,-8.1214539550082e-05
2_15um.csv,2,15,-0.2900007,-5.419771e-08,-5.5743415183423464e-08,-7.886080063347248e-05
2_15um.csv,2,15,-0.2800003,-5.63206e-08,-5.786630518342346e-08,-8.186407563027562e-05
2_15um.csv,2,15,-0.2699998,-5.472481e-08,-5.6270515183423465e-08,-7.96064945935057e-05
2_15um.csv,2,15,-0.2600001,-5.136831e-08,-5.2914015183423464e-08,-7.485801844694618e-05
2_15um.csv,2,15,-0.2499997,-5.076209e-08,-5.230779518342346e-08,-7.400039258382467e-05
2_15um.csv,2,15,-0.2399999,-5.08713e-08,-5.2417005183423466e-08,-7.415489312902527e-05
2_15um.csv,2,15,-0.2300008,-4.890666e-08,-5.0452365183423464e-08,-7.137549608550472e-05
2_15um.csv,2,15,-0.2199997,-4.722061e-08,-4.876631518342346e-08,-6.899022326950392e-05
2_15um.csv,2,15,-0.21,-4.599368e-08,-4.753938518342346e-08,-6.725447238659068e-05
2_15um.csv,2,15,-0.2000009,-4.499297e-08,-4.6538675183423466e-08,-6.583875733679967e-05
2_15um.csv,2,15,-0.1899998,-4.263941e-08,-4.4185115183423465e-08,-6.25091510446809e-05
2_15um.csv,2,15,-0.18,-4.068145e-08,-4.222715518342347e-08,-5.97392042680035e-05
2_15um.csv,2,15,-0.1700003,-3.936426e-08,-4.090996518342346e-08,-5.787576160585937e-05
2_15um.csv,2,15,-0.1599998,-3.753446e-08,-3.908016518342346e-08,-5.528712414035226e-05
2_15um.csv,2,15,-0.1500001,-3.62351e-08,-3.778080518342346e-08,-5.344890576829995e-05
2_15um.csv,2,15,-0.1400003,-3.468166e-08,-3.622736518342347e-08,-5.125123772566285e-05
2_15um.csv,2,15,-0.1299999,-3.155918e-08,-3.310488518342347e-08,-4.683383215494658e-05
2_15um.csv,2,15,-0.1200001,-2.959119e-08,-3.113689518342346e-08,-4.40496958308984e-05
2_15um.csv,2,15,-0.110001,-2.801101e-08,-2.955671518342346e-08,-4.181419842667661e-05
2_15um.csv,2,15,-0.09999928,-2.584466e-08,-2.7390365183423462e-08,-3.874944010696881e-05
2_15um.csv,2,15,-0.09000018,-2.388225e-08,-2.542795518342346e-08,-3.5973197868098e-05
2_15um.csv,2,15,-0.08000109,-2.120441e-08,-2.275011518342346e-08,-3.2184829220905105e-05
2_15um.csv,2,15,-0.06999933,-1.890768e-08,-2.045338518342346e-08,-2.8935620932483338e-05
2_15um.csv,2,15,-0.06000024,-1.678814e-08,-1.833384518342346e-08,-2.5937085216207818e-05
2_15um.csv,2,15,-0.05000048,-1.453821e-08,-1.6083915183423462e-08,-2.2754085384112283e-05
2_15um.csv,2,15,-0.03999939,-1.184923e-08,-1.3394935183423462e-08,-1.8949956860776775e-05
2_15um.csv,2,15,-0.03000097,-8.928448e-09,-1.0474153183423462e-08,-1.481789558972049e-05
2_15um.csv,2,15,-0.01999987,-5.652185e-09,-7.197890183423462e-09,-1.0182931577995314e-05
2_15um.csv,2,15,-0.009999447,-2.312403e-09,-3.858108183423462e-09,-5.458106563334548e-06
2_15um.csv,2,15,-3.555944e-07,1.545564e-09,-1.411834234619606e-13,-1.9973368645873153e-10
2_15um.csv,2,15,0.01000007,5.516083e-09,3.970377816576539e-09,5.616935604005e-06
2_15um.csv,2,15,0.01999983,1.009171e-08,8.546004816576538e-09,1.2090123646624907e-05
2_15um.csv,2,15,0.03000025,1.561678e-08,1.4071074816576537e-08,1.990649877043591e-05
2_15um.csv,2,15,0.03999868,2.187623e-08,2.033052481657654e-08,2.8761809068538705e-05
2_15um.csv,2,15,0.04999977,2.825825e-08,2.671254481657654e-08,3.779052044552837e-05
2_15um.csv,2,15,0.05999953,3.699941e-08,3.5453704816576534e-08,5.015673219981416e-05
2_15um.csv,2,15,0.07000062,4.423616e-08,4.2690454816576534e-08,6.039463917243881e-05
2_15um.csv,2,15,0.08000038,5.6092e-08,5.454629481657653e-08,7.716722175471984e-05
2_15um.csv,2,15,0.08999947,6.88984e-08,6.735269481657654e-08,9.528457164993804e-05
2_15um.csv,2,15,0.0999999,8.240797e-08,8.086226481657655e-08,0.00011439670360145785
2_15um.csv,2,15,0.109999,9.849955e-08,9.695384481657654e-08,0.00013716163248286834
2_15um.csv,2,15,0.1199994,1.19617e-07,1.1807129481657655e-07,0.0001670367129539434
2_15um.csv,2,15,0.1299992,1.414676e-07,1.3992189481657654e-07,0.00019794898850526577
2_15um.csv,2,15,0.1399996,1.709507e-07,1.6940499481657653e-07,0.00023965904275124496
2_15um.csv,2,15,0.1499994,2.078198e-07,2.0627409481657654e-07,0.000291818149527684
2_15um.csv,2,15,0.1599998,2.347754e-07,2.3322969481657653e-07,0.0003299525227188653
2_15um.csv,2,15,0.1699989,2.865816e-07,2.8503589481657655e-07,0.00040324330327715286
2_15um.csv,2,15,0.18,3.221948e-07,3.2064909481657655e-07,0.0004536256750044443
2_15um.csv,2,15,0.1899997,3.769641e-07,3.7541839481657656e-07,0.0005311083845571815
2_15um.csv,2,15,0.1999995,4.394259e-07,4.3788019481657657e-07,0.0006194737554408913
2_15um.csv,2,15,0.2099999,5.122849e-07,5.107391948165765e-07,0.0007225481554296236
2_15um.csv,2,15,0.2199997,5.899613e-07,5.884155948165765e-07,0.0008324377822881418
2_15um.csv,2,15,0.2300001,6.742315e-07,6.726857948165765e-07,0.0009516557279356318
2_15um.csv,2,15,0.2399999,7.72847e-07,7.713012948165765e-07,0.0010911681216287767
2_15um.csv,2,15,0.2499996,8.887286e-07,8.871828948165766e-07,0.0012551070501034237
2_15um.csv,2,15,0.2599994,1.005025e-06,1.0034792948165765e-06,0.001419632800537133
2_15um.csv,2,15,0.2699985,1.160048e-06,1.1585022948165765e-06,0.0016389454826965541
2_15um.csv,2,15,0.2800009,1.30318e-06,1.3016342948165765e-06,0.0018414358410488133
2_15um.csv,2,15,0.2900006,1.470459e-06,1.4689132948165766e-06,0.002078087216386317
2_15um.csv,2,15,0.2999984,1.658646e-06,1.6571002948165766e-06,0.002344317361058624
2_15um.csv,2,15,0.3100015,1.866707e-06,1.8651612948165765e-06,0.002638663464299893
2_15um.csv,2,15,0.3199986,2.08287e-06,2.0813242948165767e-06,0.00294447155286499
2_15um.csv,2,15,0.3299997,2.333538e-06,2.3319922948165767e-06,0.0032990942308646276
2_15um.csv,2,15,0.3400021,2.595121e-06,2.5935752948165766e-06,0.003669158475120692
2_15um.csv,2,15,0.3499992,2.842533e-06,2.840987294816577e-06,0.004019174855389599
2_15um.csv,2,15,0.3599996,3.165714e-06,3.1641682948165767e-06,0.004476382443508548
2_15um.csv,2,15,0.370002,3.46228e-06,3.460734294816577e-06,0.004895937508868469
2_15um.csv,2,15,0.3799998,3.796351e-06,3.7948052948165766e-06,0.005368551295478713
2_15um.csv,2,15,0.3900009,4.149929e-06,4.148383294816577e-06,0.00586876184186579
2_15um.csv,2,15,0.3999993,4.512522e-06,4.5109762948165765e-06,0.0063817260043592975
2_15um.csv,2,15,0.4099997,4.897803e-06,4.8962572948165765e-06,0.006926787121064973
2_15um.csv,2,15,0.4200002,5.303259e-06,5.301713294816577e-06,0.007500390024231795
2_15um.csv,2,15,0.4299999,5.696126e-06,5.6945802948165766e-06,0.008056183135588982
2_15um.csv,2,15,0.4399997,6.156651e-06,6.155105294816577e-06,0.008707692737076939
2_15um.csv,2,15,0.4500008,6.584005e-06,6.582459294816577e-06,0.009312274973077773
2_15um.csv,2,15,0.4600005,7.069537e-06,7.067991294816577e-06,0.0099991622426715
2_15um.csv,2,15,0.4699983,7.508403e-06,7.5068572948165766e-06,0.0106200306271601
2_15um.csv,2,15,0.4800007,7.991169e-06,7.989623294816575e-06,0.011303004807219671
2_15um.csv,2,15,0.4900018,8.458811e-06,8.457265294816575e-06,0.011964582904085273
2_15um.csv,2,15,0.5000009,8.945363e-06,8.943817294816575e-06,0.012652913178496365
2_15um.csv,2,15,0.5100007,9.493858e-06,9.492312294816577e-06,0.01342887487192916
2_15um.csv,2,15,0.5200004,9.994191e-06,9.992645294816576e-06,0.014136701273191356
2_15um.csv,2,15,0.5299995,1.051869e-05,1.0517144294816577e-05,0.0148787155709403
2_15um.csv,2,15,0.5400019,1.106945e-05,1.1067904294816575e-05,0.015657881583894005
2_15um.csv,2,15,0.549999,1.161992e-05,1.1618374294816576e-05,0.016436637330772188
2_15um.csv,2,15,0.5600008,1.217552e-05,1.2173974294816576e-05,0.017222650543055364
2_15um.csv,2,15,0.5699992,1.273877e-05,1.2737224294816576e-05,0.018019486291468788
2_15um.csv,2,15,0.579999,1.330925e-05,1.3307704294816576e-05,0.018826550397558248
2_15um.csv,2,15,0.5900007,1.386469e-05,1.3863144294816576e-05,0.01961233725614458
2_15um.csv,2,15,0.5999985,1.446264e-05,1.4461094294816576e-05,0.02045826346256057
2_15um.csv,2,15,0.6099989,1.5033e-05,1.5031454294816576e-05,0.0212651578033774
2_15um.csv,2,15,0.62,1.562013e-05,1.5618584294816576e-05,0.02209577684104446
2_15um.csv,2,15,0.6300004,1.617574e-05,1.617419429481658e-05,0.02288180420043369
2_15um.csv,2,15,0.6399989,1.683654e-05,1.6834994294816577e-05,0.023816644968390352
2_15um.csv,2,15,0.6499993,1.735391e-05,1.7352364294816578e-05,0.024548573794234387
2_15um.csv,2,15,0.6600004,1.797453e-05,1.797298429481658e-05,0.02542657149007165
2_15um.csv,2,15,0.6699988,1.858525e-05,1.8583704294816577e-05,0.026290563550916822
2_15um.csv,2,15,0.6799999,1.917999e-05,1.9178444294816576e-05,0.02713194853628992
2_15um.csv,2,15,0.690001,1.978296e-05,1.978141429481658e-05,0.027984976589944328
2_15um.csv,2,15,0.6999988,2.037619e-05,2.0374644294816577e-05,0.02882422536230348
2_15um.csv,2,15,0.7099998,2.101733e-05,2.101578429481658e-05,0.029731252919760708
2_15um.csv,2,15,0.7199989,2.159947e-05,2.1597924294816578e-05,0.030554812551507514
2_15um.csv,2,15,0.729998,2.224325e-05,2.224170429481658e-05,0.03146557494496263
2_15um.csv,2,15,0.7399978,2.282748e-05,2.2825934294816577e-05,0.03229209132187443
2_15um.csv,2,15,0.7500022,2.348387e-05,2.3482324294816576e-05,0.03322069321606189
2_15um.csv,2,15,0.7599993,2.406372e-05,2.4062174294816577e-05,0.03404101316052265
2_15um.csv,2,15,0.7699991,2.477767e-05,2.4776124294816577e-05,0.03505104579714895
2_15um.csv,2,15,0.7800008,2.535742e-05,2.5355874294816578e-05,0.03587122427054919
2_15um.csv,2,15,0.7899986,2.60569e-05,2.605535429481658e-05,0.036860786044717354
2_15um.csv,2,15,0.799999,2.665057e-05,2.6649024294816577e-05,0.037700657289742825
2_15um.csv,2,15,0.8100001,2.732844e-05,2.7326894294816578e-05,0.03865964716773129
2_15um.csv,2,15,0.8200019,2.790318e-05,2.7901634294816577e-05,0.03947273794099917
2_15um.csv,2,15,0.8299983,2.858613e-05,2.8584584294816577e-05,0.04043891454886237
2_15um.csv,2,15,0.839998,2.921661e-05,2.921506429481658e-05,0.041330861291267514
2_15um.csv,2,15,0.8499978,2.991131e-05,2.9909764294816578e-05,0.04231366074874253
2_15um.csv,2,15,0.8599996,3.057885e-05,3.057730429481658e-05,0.043258036666178654
2_15um.csv,2,15,0.8699966,3.123942e-05,3.123787429481658e-05,0.0441925520506961
2_15um.csv,2,15,0.8800017,3.190543e-05,3.190388429481658e-05,0.04513476346090618
2_15um.csv,2,15,0.8899988,3.256506e-05,3.256351429481658e-05,0.04606794901745468
2_15um.csv,2,15,0.8999993,3.333533e-05,3.333378429481658e-05,0.0471576581553693
2_15um.csv,2,15,0.909999,3.388942e-05,3.388787429481658e-05,0.047941535154638525
2_15um.csv,2,15,0.9200001,3.470627e-05,3.470472429481658e-05,0.04909714151254621
2_15um.csv,2,15,0.9299999,3.531007e-05,3.5308524294816575e-05,0.04995134377600297
2_15um.csv,2,15,0.9400016,3.608989e-05,3.608834429481658e-05,0.05105456340019784
2_15um.csv,2,15,0.9499981,3.668542e-05,3.668387429481658e-05,0.0518970660069491
2_15um.csv,2,15,0.9600005,3.748135e-05,3.747980429481658e-05,0.05302307661899471
2_15um.csv,2,15,0.9699996,3.814032e-05,3.813877429481658e-05,0.053955328466543745
2_15um.csv,2,15,0.9799973,3.88685e-05,3.886695429481658e-05,0.05498549243508292
2_15um.csv,2,15,0.9900004,3.954481e-05,3.954326429481658e-05,0.055942275364527186
2_15um.csv,2,15,1.0,4.028841e-05,4.028686429481658e-05,0.05699425417059947
2_20um.csv,2,20,-1.0,-1.297474e-08,-1.3826199915579209e-08,-1.956007165103268e-05
2_20um.csv,2,20,-0.9900005,-1.290565e-08,-1.375710991557921e-08,-1.946232929531518e-05
2_20um.csv,2,20,-0.9800007,-1.285216e-08,-1.3703619915579208e-08,-1.9386656425039752e-05
2_20um.csv,2,20,-0.9700003,-1.270395e-08,-1.3555409915579209e-08,-1.9176982166233974e-05
2_20um.csv,2,20,-0.9600012,-1.264935e-08,-1.350080991557921e-08,-1.909973896718671e-05
2_20um.csv,2,20,-0.9500001,-1.250225e-08,-1.3353709915579209e-08,-1.8891635037152772e-05
2_20um.csv,2,20,-0.9400003,-1.240864e-08,-1.3260099915579209e-08,-1.8759203977394262e-05
2_20um.csv,2,20,-0.9300006,-1.232506e-08,-1.317651991557921e-08,-1.8640962465006525e-05
2_20um.csv,2,20,-0.9200002,-1.226377e-08,-1.3115229915579208e-08,-1.855425485201006e-05
2_20um.csv,2,20,-0.9100011,-1.212893e-08,-1.2980389915579209e-08,-1.8363495273996626e-05
2_20um.csv,2,20,-0.9,-1.20721e-08,-1.2923559915579208e-08,-1.8283097270299628e-05
2_20um.csv,2,20,-0.8899995,-1.1925e-08,-1.2776459915579208e-08,-1.807499334026569e-05
2_20um.csv,2,20,-0.8800005,-1.186817e-08,-1.271962991557921e-08,-1.7994595336568692e-05
2_20um.csv,2,20,-0.8700007,-1.187931e-08,-1.2730769915579208e-08,-1.8010355212711305e-05
2_20um.csv,2,20,-0.8599996,-1.167427e-08,-1.2525729915579208e-08,-1.7720282950208527e-05
2_20um.csv,2,20,-0.8500005,-1.166201e-08,-1.251346991557921e-08,-1.7702938598188027e-05
2_20um.csv,2,20,-0.8400008,-1.14826e-08,-1.2334059915579208e-08,-1.7449125368498096e-05
2_20um.csv,2,20,-0.829999,-1.131321e-08,-1.2164669915579208e-08,-1.7209487539072885e-05
2_20um.csv,2,20,-0.8199992,-1.133661e-08,-1.218806991557921e-08,-1.7242591767236e-05
2_20um.csv,2,20,-0.8100001,-1.117949e-08,-1.2030949915579208e-08,-1.7020312436937348e-05
2_20um.csv,2,20,-0.8000004,-1.108811e-08,-1.1939569915579209e-08,-1.689103618182857e-05
2_20um.csv,2,20,-0.79,-1.099004e-08,-1.184149991557921e-08,-1.6752295512770597e-05
2_20um.csv,2,20,-0.7800002,-1.090312e-08,-1.1754579915579209e-08,-1.6629328866961285e-05
2_20um.csv,2,20,-0.7699991,-1.089198e-08,-1.1743439915579208e-08,-1.6613568990818673e-05
2_20um.csv,2,20,-0.7599993,-1.077385e-08,-1.1625309915579208e-08,-1.6446449227019155e-05
2_20um.csv,2,20,-0.7500003,-1.064459e-08,-1.149604991557921e-08,-1.626358373418308e-05
2_20um.csv,2,20,-0.7399992,-1.057772e-08,-1.142917991557921e-08,-1.616898203600926e-05
2_20um.csv,2,20,-0.7300007,-1.041837e-08,-1.1269829915579209e-08,-1.5943547901060872e-05
2_20um.csv,2,20,-0.719999,-1.042617e-08,-1.1277629915579209e-08,-1.5954582643781912e-05
2_20um.csv,2,20,-0.7099992,-1.029356e-08,-1.1145019915579209e-08,-1.576697787041821e-05
2_20um.csv,2,20,-0.6999995,-1.01264e-08,-1.0977859915579208e-08,-1.5530494845642732e-05
2_20um.csv,2,20,-0.6900004,-1.007291e-08,-1.0924369915579209e-08,-1.5454821975367306e-05
2_20um.csv,2,20,-0.6799999,-1.005062e-08,-1.0902079915579209e-08,-1.5423288075976032e-05
2_20um.csv,2,20,-0.6700002,-9.868981e-09,-1.0720440915579208e-08,-1.5166321456346976e-05
2_20um.csv,2,20,-0.6600004,-9.796547e-09,-1.0648006915579208e-08,-1.506384830836548e-05
2_20um.csv,2,20,-0.6499993,-9.722998e-09,-1.0574457915579209e-08,-1.4959797758059118e-05
2_20um.csv,2,20,-0.6400002,-9.578129e-09,-1.0429588915579208e-08,-1.475485004738552e-05
2_20um.csv,2,20,-0.6299998,-9.592616e-09,-1.0444075915579209e-08,-1.4775344959923941e-05
2_20um.csv,2,20,-0.6200007,-9.447747e-09,-1.0299206915579209e-08,-1.4570397249250343e-05
2_20um.csv,2,20,-0.6099996,-9.408744e-09,-1.0260203915579208e-08,-1.4515219291513336e-05
2_20um.csv,2,20,-0.6000005,-9.328509e-09,-1.0179968915579208e-08,-1.4401709986100195e-05
2_20um.csv,2,20,-0.5900001,-9.154666e-09,-1.0006125915579208e-08,-1.4155772450349757e-05
2_20um.csv,2,20,-0.5799997,-9.143523e-09,-9.994982915579208e-09,-1.414000833007533e-05
2_20um.csv,2,20,-0.5699999,-9.010912e-09,-9.86237191557921e-09,-1.3952402142001027e-05
2_20um.csv,2,20,-0.5600008,-8.928448e-09,-9.779907915579208e-09,-1.3835739446648757e-05
2_20um.csv,2,20,-0.5500004,-8.825926e-09,-9.677385915579209e-09,-1.369070048597616e-05
2_20um.csv,2,20,-0.54,-8.746805e-09,-9.598264915579208e-09,-1.3578767168177281e-05
2_20um.csv,2,20,-0.5300002,-8.660998e-09,-9.512457915579209e-09,-1.3457375095271626e-05
2_20um.csv,2,20,-0.5199998,-8.593021e-09,-9.444480915579208e-09,-1.3361207312457778e-05
2_20um.csv,2,20,-0.51,-8.484927e-09,-9.336386915579208e-09,-1.3208285584292666e-05
2_20um.csv,2,20,-0.5000003,-8.406921e-09,-9.258380915579209e-09,-1.3097929668818653e-05
2_20um.csv,2,20,-0.4899999,-8.262052e-09,-9.113511915579209e-09,-1.2892981958145055e-05
2_20um.csv,2,20,-0.4800001,-8.139471e-09,-8.99093091557921e-09,-1.2719565317441521e-05
2_20um.csv,2,20,-0.4700017,-8.082638e-09,-8.93409791557921e-09,-1.2639163069612706e-05
2_20um.csv,2,20,-0.4599999,-7.958942e-09,-8.810401915579209e-09,-1.2464169026584305e-05
2_20um.csv,2,20,-0.4500002,-7.908795e-09,-8.76025491557921e-09,-1.2393225533862268e-05
2_20um.csv,2,20,-0.4400004,-7.768384e-09,-8.61984391557921e-09,-1.2194584603066924e-05
2_20um.csv,2,20,-0.4299993,-7.672547e-09,-8.524006915579209e-09,-1.2059002982790497e-05
2_20um.csv,2,20,-0.4199996,-7.582283e-09,-8.43374291557921e-09,-1.1931305544717192e-05
2_20um.csv,2,20,-0.4100005,-7.528793e-09,-8.380252915579208e-09,-1.1855632674441764e-05
2_20um.csv,2,20,-0.4,-7.480875e-09,-8.33233491557921e-09,-1.1787842571658856e-05
2_20um.csv,2,20,-0.3900003,-7.397297e-09,-8.24875691557921e-09,-1.1669603888692327e-05
2_20um.csv,2,20,-0.3800005,-7.231255e-09,-8.082714915579208e-09,-1.143470251037353e-05
2_20um.csv,2,20,-0.3700001,-7.188909e-09,-8.040368915579209e-09,-1.1374795175083136e-05
2_20um.csv,2,20,-0.359999,-7.067442e-09,-7.918901915579209e-09,-1.1202954521993864e-05
2_20um.csv,2,20,-0.3499999,-6.988321e-09,-7.839780915579208e-09,-1.1091021204194983e-05
2_20um.csv,2,20,-0.3400008,-6.879112e-09,-7.730571915579208e-09,-1.0936522073705003e-05
2_20um.csv,2,20,-0.3299997,-6.807792e-09,-7.65925191557921e-09,-1.083562491333777e-05
2_20um.csv,2,20,-0.3200006,-6.718642e-09,-7.570101915579208e-09,-1.0709503462878723e-05
2_20um.csv,2,20,-0.3100002,-6.640636e-09,-7.492095915579208e-09,-1.0599147547404712e-05
2_20um.csv,2,20,-0.2999998,-6.425562e-09,-7.277021915579209e-09,-1.0294880078688746e-05
2_20um.csv,2,20,-0.2900007,-6.421104e-09,-7.272563915579209e-09,-1.028857329881049e-05
2_20um.csv,2,20,-0.2799996,-6.299637e-09,-7.151096915579209e-09,-1.0116732645721219e-05
2_20um.csv,2,20,-0.2700005,-6.197115e-09,-7.048574915579209e-09,-9.97169368504862e-06
2_20um.csv,2,20,-0.2600007,-6.115765e-09,-6.967224915579209e-09,-9.856606977310614e-06
2_20um.csv,2,20,-0.2500003,-6.07119e-09,-6.9226499155792084e-09,-9.79354625208109e-06
2_20um.csv,2,20,-0.2400006,-5.949723e-09,-6.8011829155792086e-09,-9.621705598991817e-06
2_20um.csv,2,20,-0.2300008,-5.862802e-09,-6.714261915579209e-09,-9.498737538471901e-06
2_20um.csv,2,20,-0.2200004,-5.697875e-09,-6.549334915579209e-09,-9.265413562477971e-06
2_20um.csv,2,20,-0.21,-5.583094e-09,-6.4345539155792085e-09,-9.103031664495476e-06
2_20um.csv,2,20,-0.2000002,-5.483915e-09,-6.335374915579209e-09,-8.962722081376266e-06
2_20um.csv,2,20,-0.1899991,-5.378049e-09,-6.229508915579209e-09,-8.812952328439675e-06
2_20um.csv,2,20,-0.18,-5.249896e-09,-6.101355915579209e-09,-8.631652920243624e-06
2_20um.csv,2,20,-0.1699996,-5.162975e-09,-6.014434915579209e-09,-8.508684859723708e-06
2_20um.csv,2,20,-0.1599998,-5.004733e-09,-5.856192915579209e-09,-8.284818224125951e-06
2_20um.csv,2,20,-0.1500007,-4.896639e-09,-5.748098915579209e-09,-8.131896495960837e-06
2_20um.csv,2,20,-0.1399996,-4.755113e-09,-5.606572915579209e-09,-7.931678162840626e-06
2_20um.csv,2,20,-0.1299992,-4.613588e-09,-5.465047915579209e-09,-7.731461244431022e-06
2_20um.csv,2,20,-0.1200015,-4.441974e-09,-5.293433915579209e-09,-7.488677098619711e-06
2_20um.csv,2,20,-0.1100004,-4.316049e-09,-5.167508915579209e-09,-7.310529665652183e-06
2_20um.csv,2,20,-0.09999928,-4.124377e-09,-4.9758369155792085e-09,-7.03936925452054e-06
2_20um.csv,2,20,-0.09000018,-3.876986e-09,-4.728445915579209e-09,-6.689382583174345e-06
2_20um.csv,2,20,-0.07999976,-3.710944e-09,-4.5624039155792085e-09,-6.454481204855549e-06
2_20um.csv,2,20,-0.07000067,-3.412291e-09,-4.263750915579208e-09,-6.031973638462448e-06
2_20um.csv,2,20,-0.06000024,-3.120325e-09,-3.971784915579209e-09,-5.61892624188673e-06
2_20um.csv,2,20,-0.05000048,-2.755924e-09,-3.6073839155792086e-09,-5.10340428261891e-06
2_20um.csv,2,20,-0.04000006,-2.278972e-09,-3.1304319155792083e-09,-4.4286552300183265e-06
2_20um.csv,2,20,-0.0300003,-1.780846e-09,-2.6323059155792085e-09,-3.72395109506194e-06
2_20um.csv,2,20,-0.02000054,-1.047587e-09,-1.8990469155792084e-09,-2.686601811358651e-06
2_20um.csv,2,20,-0.01000011,-2.095768e-10,-1.0610367155792084e-09,-1.501059894101515e-06
2_20um.csv,2,20,-1.022334e-06,8.513084e-10,-1.5151557920848252e-13,-2.1435069676854747e-10
2_20um.csv,2,20,0.009999403,2.333427e-09,1.4819670844207917e-09,2.09655455097825e-06
2_20um.csv,2,20,0.01999983,4.069624e-09,3.218164084420792e-09,4.5527708597010884e-06
2_20um.csv,2,20,0.02999959,6.569167e-09,5.7177070844207914e-09,8.088900850107712e-06
2_20um.csv,2,20,0.04000068,9.755166e-09,8.903706084420791e-09,1.2596167423759582e-05
2_20um.csv,2,20,0.05000044,1.400874e-08,1.3157280084420791e-08,1.8613743671823276e-05
2_20um.csv,2,20,0.05999953,1.917387e-08,1.832241008442079e-08,2.592090786037653e-05
2_20um.csv,2,20,0.06999996,2.645631e-08,2.560485008442079e-08,3.622345296055557e-05
2_20um.csv,2,20,0.08000105,3.598979e-08,3.513833008442079e-08,4.971056822160198e-05
2_20um.csv,2,20,0.09000014,4.921631e-08,4.836485008442079e-08,6.842226633630257e-05
2_20um.csv,2,20,0.0999999,6.462143e-08,6.37699700844208e-08,9.021605297562541e-05
2_20um.csv,2,20,0.109999,8.622916e-08,8.537770008442079e-08,0.00012078473776224797
2_20um.csv,2,20,0.1199994,1.110162e-07,1.101647400844208e-07,0.00015585122612328382
2_20um.csv,2,20,0.1300005,1.479187e-07,1.470672400844208e-07,0.00020805758423393864
2_20um.csv,2,20,0.1399996,1.903898e-07,1.8953834008442078e-07,0.00026814189982105144
2_20um.csv,2,20,0.15,2.483685e-07,2.475170400844208e-07,0.0003501649815903143
2_20um.csv,2,20,0.1599998,3.14451e-07,3.135995400844208e-07,0.0004436525951624936
2_20um.csv,2,20,0.1699995,4.015439e-07,4.006924400844208e-07,0.0005668638444354547
2_20um.csv,2,20,0.1799993,5.012626e-07,5.004111400844208e-07,0.0007079369468683239
2_20um.csv,2,20,0.1899997,6.313213e-07,6.304698400844207e-07,0.0008919323690648205
2_20um.csv,2,20,0.2000002,7.783721e-07,7.775206400844208e-07,0.0010999666953369778
2_20um.csv,2,20,0.2099992,9.526447e-07,9.517932400844208e-07,0.0013465119907634367
2_20um.csv,2,20,0.2199997,1.149217e-06,1.1483655400844208e-06,0.001624604908274041
2_20um.csv,2,20,0.2299994,1.366693e-06,1.3658415400844208e-06,0.0019322705118638456
2_20um.csv,2,20,0.2399992,1.640004e-06,1.639152540084421e-06,0.002318926482098415
2_20um.csv,2,20,0.2500009,1.926688e-06,1.9258365400844206e-06,0.0027245013772571425
2_20um.csv,2,20,0.26,2.244271e-06,2.243419540084421e-06,0.0031737894154078394
2_20um.csv,2,20,0.2699998,2.602781e-06,2.601929540084421e-06,0.003680977314500065
2_20um.csv,2,20,0.2799989,2.985721e-06,2.984869540084421e-06,0.004222726593678824
2_20um.csv,2,20,0.2899993,3.403167e-06,3.402315540084421e-06,0.004813291877002729
2_20um.csv,2,20,0.2999997,3.858547e-06,3.85769554008442e-06,0.005457522792426615
2_20um.csv,2,20,0.3099995,4.340225e-06,4.33937354008442e-06,0.006138957767347663
2_20um.csv,2,20,0.3199993,4.863241e-06,4.86238954008442e-06,0.006878874049269003
2_20um.csv,2,20,0.3299997,5.416638e-06,5.41578654008442e-06,0.007661770654088786
2_20um.csv,2,20,0.3400001,5.982389e-06,5.98153754008442e-06,0.008462144593725967
2_20um.csv,2,20,0.3499985,6.600537e-06,6.5996855400844206e-06,0.009336645124947024
2_20um.csv,2,20,0.3599976,7.234847e-06,7.23399554008442e-06,0.010234010208970315
2_20um.csv,2,20,0.37,7.922689e-06,7.92183754008442e-06,0.01120710758111445
2_20um.csv,2,20,0.3799998,8.575205e-06,8.57435354008442e-06,0.012130228886417127
2_20um.csv,2,20,0.3899996,9.325467e-06,9.324615540084421e-06,0.013191632494541677
2_20um.csv,2,20,0.399998,1.004476e-05,1.004390854008442e-05,0.014209223929931885
2_20um.csv,2,20,0.4100004,1.084219e-05,1.084133854008442e-05,0.015337356607885398
2_20um.csv,2,20,0.4200002,1.155442e-05,1.155356854008442e-05,0.016344955942270648
2_20um.csv,2,20,0.4299999,1.249178e-05,1.249092854008442e-05,0.01767104907521837
2_20um.csv,2,20,0.4400004,1.326192e-05,1.3261068540084421e-05,0.018760574300754302
2_20um.csv,2,20,0.4499988,1.414037e-05,1.4139518540084421e-05,0.020003326831946083
2_20um.csv,2,20,0.4599999,1.496236e-05,1.496150854008442e-05,0.021166204802364814
2_20um.csv,2,20,0.4699996,1.587675e-05,1.5875898540084422e-05,0.022459802032709687
2_20um.csv,2,20,0.4800014,1.673432e-05,1.6733468540084424e-05,0.023673015406463615
2_20um.csv,2,20,0.4899992,1.766297e-05,1.7662118540084424e-05,0.024986786410039513
2_20um.csv,2,20,0.4999996,1.860795e-05,1.860709854008442e-05,0.026323659637799326
2_20um.csv,2,20,0.5099987,1.956264e-05,1.9561788540084423e-05,0.02767426970553623
2_20um.csv,2,20,0.5199991,2.051162e-05,2.0510768540084422e-05,0.02901680177571709
2_20um.csv,2,20,0.5299995,2.147331e-05,2.1472458540084423e-05,0.030377314817690824
2_20um.csv,2,20,0.5399999,2.250211e-05,2.2501258540084422e-05,0.03183276908838364
2_20um.csv,2,20,0.5500004,2.346603e-05,2.3465178540084423e-05,0.0331964369350071
2_20um.csv,2,20,0.5599995,2.452421e-05,2.452335854008442e-05,0.034693455403282496
2_20um.csv,2,20,0.5699992,2.550533e-05,2.5504478540084422e-05,0.03608145627231645
2_20um.csv,2,20,0.5799996,2.65714e-05,2.6570548540084423e-05,0.03758963680726736
2_20um.csv,2,20,0.5900007,2.75954e-05,2.7594548540084422e-05,0.03903830046705492
2_20um.csv,2,20,0.6000005,2.869571e-05,2.8694858540084423e-05,0.04059492069312998
2_20um.csv,2,20,0.6100003,2.974947e-05,2.9748618540084424e-05,0.04208568614053011
2_20um.csv,2,20,0.62,3.084721e-05,3.084635854008442e-05,0.04363867056034964
2_20um.csv,2,20,0.6300004,3.19282e-05,3.1927348540084416e-05,0.04516795857753104
2_20um.csv,2,20,0.6399989,3.305574e-05,3.305488854008442e-05,0.04676310137338736
2_20um.csv,2,20,0.6500006,3.412564e-05,3.412478854008442e-05,0.048276700249956415
2_20um.csv,2,20,0.659999,3.5299e-05,3.529814854008442e-05,0.049936665085745804
2_20um.csv,2,20,0.6700008,3.650698e-05,3.650612854008442e-05,0.05164560720268934
2_20um.csv,2,20,0.6799966,3.751767e-05,3.751681854008442e-05,0.05307544106432087
2_20um.csv,2,20,0.690001,3.875493e-05,3.875407854008442e-05,0.054825805907786455
2_20um.csv,2,20,0.6999968,3.974076e-05,3.973990854008442e-05,0.0562204700637712
2_20um.csv,2,20,0.7099978,4.114553e-05,4.114467854008442e-05,0.058207813080724105
2_20um.csv,2,20,0.7199983,4.220643e-05,4.220557854008442e-05,0.05970867956184581
2_20um.csv,2,20,0.7300034,4.351252e-05,4.351166854008442e-05,0.06155641893627153
2_20um.csv,2,20,0.7399991,4.456058e-05,4.455972854008442e-05,0.06303912053322168
2_20um.csv,2,20,0.7499995,4.593828e-05,4.593742854008442e-05,0.06498816733409016
2_20um.csv,2,20,0.7599993,4.702705e-05,4.702619854008442e-05,0.06652846179978049
2_20um.csv,2,20,0.7700011,4.837112e-05,4.837026854008442e-05,0.06842993188299404
2_20um.csv,2,20,0.7799955,4.951682e-05,4.951596854008442e-05,0.0700507658234419
2_20um.csv,2,20,0.7899992,5.077716e-05,5.077630854008442e-05,0.07183378218767691
2_20um.csv,2,20,0.8000003,5.199721e-05,5.199635854008442e-05,0.07355979986162595
2_20um.csv,2,20,0.8099994,5.322868e-05,5.322782854008442e-05,0.07530197353068707
2_20um.csv,2,20,0.8200012,5.454002e-05,5.4539168540084416e-05,0.07715714013579042
2_20um.csv,2,20,0.8299989,5.571467e-05,5.571381854008442e-05,0.07881892994826059
2_20um.csv,2,20,0.839998,5.702951e-05,5.702865854008442e-05,0.08067904804048236
2_20um.csv,2,20,0.8499958,5.818521e-05,5.818435854008442e-05,0.08231402908698282
2_20um.csv,2,20,0.8600016,5.955526e-05,5.955440854008442e-05,0.08425225335172105
2_20um.csv,2,20,0.8700006,6.074973e-05,6.074887854008442e-05,0.08594208272838752
2_20um.csv,2,20,0.8800011,6.225633e-05,6.225547854008442e-05,0.08807348572627419
2_20um.csv,2,20,0.8899995,6.338555e-05,6.338469854008442e-05,0.08967100523594733
2_20um.csv,2,20,0.8999993,6.491619e-05,6.491533854008442e-05,0.09183641787678447
2_20um.csv,2,20,0.909997,6.616344e-05,6.616258854008442e-05,0.09360091567919662
2_20um.csv,2,20,0.9199961,6.768071e-05,6.767985854008442e-05,0.09574741363924141
2_20um.csv,2,20,0.9300025,6.889398e-05,6.889312854008441e-05,0.09746383957528677
2_20um.csv,2,20,0.939997,7.0296e-05,7.029514854008442e-05,0.09944729213807524
2_20um.csv,2,20,0.9499994,7.157184e-05,7.157098854008442e-05,0.1012522365166918
2_20um.csv,2,20,0.9599978,7.295997e-05,7.295911854008442e-05,0.10321603874917315
2_20um.csv,2,20,0.9700009,7.437508e-05,7.437422854008442e-05,0.10521800987378445
2_20um.csv,2,20,0.9799993,7.566408e-05,7.566322854008442e-05,0.10704157184396626
2_20um.csv,2,20,0.9899978,7.710368e-05,7.710282854008442e-05,0.10907818923130042
2_20um.csv,2,20,0.9999948,7.834527e-05,7.834441854008442e-05,0.11083467977168678
2_25um.csv,2,25,-0.9999989,-2.69129e-09,-2.5117814703921766e-09,-3.553443884262613e-06
2_25um.csv,2,25,-0.9899998,-2.704663e-09,-2.5251544703921766e-09,-3.5723628091867724e-06
2_25um.csv,2,25,-0.98,-2.603255e-09,-2.4237464703921765e-09,-3.428899836128435e-06
2_25um.csv,2,25,-0.9700003,-2.636686e-09,-2.4571774703921763e-09,-3.476195026372925e-06
2_25um.csv,2,25,-0.9599999,-2.583196e-09,-2.4036874703921764e-09,-3.4005221560974988e-06
2_25um.csv,2,25,-0.9500001,-2.545307e-09,-2.3657984703921765e-09,-3.3469201859747536e-06
2_25um.csv,2,25,-0.9400003,-2.544193e-09,-2.3646844703921763e-09,-3.3453441983604926e-06
2_25um.csv,2,25,-0.9299999,-2.494046e-09,-2.3145374703921765e-09,-3.2744007056384547e-06
2_25um.csv,2,25,-0.9200002,-2.54085e-09,-2.3613414703921764e-09,-3.340614820807104e-06
2_25um.csv,2,25,-0.9100004,-2.48736e-09,-2.3078514703921764e-09,-3.2649419505316777e-06
2_25um.csv,2,25,-0.9,-2.490703e-09,-2.3111944703921763e-09,-3.269671328085066e-06
2_25um.csv,2,25,-0.8899995,-2.42384e-09,-2.2443314703921766e-09,-3.175079532885481e-06
2_25um.csv,2,25,-0.8800005,-2.470644e-09,-2.2911354703921766e-09,-3.24129364805413e-06
2_25um.csv,2,25,-0.87,-2.457272e-09,-2.2777634703921764e-09,-3.222376137840576e-06
2_25um.csv,2,25,-0.8599996,-2.355863e-09,-2.1763544703921764e-09,-3.0789117500716335e-06
2_25um.csv,2,25,-0.8500005,-2.402667e-09,-2.2231584703921763e-09,-3.145125865240283e-06
2_25um.csv,2,25,-0.8400008,-2.39821e-09,-2.2187014703921766e-09,-3.1388205000726337e-06
2_25um.csv,2,25,-0.8300003,-2.385952e-09,-2.2064434703921763e-09,-3.12147897747334e-06
2_25um.csv,2,25,-0.8200012,-2.311288e-09,-2.1317794703921764e-09,-3.0158510248421117e-06
2_25um.csv,2,25,-0.8100001,-2.295687e-09,-2.1161784703921763e-09,-2.9937801246894297e-06
2_25um.csv,2,25,-0.7999997,-2.317975e-09,-2.1384664703921764e-09,-3.0253111946594937e-06
2_25um.csv,2,25,-0.79,-2.251112e-09,-2.0716034703921764e-09,-2.930719399459908e-06
2_25um.csv,2,25,-0.7799995,-2.223253e-09,-2.0437444703921763e-09,-2.8913069767079337e-06
2_25um.csv,2,25,-0.7700004,-2.208766e-09,-2.0292574703921764e-09,-2.8708120641695136e-06
2_25um.csv,2,25,-0.7600007,-2.200965e-09,-2.0214564703921766e-09,-2.8597759067378705e-06
2_25um.csv,2,25,-0.7500003,-2.157505e-09,-1.9779964703921764e-09,-2.7982925838332143e-06
2_25um.csv,2,25,-0.7399992,-2.18425e-09,-2.0047414703921766e-09,-2.836129018970928e-06
2_25um.csv,2,25,-0.7300001,-2.150818e-09,-1.9713094703921765e-09,-2.7888324140158323e-06
2_25um.csv,2,25,-0.7200003,-2.116273e-09,-1.9367644703921764e-09,-2.7399612361570806e-06
2_25um.csv,2,25,-0.7099999,-2.110701e-09,-1.9311924703921765e-09,-2.732078468664565e-06
2_25um.csv,2,25,-0.7000001,-2.054982e-09,-1.8754734703921766e-09,-2.653252208450011e-06
2_25um.csv,2,25,-0.6899997,-2.036038e-09,-1.8565294703921764e-09,-2.626451930743941e-06
2_25um.csv,2,25,-0.6799993,-2.010407e-09,-1.8308984703921764e-09,-2.590191483220489e-06
2_25um.csv,2,25,-0.6699995,-2.027123e-09,-1.8476144703921763e-09,-2.6138397856980365e-06
2_25um.csv,2,25,-0.6599998,-2.069469e-09,-1.8899604703921764e-09,-2.6737471209884313e-06
2_25um.csv,2,25,-0.6499993,-2.00595e-09,-1.8264414703921763e-09,-2.583886118052839e-06
2_25um.csv,2,25,-0.6400009,-1.97029e-09,-1.790781470392176e-09,-2.5334375378692213e-06
2_25um.csv,2,25,-0.6300005,-1.974747e-09,-1.7952384703921762e-09,-2.539742903036871e-06
2_25um.csv,2,25,-0.6200007,-1.932401e-09,-1.7528924703921762e-09,-2.479835567746476e-06
2_25um.csv,2,25,-0.6100003,-1.907885e-09,-1.7283764703921764e-09,-2.445152522547891e-06
2_25um.csv,2,25,-0.5999992,-1.946888e-09,-1.7673794703921761e-09,-2.5003304802848966e-06
2_25um.csv,2,25,-0.5900001,-1.857738e-09,-1.6782294703921763e-09,-2.3742090298258526e-06
2_25um.csv,2,25,-0.5800004,-1.862195e-09,-1.6826864703921764e-09,-2.380514394993502e-06
2_25um.csv,2,25,-0.5699999,-1.838793e-09,-1.6592844703921762e-09,-2.347407337409177e-06
2_25um.csv,2,25,-0.5600008,-1.814277e-09,-1.6347684703921762e-09,-2.3127242922105914e-06
2_25um.csv,2,25,-0.5500004,-1.807591e-09,-1.6280824703921763e-09,-2.3032655371038148e-06
2_25um.csv,2,25,-0.54,-1.802019e-09,-1.6225104703921763e-09,-2.2953827696112987e-06
2_25um.csv,2,25,-0.5300002,-1.749643e-09,-1.5701344703921764e-09,-2.2212858869501334e-06
2_25um.csv,2,25,-0.5199998,-1.778617e-09,-1.5991084703921763e-09,-2.262275712026974e-06
2_25um.csv,2,25,-0.5099994,-1.715098e-09,-1.5355894703921762e-09,-2.1724147090913818e-06
2_25um.csv,2,25,-0.5000003,-1.754101e-09,-1.5745924703921763e-09,-2.227592666828388e-06
2_25um.csv,2,25,-0.4899999,-1.709526e-09,-1.5300174703921762e-09,-2.1645319415988658e-06
2_25um.csv,2,25,-0.4799994,-1.673866e-09,-1.4943574703921764e-09,-2.1140833614152485e-06
2_25um.csv,2,25,-0.470001,-1.662722e-09,-1.4832134703921763e-09,-2.0983178264302165e-06
2_25um.csv,2,25,-0.4600006,-1.658265e-09,-1.4787564703921762e-09,-2.092012461262567e-06
2_25um.csv,2,25,-0.4499995,-1.614804e-09,-1.4352954703921763e-09,-2.030527723647306e-06
2_25um.csv,2,25,-0.4400004,-1.55017e-09,-1.3706614703921763e-09,-1.9390893183868478e-06
2_25um.csv,2,25,-0.4300013,-1.605889e-09,-1.4263804703921763e-09,-2.0179155786014016e-06
2_25um.csv,2,25,-0.4199996,-1.525654e-09,-1.3461454703921763e-09,-1.9044062731882617e-06
2_25um.csv,2,25,-0.4100005,-1.55017e-09,-1.3706614703921763e-09,-1.9390893183868478e-06
2_25um.csv,2,25,-0.4000007,-1.49668e-09,-1.3171714703921763e-09,-1.863416448111421e-06
2_25um.csv,2,25,-0.3899989,-1.487765e-09,-1.3082564703921762e-09,-1.8508043030655167e-06
2_25um.csv,2,25,-0.3800005,-1.501138e-09,-1.3216294703921763e-09,-1.869723227989676e-06
2_25um.csv,2,25,-0.3700008,-1.433161e-09,-1.2536524703921762e-09,-1.773555445175829e-06
2_25um.csv,2,25,-0.359999,-1.45322e-09,-1.2737114703921763e-09,-1.8019331252067655e-06
2_25um.csv,2,25,-0.3500006,-1.440961e-09,-1.2614524703921763e-09,-1.7845901878968672e-06
2_25um.csv,2,25,-0.3400015,-1.35404e-09,-1.1745314703921763e-09,-1.6616221273769504e-06
2_25um.csv,2,25,-0.3300004,-1.391929e-09,-1.2124204703921763e-09,-1.7152240974996956e-06
2_25um.csv,2,25,-0.32,-1.341782e-09,-1.1622734703921762e-09,-1.6442806047776574e-06
2_25um.csv,2,25,-0.3100002,-1.342896e-09,-1.1633874703921762e-09,-1.6458565923919186e-06
2_25um.csv,2,25,-0.2999991,-1.332867e-09,-1.1533584703921763e-09,-1.631668459731753e-06
2_25um.csv,2,25,-0.29,-1.29275e-09,-1.1132414703921762e-09,-1.5749145143804858e-06
2_25um.csv,2,25,-0.2799996,-1.27492e-09,-1.0954114703921762e-09,-1.549690224288677e-06
2_25um.csv,2,25,-0.2699998,-1.248175e-09,-1.0686664703921762e-09,-1.5118537891509638e-06
2_25um.csv,2,25,-0.2600001,-1.258204e-09,-1.0786954703921763e-09,-1.5260419218111293e-06
2_25um.csv,2,25,-0.2500003,-1.212514e-09,-1.0330054703921763e-09,-1.4614037942567409e-06
2_25um.csv,2,25,-0.2400006,-1.203599e-09,-1.0240904703921762e-09,-1.4487916492108363e-06
2_25um.csv,2,25,-0.2300001,-1.163482e-09,-9.839734703921763e-10,-1.3920377038595693e-06
2_25um.csv,2,25,-0.2200004,-1.123364e-09,-9.438554703921762e-10,-1.3352823437976966e-06
2_25um.csv,2,25,-0.2100006,-1.232573e-09,-1.0530644703921762e-09,-1.489781474287677e-06
2_25um.csv,2,25,-0.2000009,-1.150109e-09,-9.706004703921762e-10,-1.37311877893541e-06
2_25um.csv,2,25,-0.1900004,-1.06876e-09,-8.892514703921763e-10,-1.2580334859080092e-06
2_25um.csv,2,25,-0.18,-1.105534e-09,-9.260254703921764e-10,-1.3100580537058882e-06
2_25um.csv,2,25,-0.1700003,-1.179083e-09,-9.995744703921762e-10,-1.4141086040122507e-06
2_25um.csv,2,25,-0.1600012,-9.706951e-10,-7.911865703921764e-10,-1.1193000318741213e-06
2_25um.csv,2,25,-0.1500001,-9.250057e-10,-7.454971703921763e-10,-1.054662753146096e-06
2_25um.csv,2,25,-0.1399996,-1.017499e-09,-8.379904703921763e-10,-1.1855140055717102e-06
2_25um.csv,2,25,-0.1299999,-9.784957e-10,-7.989871703921763e-10,-1.1303356234215225e-06
2_25um.csv,2,25,-0.1199995,-9.216626e-10,-7.421540703921764e-10,-1.049933234121647e-06
2_25um.csv,2,25,-0.1099997,-9.283488e-10,-7.488402703921764e-10,-1.059392272170545e-06
2_25um.csv,2,25,-0.09999994,-8.949176e-10,-7.154090703921764e-10,-1.0120967989839338e-06
2_25um.csv,2,25,-0.09000085,-8.971463e-10,-7.176377703921764e-10,-1.0152497645098797e-06
2_25um.csv,2,25,-0.08000042,-8.425419e-10,-6.630333703921763e-10,-9.380003407359499e-07
2_25um.csv,2,25,-0.07,-8.046532e-10,-6.251446703921764e-10,-8.843987950263864e-07
2_25um.csv,2,25,-0.06000091,-7.38905e-10,-5.593964703921764e-10,-7.91384119209546e-07
2_25um.csv,2,25,-0.05000048,-7.400194e-10,-5.605108703921764e-10,-7.929606727080492e-07
2_25um.csv,2,25,-0.04000006,-6.185525e-10,-4.3904397039217633e-10,-6.211201610898364e-07
2_25um.csv,2,25,-0.0300003,-6.085231e-10,-4.290145703921764e-10,-6.069314625454288e-07
2_25um.csv,2,25,-0.01999921,-4.71455e-10,-2.9194647039217636e-10,-4.1301976783241356e-07
2_25um.csv,2,25,-0.01000078,-3.82305e-10,-2.0279647039217634e-10,-2.8689831737336936e-07
2_25um.csv,2,25,9.778846e-07,-1.794887e-10,1.9829607823676685e-14,2.8053156486327686e-11
2_25um.csv,2,25,0.01000074,-1.188667e-12,1.7831986260782366e-10,2.5227100076002455e-07
2_25um.csv,2,25,0.0200005,3.086076e-10,4.881161296078236e-10,6.905430651552832e-07
2_25um.csv,2,25,0.02999959,7.96704e-10,9.762125296078237e-10,1.3810582186251409e-06
2_25um.csv,2,25,0.04000001,1.32046e-09,1.4999685296078238e-09,2.122021386394374e-06
2_25um.csv,2,25,0.05000044,2.143984e-09,2.3234925296078234e-09,3.2870695228815733e-06
2_25um.csv,2,25,0.0600002,3.120176e-09,3.2996845296078234e-09,4.668098698052804e-06
2_25um.csv,2,25,0.07000062,4.604524e-09,4.784032529607824e-09,6.768021555551192e-06
2_25um.csv,2,25,0.08000038,6.438786e-09,6.618294529607824e-09,9.36297145977898e-06
2_25um.csv,2,25,0.08999881,9.135573e-09,9.315081529607824e-09,1.3178144628809762e-05
2_25um.csv,2,25,0.1000006,1.249207e-08,1.2671578529607824e-08,1.792661653123747e-05
2_25um.csv,2,25,0.109999,1.6983e-08,1.7162508529607825e-08,2.4279982829723567e-05
2_25um.csv,2,25,0.1199994,2.311875e-08,2.3298258529607824e-08,3.296029342595553e-05
2_25um.csv,2,25,0.1299998,3.058618e-08,3.076568852960782e-08,4.352454584100185e-05
2_25um.csv,2,25,0.1399996,4.02545e-08,4.043400852960782e-08,5.72024206800617e-05
2_25um.csv,2,25,0.1499994,5.304641e-08,5.3225918529607823e-08,7.529927141860967e-05
2_25um.csv,2,25,0.1600004,6.931629e-08,6.949579852960782e-08,9.831644320093826e-05
2_25um.csv,2,25,0.1699995,8.964027e-08,8.981977852960782e-08,0.00012706899324805665
2_25um.csv,2,25,0.1799993,1.158782e-07,1.1605770852960782e-07,0.00016418807107916003
2_25um.csv,2,25,0.1899997,1.476747e-07,1.4785420852960784e-07,0.00020917091683935073
2_25um.csv,2,25,0.1999995,1.872395e-07,1.8741900852960782e-07,0.00026514365899439266
2_25um.csv,2,25,0.2099986,2.37305e-07,2.3748450852960783e-07,0.00033597185280210184
2_25um.csv,2,25,0.2199997,2.975102e-07,2.9768970852960784e-07,0.000421144787733979
2_25um.csv,2,25,0.2299988,3.691144e-07,3.692939085296078e-07,0.0005224440088552295
2_25um.csv,2,25,0.2399992,4.560736e-07,4.5625310852960785e-07,0.0006454661113202673
2_25um.csv,2,25,0.2500003,5.559149e-07,5.560944085296078e-07,0.0007867126572733414
2_25um.csv,2,25,0.2599987,6.754071e-07,6.755866085296078e-07,0.0009557595398593448
2_25um.csv,2,25,0.2699985,8.080289e-07,8.082084085296078e-07,0.0011433810068081868
2_25um.csv,2,25,0.2799996,9.605378e-07,9.607173085296078e-07,0.0013591369650349204
2_25um.csv,2,25,0.2899993,1.129051e-06,1.1292305085296078e-06,0.0015975343762014375
2_25um.csv,2,25,0.2999997,1.317893e-06,1.3180725085296077e-06,0.0018646911563201902
2_25um.csv,2,25,0.3099995,1.523288e-06,1.5234675085296078e-06,0.0021552656410878334
2_25um.csv,2,25,0.3199986,1.737648e-06,1.7378275085296077e-06,0.0024585230064316436
2_25um.csv,2,25,0.3299983,1.97551e-06,1.975689508529608e-06,0.0027950289004203053
2_25um.csv,2,25,0.3400014,2.234635e-06,2.234814508529608e-06,0.0031616157860086375
2_25um.csv,2,25,0.3499979,2.478471e-06,2.478650508529608e-06,0.0035065731611531297
2_25um.csv,2,25,0.3600016,2.75486e-06,2.755039508529608e-06,0.0038975836106306927
2_25um.csv,2,25,0.37,3.045741e-06,3.045920508529608e-06,0.004309096046199703
2_25um.csv,2,25,0.3799998,3.314385e-06,3.314564508529608e-06,0.0046891495620395175
2_25um.csv,2,25,0.3900002,3.62769e-06,3.627869508529608e-06,0.005132385468220906
2_25um.csv,2,25,0.400002,3.930381e-06,3.930560508529608e-06,0.005560605636038051
2_25um.csv,2,25,0.4099991,4.255854e-06,4.256033508529608e-06,0.00602105574086426
2_25um.csv,2,25,0.4199982,4.569176e-06,4.569355508529608e-06,0.0064643156971259386
2_25um.csv,2,25,0.4299999,4.905444e-06,4.905623508529608e-06,0.006940037602935942
2_25um.csv,2,25,0.4399984,5.24143e-06,5.2416095085296075e-06,0.007415360560355262
2_25um.csv,2,25,0.4500015,5.592756e-06,5.592935508529607e-06,0.00791238517845929
2_25um.csv,2,25,0.4599992,5.930178e-06,5.930357508529608e-06,0.008389739660307767
2_25um.csv,2,25,0.469999,6.292158e-06,6.292337508529607e-06,0.008901836605200247
2_25um.csv,2,25,0.4799994,6.651584e-06,6.651763508529608e-06,0.009410320379206895
2_25um.csv,2,25,0.4899998,7.020998e-06,7.021177508529607e-06,0.009932934282738887
2_25um.csv,2,25,0.4999989,7.381958e-06,7.3821375085296075e-06,0.010443588222814004
2_25um.csv,2,25,0.5099993,7.735807e-06,7.735986508529608e-06,0.010944182155775108
2_25um.csv,2,25,0.5199998,8.128997e-06,8.129176508529607e-06,0.011500432218657793
2_25um.csv,2,25,0.5300009,8.491579e-06,8.491758508529607e-06,0.012013380819334642
2_25um.csv,2,25,0.5399973,8.895754e-06,8.895933508529607e-06,0.012585171478216126
2_25um.csv,2,25,0.5499984,9.277063e-06,9.277242508529608e-06,0.013124613364397705
2_25um.csv,2,25,0.5600001,9.697432e-06,9.697611508529608e-06,0.01371931384682079
2_25um.csv,2,25,0.5699999,1.005453e-05,1.0054709508529608e-05,0.014224504174538384
2_25um.csv,2,25,0.5799983,1.052652e-05,1.0526699508529607e-05,0.014892233433115661
2_25um.csv,2,25,0.5900021,1.092047e-05,1.0920649508529607e-05,0.015449558676058347
2_25um.csv,2,25,0.5999992,1.128417e-05,1.1284349508529608e-05,0.015964088923191882
2_25um.csv,2,25,0.6099996,1.167944e-05,1.1679619508529607e-05,0.01652328158413351
2_25um.csv,2,25,0.619998,1.210644e-05,1.2106619508529607e-05,0.01712736301258008
2_25um.csv,2,25,0.6300004,1.251075e-05,1.2510929508529608e-05,0.017699344657393274
2_25um.csv,2,25,0.6399962,1.291193e-05,1.2912109508529607e-05,0.018266898258011997
2_25um.csv,2,25,0.6500013,1.33632e-05,1.3363379508529607e-05,0.018905314712848263
2_25um.csv,2,25,0.6599984,1.374956e-05,1.3749739508529608e-05,0.019451902302297014
2_25um.csv,2,25,0.6699975,1.421399e-05,1.4214169508529608e-05,0.02010893634869852
2_25um.csv,2,25,0.6799999,1.465547e-05,1.4655649508529608e-05,0.02073350278670927
2_25um.csv,2,25,0.690001,1.513197e-05,1.5132149508529607e-05,0.021407612390116276
2_25um.csv,2,25,0.6999994,1.553746e-05,1.5537639508529608e-05,0.021981263393443678
2_25um.csv,2,25,0.7100012,1.602494e-05,1.602511950852961e-05,0.022670906519296454
2_25um.csv,2,25,0.7200003,1.645314e-05,1.645331950852961e-05,0.02327668560046934
2_25um.csv,2,25,0.7299994,1.693161e-05,1.693178950852961e-05,0.02395358218376871
2_25um.csv,2,25,0.7400005,1.737539e-05,1.7375569508529608e-05,0.024581402456171565
2_25um.csv,2,25,0.7500002,1.786177e-05,1.786194950852961e-05,0.025269489400358554
2_25um.csv,2,25,0.7600006,1.828509e-05,1.828526950852961e-05,0.025868364693777766
2_25um.csv,2,25,0.7700011,1.877001e-05,1.8770189508529608e-05,0.026554386160481065
2_25um.csv,2,25,0.7799988,1.9233e-05,1.923317950852961e-05,0.027209383023610995
2_25um.csv,2,25,0.7900012,1.971976e-05,1.971993950852961e-05,0.02789800755782798
2_25um.csv,2,25,0.8000017,2.022814e-05,2.022831950852961e-05,0.028617218135330715
2_25um.csv,2,25,0.8099988,2.068003e-05,2.068020950852961e-05,0.029256511710742242
2_25um.csv,2,25,0.8199959,2.119722e-05,2.1197399508529608e-05,0.029988185888677327
2_25um.csv,2,25,0.8299976,2.166103e-05,2.166120950852961e-05,0.030644342814503567
2_25um.csv,2,25,0.8400034,2.222769e-05,2.222786950852961e-05,0.03144600272608093
2_25um.csv,2,25,0.8499998,2.26765e-05,2.2676679508529608e-05,0.032080938992828247
2_25um.csv,2,25,0.8600009,2.319526e-05,2.3195439508529608e-05,0.032814834266413594
2_25um.csv,2,25,0.8700006,2.369223e-05,2.3692409508529608e-05,0.0335179029959103
2_25um.csv,2,25,0.8799991,2.42286e-05,2.422877950852961e-05,0.0342767113232543
2_25um.csv,2,25,0.8900015,2.471596e-05,2.471613950852961e-05,0.034966184683834445
2_25um.csv,2,25,0.9000006,2.525206e-05,2.5252239508529608e-05,0.03572461103931502
2_25um.csv,2,25,0.9099997,2.577539e-05,2.577556950852961e-05,0.03646497154036642
2_25um.csv,2,25,0.9200001,2.632481e-05,2.632498950852961e-05,0.037242241841109074
2_25um.csv,2,25,0.9300005,2.682862e-05,2.682879950852961e-05,0.03795498719114577
2_25um.csv,2,25,0.940003,2.736399e-05,2.736416950852961e-05,0.0387123808078845
2_25um.csv,2,25,0.9500001,2.790686e-05,2.790703950852961e-05,0.0394803847541627
2_25um.csv,2,25,0.9599991,2.843994e-05,2.844011950852961e-05,0.040234538683615394
2_25um.csv,2,25,0.9699996,2.901646e-05,2.901663950852961e-05,0.041050147641760626
2_25um.csv,2,25,0.9800007,2.9524e-05,2.952417950852961e-05,0.041768169862354945
2_25um.csv,2,25,0.9900011,3.017219e-05,3.017236950852961e-05,0.042685171129579265
2_25um.csv,2,25,0.9999948,3.066302e-05,3.066319950852961e-05,0.04337955353595967
2_30um.csv,2,30,-0.9999996,-1.438287e-10,-1.7273029988576494e-10,-2.4436338709835493e-07
2_30um.csv,2,30,-0.9899998,-1.783743e-10,-2.0727589988576493e-10,-2.9323541378346935e-07
2_30um.csv,2,30,-0.9800014,-1.728024e-10,-2.0170399988576493e-10,-2.8535278776201397e-07
2_30um.csv,2,30,-0.9700009,-1.616587e-10,-1.9056029988576494e-10,-2.695876771901637e-07
2_30um.csv,2,30,-0.9600005,-1.460574e-10,-1.7495899988576494e-10,-2.4751635262430075e-07
2_30um.csv,2,30,-0.9500001,-1.282274e-10,-1.5712899988576493e-10,-2.2229206253249192e-07
2_30um.csv,2,30,-0.940001,-1.494006e-10,-1.7830219988576493e-10,-2.522460131198103e-07
2_30um.csv,2,30,-0.9300006,-1.293418e-10,-1.5824339988576492e-10,-2.238686160309951e-07
2_30um.csv,2,30,-0.9200008,-1.126262e-10,-1.4152779988576493e-10,-2.0022087943768947e-07
2_30um.csv,2,30,-0.9100004,-1.404856e-10,-1.6938719988576492e-10,-2.396338680739059e-07
2_30um.csv,2,30,-0.9,-1.438287e-10,-1.7273029988576494e-10,-2.4436338709835493e-07
2_30um.csv,2,30,-0.8900002,-1.126262e-10,-1.4152779988576493e-10,-2.0022087943768947e-07
2_30um.csv,2,30,-0.8800005,-1.427143e-10,-1.7161589988576492e-10,-2.427868335998517e-07
2_30um.csv,2,30,-0.8700007,-1.527437e-10,-1.8164529988576492e-10,-2.569755321442593e-07
2_30um.csv,2,30,-0.8599996,-1.705737e-10,-1.9947529988576493e-10,-2.8219982223606815e-07
2_30um.csv,2,30,-0.8499998,-1.538581e-10,-1.8275969988576492e-10,-2.5855208564276247e-07
2_30um.csv,2,30,-0.8400001,-1.304562e-10,-1.5935779988576494e-10,-2.254451695294983e-07
2_30um.csv,2,30,-0.8300003,-1.337993e-10,-1.6270089988576493e-10,-2.301746885539473e-07
2_30um.csv,2,30,-0.8199999,-1.538581e-10,-1.8275969988576492e-10,-2.5855208564276247e-07
2_30um.csv,2,30,-0.8099995,-1.148549e-10,-1.4375649988576493e-10,-2.033738449636353e-07
2_30um.csv,2,30,-0.7999997,-1.427143e-10,-1.7161589988576492e-10,-2.427868335998517e-07
2_30um.csv,2,30,-0.79,-1.404856e-10,-1.6938719988576492e-10,-2.396338680739059e-07
2_30um.csv,2,30,-0.7799995,-1.304562e-10,-1.5935779988576494e-10,-2.254451695294983e-07
2_30um.csv,2,30,-0.7700004,-1.137406e-10,-1.4264219988576492e-10,-2.0179743293619264e-07
2_30um.csv,2,30,-0.7600007,-1.393712e-10,-1.6827279988576493e-10,-2.380573145754027e-07
2_30um.csv,2,30,-0.7499996,-1.126262e-10,-1.4152779988576493e-10,-2.0022087943768947e-07
2_30um.csv,2,30,-0.7399992,-1.572012e-10,-1.8610279988576493e-10,-2.632816046672115e-07
2_30um.csv,2,30,-0.7300001,-1.014824e-10,-1.3038399988576494e-10,-1.8445562739477867e-07
2_30um.csv,2,30,-0.7199996,-1.181981e-10,-1.4709969988576493e-10,-2.0810350545914485e-07
2_30um.csv,2,30,-0.7099999,-1.226556e-10,-1.5155719988576494e-10,-2.1440957798209706e-07
2_30um.csv,2,30,-0.7000001,-1.739168e-10,-2.0281839988576492e-10,-2.8692934126051714e-07
2_30um.csv,2,30,-0.6899997,-1.248843e-10,-1.5378589988576491e-10,-2.1756254350804288e-07
2_30um.csv,2,30,-0.6799993,-1.025968e-10,-1.3149839988576493e-10,-1.8603218089328185e-07
2_30um.csv,2,30,-0.6699995,-1.438287e-10,-1.7273029988576494e-10,-2.4436338709835493e-07
2_30um.csv,2,30,-0.6599998,-1.003681e-10,-1.2926969988576493e-10,-1.8287921536733603e-07
2_30um.csv,2,30,-0.6499993,-9.591056e-11,-1.2481215988576492e-10,-1.765730862559596e-07
2_30um.csv,2,30,-0.6399996,-9.256743e-11,-1.2146902988576493e-10,-1.718435247901924e-07
2_30um.csv,2,30,-0.6300005,-9.479618e-11,-1.2369777988576494e-10,-1.7499656105166854e-07
2_30um.csv,2,30,-0.6200001,-9.033868e-11,-1.1924027988576494e-10,-1.6869048852871633e-07
2_30um.csv,2,30,-0.6099996,-1.349137e-10,-1.6381529988576492e-10,-2.3175124205245048e-07
2_30um.csv,2,30,-0.5999999,-1.159693e-10,-1.4487089988576492e-10,-2.0495039846213848e-07
2_30um.csv,2,30,-0.5900008,-7.58518e-11,-1.0475339988576493e-10,-1.4819574575556862e-07
2_30um.csv,2,30,-0.5800004,-1.170837e-10,-1.4598529988576492e-10,-2.0652695196064165e-07
2_30um.csv,2,30,-0.5699999,-1.204268e-10,-1.4932839988576493e-10,-2.112564709850907e-07
2_30um.csv,2,30,-0.5600008,-1.204268e-10,-1.4932839988576493e-10,-2.112564709850907e-07
2_30um.csv,2,30,-0.5500004,-1.215412e-10,-1.5044279988576492e-10,-2.1283302448359387e-07
2_30um.csv,2,30,-0.5400007,-1.382568e-10,-1.6715839988576494e-10,-2.3648076107689952e-07
2_30um.csv,2,30,-0.5300009,-8.030931e-11,-1.0921090988576493e-10,-1.5450183242562687e-07
2_30um.csv,2,30,-0.5199998,-1.471718e-10,-1.7607339988576493e-10,-2.490929061228039e-07
2_30um.csv,2,30,-0.51,-8.922431e-11,-1.1812590988576492e-10,-1.6711397747153127e-07
2_30um.csv,2,30,-0.500001,-1.360281e-10,-1.6492969988576494e-10,-2.3332779555095367e-07
2_30um.csv,2,30,-0.4899999,-5.690743e-11,-8.580902988576494e-11,-1.213949446065748e-07
2_30um.csv,2,30,-0.4800008,-9.368181e-11,-1.2258340988576493e-10,-1.734200499944835e-07
2_30um.csv,2,30,-0.4700017,-1.059399e-10,-1.3484149988576495e-10,-1.9076169991773091e-07
2_30um.csv,2,30,-0.4600006,-1.549724e-10,-1.8387399988576493e-10,-2.6012849767020517e-07
2_30um.csv,2,30,-0.4500002,-9.813931e-11,-1.2704090988576494e-10,-1.7972612251743572e-07
2_30um.csv,2,30,-0.4400017,-9.702493e-11,-1.2592652988576493e-10,-1.7814959731314462e-07
2_30um.csv,2,30,-0.43,-9.479618e-11,-1.2369777988576494e-10,-1.7499656105166854e-07
2_30um.csv,2,30,-0.4200002,-1.025968e-10,-1.3149839988576493e-10,-1.8603218089328185e-07
2_30um.csv,2,30,-0.4100011,-1.181981e-10,-1.4709969988576493e-10,-2.0810350545914485e-07
2_30um.csv,2,30,-0.4,-9.591056e-11,-1.2481215988576492e-10,-1.765730862559596e-07
2_30um.csv,2,30,-0.3900003,-8.365243e-11,-1.1255402988576494e-10,-1.59231379744288e-07
2_30um.csv,2,30,-0.3799999,-9.256743e-11,-1.2146902988576493e-10,-1.718435247901924e-07
2_30um.csv,2,30,-0.3700001,-9.256743e-11,-1.2146902988576493e-10,-1.718435247901924e-07
2_30um.csv,2,30,-0.3600003,-1.193124e-10,-1.4821399988576492e-10,-2.0967991748658747e-07
2_30um.csv,2,30,-0.3499999,-1.048256e-10,-1.3372719988576493e-10,-1.8918528789028824e-07
2_30um.csv,2,30,-0.3399995,-9.591056e-11,-1.2481215988576492e-10,-1.765730862559596e-07
2_30um.csv,2,30,-0.3299997,-1.271131e-10,-1.5601469988576492e-10,-2.2071565050504925e-07
2_30um.csv,2,30,-0.32,-3.907742e-11,-6.797901988576493e-11,-9.617064036765988e-08
2_30um.csv,2,30,-0.3100002,-9.702493e-11,-1.2592652988576493e-10,-1.7814959731314462e-07
2_30um.csv,2,30,-0.2999991,-1.204268e-10,-1.4932839988576493e-10,-2.112564709850907e-07
2_30um.csv,2,30,-0.29,-8.810993e-11,-1.1701152988576494e-10,-1.6553745226724023e-07
2_30um.csv,2,30,-0.2800003,-7.473743e-11,-1.0363902988576492e-10,-1.466192346983836e-07
2_30um.csv,2,30,-0.2699998,-9.925368e-11,-1.2815527988576493e-10,-1.8130263357462073e-07
2_30um.csv,2,30,-0.2599994,-1.427143e-10,-1.7161589988576492e-10,-2.427868335998517e-07
2_30um.csv,2,30,-0.2500003,-6.805118e-11,-9.695277988576492e-11,-1.3716012591395527e-07
2_30um.csv,2,30,-0.2400006,-7.58518e-11,-1.0475339988576493e-10,-1.4819574575556862e-07
2_30um.csv,2,30,-0.2300015,-7.808055e-11,-1.0698214988576492e-10,-1.513487820170447e-07
2_30um.csv,2,30,-0.2199997,-8.142368e-11,-1.1032527988576495e-10,-1.5607834348281193e-07
2_30um.csv,2,30,-0.2100006,-9.702493e-11,-1.2592652988576493e-10,-1.7814959731314462e-07
2_30um.csv,2,30,-0.2000009,-9.479618e-11,-1.2369777988576494e-10,-1.7499656105166854e-07
2_30um.csv,2,30,-0.1899991,-1.092831e-10,-1.3818469988576494e-10,-1.9549136041324045e-07
2_30um.csv,2,30,-0.1800007,-1.148549e-10,-1.4375649988576493e-10,-2.033738449636353e-07
2_30um.csv,2,30,-0.1700003,-6.359368e-11,-9.249527988576494e-11,-1.3085405339100308e-07
2_30um.csv,2,30,-0.1599998,-7.250868e-11,-1.0141027988576493e-10,-1.4346619843690748e-07
2_30um.csv,2,30,-0.1500007,-5.022118e-11,-7.912277988576493e-11,-1.1193583582214646e-07
2_30um.csv,2,30,-0.1400003,-3.684867e-11,-6.575026988576493e-11,-9.301760410618377e-08
2_30um.csv,2,30,-0.1299999,-4.91068e-11,-7.800839988576494e-11,-1.1035931061785539e-07
2_30um.csv,2,30,-0.1200001,-6.805118e-11,-9.695277988576492e-11,-1.3716012591395527e-07
2_30um.csv,2,30,-0.1099997,-5.133555e-11,-8.023714988576493e-11,-1.1351234687933148e-07
2_30um.csv,2,30,-0.1000006,-7.473743e-11,-1.0363902988576492e-10,-1.466192346983836e-07
2_30um.csv,2,30,-0.09000085,-3.12768e-11,-6.017839988576494e-11,-8.513502052604655e-08
2_30um.csv,2,30,-0.08000109,-6.136493e-11,-9.026652988576493e-11,-1.2770101712952695e-07
2_30um.csv,2,30,-0.07000067,-7.58518e-11,-1.0475339988576493e-10,-1.4819574575556862e-07
2_30um.csv,2,30,-0.06000024,-5.244993e-11,-8.135152988576494e-11,-1.1508887208362256e-07
2_30um.csv,2,30,-0.05000048,-8.588118e-11,-1.1478277988576493e-10,-1.623844160057641e-07
2_30um.csv,2,30,-0.03999939,-2.68193e-11,-5.5720899885764934e-11,-7.882894800309434e-08
2_30um.csv,2,30,-0.03000097,-7.429172e-14,-2.8975891605764935e-11,-4.0992501151577285e-08
2_30um.csv,2,30,-0.02000054,-2.124742e-11,-5.0149019885764935e-11,-7.094635027585105e-08
2_30um.csv,2,30,-0.009999447,2.221321e-11,-6.688389885764935e-12,-9.462136103514011e-09
2_30um.csv,2,30,-3.555944e-07,2.889946e-11,-2.1398857649334976e-15,-3.02731908569909e-12
2_30um.csv,2,30,0.009999403,8.907572e-11,6.017412011423507e-11,8.512896588787517e-08
2_30um.csv,2,30,0.01999983,1.537095e-10,1.2480790011423507e-10,1.7656705991200032e-07
2_30um.csv,2,30,0.02999892,2.138857e-10,1.8498410011423507e-10,2.616989682363249e-07
2_30um.csv,2,30,0.03999935,3.175226e-10,2.886210001142351e-10,4.0831518976272883e-07
2_30um.csv,2,30,0.0499991,4.568195e-10,4.2791790011423505e-10,6.053799914727504e-07
2_30um.csv,2,30,0.05999953,6.997533e-10,6.70851700114235e-10,9.490610147091759e-07
2_30um.csv,2,30,0.07000129,9.426871e-10,9.137855001142351e-10,1.2927420379456016e-06
2_30um.csv,2,30,0.07999971,1.365035e-09,1.336133400114235e-09,1.8902420911854367e-06
2_30um.csv,2,30,0.08999947,2.624279e-09,2.595377400114235e-09,3.671707932597087e-06
2_30um.csv,2,30,0.1000006,3.250558e-09,3.221656400114235e-09,4.557711475749523e-06
2_30um.csv,2,30,0.1099997,4.234551e-09,4.205649400114236e-09,5.949776808352399e-06
2_30um.csv,2,30,0.1199994,6.075499e-09,6.0465974001142355e-09,8.554185467686962e-06
2_30um.csv,2,30,0.1299998,9.07094e-09,9.042038400114235e-09,1.279186761782145e-05
2_30um.csv,2,30,0.1400003,1.203629e-08,1.2007388400114235e-08,1.698697971113302e-05
2_30um.csv,2,30,0.1499994,1.682811e-08,1.6799208400114234e-08,2.376601828363618e-05
2_30um.csv,2,30,0.1599991,2.334163e-08,2.3312728400114235e-08,3.298076410521771e-05
2_30um.csv,2,30,0.1699995,3.376549e-08,3.373658840011424e-08,4.772750939497668e-05
2_30um.csv,2,30,0.18,4.582638e-08,4.5797478400114234e-08,6.479017838686654e-05
2_30um.csv,2,30,0.1900011,6.45724e-08,6.454349840011423e-08,9.13103716873068e-05
2_30um.csv,2,30,0.1999988,8.753967e-08,8.751076840011422e-08,0.0001238024121302063
2_30um.csv,2,30,0.2100006,1.178406e-07,1.1781169840011422e-07,0.00016666945915048634
2_30um.csv,2,30,0.2199997,1.575068e-07,1.5747789840011423e-07,0.00022278565296090177
2_30um.csv,2,30,0.2299988,2.07491e-07,2.0746209840011422e-07,0.0002934988307964032
2_30um.csv,2,30,0.2400005,2.690224e-07,2.6899349840011424e-07,0.00038054795493297787
2_30um.csv,2,30,0.2499989,3.402944e-07,3.4026549840011427e-07,0.0004813772091911607
2_30um.csv,2,30,0.2599994,4.26088e-07,4.260590984001143e-07,0.0006027503249747059
2_30um.csv,2,30,0.2699998,5.288857e-07,5.288567984001142e-07,0.0007481793213611745
2_30um.csv,2,30,0.2800002,6.367539e-07,6.367249984001142e-07,0.0009007816078716206
2_30um.csv,2,30,0.2899993,7.657529e-07,7.657239984001142e-07,0.0010832778612397218
2_30um.csv,2,30,0.2999991,8.963298e-07,8.963008984001142e-07,0.001268006386471865
2_30um.csv,2,30,0.3099988,1.056392e-06,1.0563630984001142e-06,0.0014944480783133187
2_30um.csv,2,30,0.3199999,1.205587e-06,1.2055580984001142e-06,0.0017055158270652773
2_30um.csv,2,30,0.3299983,1.369565e-06,1.3695360984001143e-06,0.0019374972426948135
2_30um.csv,2,30,0.3399994,1.543738e-06,1.5437090984001141e-06,0.0021839016329449883
2_30um.csv,2,30,0.3499999,1.723814e-06,1.7237850984001143e-06,0.002438657059898021
2_30um.csv,2,30,0.3599983,1.911833e-06,1.911804098400114e-06,0.0027046495331886434
2_30um.csv,2,30,0.3700007,2.103317e-06,2.1032880984001143e-06,0.0029755439787264967
2_30um.csv,2,30,0.3800011,2.303194e-06,2.3031650984001143e-06,0.0032583120903743076
2_30um.csv,2,30,0.3899996,2.509563e-06,2.5095340984001143e-06,0.0035502645032714753
2_30um.csv,2,30,0.3999993,2.71765e-06,2.7176210984001143e-06,0.0038446473889884817
2_30um.csv,2,30,0.4099991,2.925903e-06,2.9258740984001143e-06,0.004139265116665961
2_30um.csv,2,30,0.4199982,3.137183e-06,3.137154098400114e-06,0.004438165173345567
2_30um.csv,2,30,0.4300013,3.357287e-06,3.357258098400114e-06,0.004749548636405998
2_30um.csv,2,30,0.439999,3.571151e-06,3.571122098400114e-06,0.005052104305289599
2_30um.csv,2,30,0.4499995,3.792165e-06,3.792136098400114e-06,0.005364775155000818
2_30um.csv,2,30,0.4599999,4.015304e-06,4.015275098400114e-06,0.005680452264748218
2_30um.csv,2,30,0.469999,4.25233e-06,4.252301098400115e-06,0.006015775460670882
2_30um.csv,2,30,0.4799987,4.463762e-06,4.463733098400114e-06,0.006314890553362486
2_30um.csv,2,30,0.4899985,4.701411e-06,4.701382098400114e-06,0.006651095113992226
2_30um.csv,2,30,0.4999976,4.930577e-06,4.930548098400115e-06,0.006975298684557537
2_30um.csv,2,30,0.5099993,5.160824e-06,5.160795098400114e-06,0.007301031557287133
2_30um.csv,2,30,0.5199978,5.399822e-06,5.399793098400114e-06,0.00763914456252337
2_30um.csv,2,30,0.5300002,5.634793e-06,5.6347640984001145e-06,0.007971560528152222
2_30um.csv,2,30,0.5399986,5.880494e-06,5.880465098400115e-06,0.008319156338575526
2_30um.csv,2,30,0.549999,6.116314e-06,6.116285098400115e-06,0.008652773393508244
2_30um.csv,2,30,0.5600015,6.356007e-06,6.355978098400114e-06,0.00899186962261514
2_30um.csv,2,30,0.5699979,6.602436e-06,6.6024070984001144e-06,0.009340495342359074
2_30um.csv,2,30,0.5800003,6.853334e-06,6.853305098400114e-06,0.009695443403797922
2_30um.csv,2,30,0.5900001,7.084297e-06,7.084268098400115e-06,0.010022189209320886
2_30um.csv,2,30,0.5999992,7.334099e-06,7.334070098400115e-06,0.010375586747936366
2_30um.csv,2,30,0.6099989,7.564293e-06,7.564264098400114e-06,0.010701244641003884
2_30um.csv,2,30,0.6200007,7.836274e-06,7.836245098400115e-06,0.011086019046133455
2_30um.csv,2,30,0.6299991,8.081089e-06,8.081060098400114e-06,0.011432361422960498
2_30um.csv,2,30,0.6399995,8.319991e-06,8.319962098400115e-06,0.011770338615978633
2_30um.csv,2,30,0.65,8.564904e-06,8.564875098400114e-06,0.012116819634444989
2_30um.csv,2,30,0.6600011,8.832045e-06,8.832016098400114e-06,0.012494746840245095
2_30um.csv,2,30,0.6699981,9.075149e-06,9.075120098400114e-06,0.012838668647226537
2_30um.csv,2,30,0.6800019,9.352768e-06,9.352739098400115e-06,0.013231419190748573
2_30um.csv,2,30,0.6899977,9.588592e-06,9.588563098400114e-06,0.013565041904523711
2_30um.csv,2,30,0.6999988,9.850437e-06,9.850408098400114e-06,0.013935476802958353
2_30um.csv,2,30,0.7099998,1.014289e-05,1.0142861098400115e-05,0.014349213163598835
2_30um.csv,2,30,0.7200003,1.037199e-05,1.0371961098400114e-05,0.014673323363264195
2_30um.csv,2,30,0.7300014,1.061027e-05,1.0610241098400115e-05,0.015010420606285858
2_30um.csv,2,30,0.7399998,1.087964e-05,1.0879611098400114e-05,0.015391501202025091
2_30um.csv,2,30,0.7499995,1.114073e-05,1.1140701098400115e-05,0.01576086799395276
2_30um.csv,2,30,0.76,1.141917e-05,1.1419141098400115e-05,0.016154780014881718
2_30um.csv,2,30,0.7699997,1.170669e-05,1.1706661098400115e-05,0.01656153760810644
2_30um.csv,2,30,0.7800028,1.196613e-05,1.1966101098400114e-05,0.01692857012753543
2_30um.csv,2,30,0.7899999,1.225167e-05,1.2251641098400114e-05,0.017332526593761742
2_30um.csv,2,30,0.799997,1.247756e-05,1.2477531098400114e-05,0.017652095572384213
2_30um.csv,2,30,0.8100008,1.275572e-05,1.2755691098400115e-05,0.018045611474343696
2_30um.csv,2,30,0.8199985,1.308093e-05,1.3080901098400115e-05,0.01850568951028072
2_30um.csv,2,30,0.8299983,1.331168e-05,1.3311651098400115e-05,0.018832133982444762
2_30um.csv,2,30,0.8399987,1.360806e-05,1.3608031098400115e-05,0.019251425911632106
2_30um.csv,2,30,0.8499971,1.387712e-05,1.3877091098400114e-05,0.019632067947083706
2_30um.csv,2,30,0.8599989,1.417621e-05,1.4176181098400115e-05,0.02005519374201131
2_30um.csv,2,30,0.869998,1.447996e-05,1.4479931098400114e-05,0.020484912088359425
2_30um.csv,2,30,0.8799997,1.472794e-05,1.4727911098400114e-05,0.02083573202425212
2_30um.csv,2,30,0.8899988,1.503549e-05,1.5035461098400114e-05,0.02127082627090023
2_30um.csv,2,30,0.8999986,1.532616e-05,1.5326131098400113e-05,0.021682040202531526
2_30um.csv,2,30,0.9099997,1.565236e-05,1.5652331098400113e-05,0.02214351880196776
2_30um.csv,2,30,0.9199994,1.594841e-05,1.594838109840011e-05,0.022562343876655365
2_30um.csv,2,30,0.9299999,1.622109e-05,1.6221061098400112e-05,0.022948107164498015
2_30um.csv,2,30,0.9399996,1.651277e-05,1.6512741098400113e-05,0.023360749953840628
2_30um.csv,2,30,0.9500007,1.683799e-05,1.6837961098400113e-05,0.023820842136883704
2_30um.csv,2,30,0.9599991,1.713958e-05,1.7139551098400113e-05,0.024247504708324458
2_30um.csv,2,30,0.9699989,1.745424e-05,1.7454211098400112e-05,0.024692657547375974
2_30um.csv,2,30,0.9800007,1.776453e-05,1.7764501098400114e-05,0.025131628101082503
2_30um.csv,2,30,0.9900018,1.80559e-05,1.8055871098400114e-05,0.025543832330137486
2_30um.csv,2,30,1.000002,1.839768e-05,1.8397651098400113e-05,0.02602735212080369
2_35um.csv,2,35,-0.9999996,-2.132587e-08,-2.183511517028439e-08,-3.089036899850304e-05
2_35um.csv,2,35,-0.9899998,-2.12735e-08,-2.178274517028439e-08,-3.08162806041055e-05
2_35um.csv,2,35,-0.98,-2.097596e-08,-2.148520517028439e-08,-3.039534761061606e-05
2_35um.csv,2,35,-0.9700003,-2.087232e-08,-2.138156517028439e-08,-3.024872700348678e-05
2_35um.csv,2,35,-0.9600005,-2.050904e-08,-2.1018285170284392e-08,-2.973479093480746e-05
2_35um.csv,2,35,-0.9500008,-2.055807e-08,-2.106731517028439e-08,-2.980415419578342e-05
2_35um.csv,2,35,-0.940001,-2.016246e-08,-2.067170517028439e-08,-2.9244480533236e-05
2_35um.csv,2,35,-0.9299999,-2.000422e-08,-2.051346517028439e-08,-2.9020616727059453e-05
2_35um.csv,2,35,-0.9199995,-1.977243e-08,-2.0281675170284392e-08,-2.869270095586594e-05
2_35um.csv,2,35,-0.9100004,-1.955624e-08,-2.006548517028439e-08,-2.83868546701145e-05
2_35um.csv,2,35,-0.8999993,-1.935677e-08,-1.986601517028439e-08,-2.8104662345683028e-05
2_35um.csv,2,35,-0.8899995,-1.919407e-08,-1.970331517028439e-08,-2.7874488930207015e-05
2_35um.csv,2,35,-0.8800011,-1.901689e-08,-1.952613517028439e-08,-2.762383050516682e-05
2_35um.csv,2,35,-0.87,-1.882299e-08,-1.933223517028439e-08,-2.7349518118806656e-05
2_35um.csv,2,35,-0.8600003,-1.86536e-08,-1.916284517028439e-08,-2.710988028938145e-05
2_35um.csv,2,35,-0.8500012,-1.840732e-08,-1.891656517028439e-08,-2.6761465361517696e-05
2_35um.csv,2,35,-0.8400001,-1.830703e-08,-1.881627517028439e-08,-2.661958403491604e-05
2_35um.csv,2,35,-0.8299997,-1.79638e-08,-1.847304517028439e-08,-2.613401291387221e-05
2_35um.csv,2,35,-0.8200006,-1.785348e-08,-1.836272517028439e-08,-2.597794203989978e-05
2_35um.csv,2,35,-0.8100001,-1.758491e-08,-1.809415517028439e-08,-2.5597993212644757e-05
2_35um.csv,2,35,-0.7999997,-1.753365e-08,-1.804289517028439e-08,-2.5525475147019065e-05
2_35um.csv,2,35,-0.7900006,-1.722274e-08,-1.773198517028439e-08,-2.5085627472737277e-05
2_35um.csv,2,35,-0.7799989,-1.708345e-08,-1.759269517028439e-08,-2.488857243253043e-05
2_35um.csv,2,35,-0.7700004,-1.693746e-08,-1.744670517028439e-08,-2.4682038831268335e-05
2_35um.csv,2,35,-0.76,-1.672127e-08,-1.7230515170284392e-08,-2.43761925455169e-05
2_35um.csv,2,35,-0.7499996,-1.647611e-08,-1.698535517028439e-08,-2.4029362093531038e-05
2_35um.csv,2,35,-0.7399992,-1.634796e-08,-1.685720517028439e-08,-2.3848066929466803e-05
2_35um.csv,2,35,-0.7300001,-1.61106e-08,-1.661984517028439e-08,-2.3512271220201982e-05
2_35um.csv,2,35,-0.7199996,-1.584092e-08,-1.635016517028439e-08,-2.313075206417512e-05
2_35um.csv,2,35,-0.7099999,-1.576403e-08,-1.627327517028439e-08,-2.3021974965736578e-05
2_35um.csv,2,35,-0.7000001,-1.548432e-08,-1.599356517028439e-08,-2.2626266262338942e-05
2_35um.csv,2,35,-0.689999,-1.545646e-08,-1.596570517028439e-08,-2.2586852424876362e-05
2_35um.csv,2,35,-0.6799999,-1.508649e-08,-1.559573517028439e-08,-2.2063451942247842e-05
2_35um.csv,2,35,-0.6700002,-1.50408e-08,-1.555004517028439e-08,-2.1998813814693455e-05
2_35um.csv,2,35,-0.6599998,-1.464408e-08,-1.515332517028439e-08,-2.1437569823374194e-05
2_35um.csv,2,35,-0.65,-1.460396e-08,-1.511320517028439e-08,-2.138081163389111e-05
2_35um.csv,2,35,-0.6400009,-1.436326e-08,-1.4872505170284391e-08,-2.104029079120472e-05
2_35um.csv,2,35,-0.6299998,-1.41649e-08,-1.4674145170284391e-08,-2.075966879554509e-05
2_35um.csv,2,35,-0.6200007,-1.399997e-08,-1.4509215170284392e-08,-2.0526340575419347e-05
2_35um.csv,2,35,-0.6100003,-1.384841e-08,-1.4357655170284391e-08,-2.0311927036085943e-05
2_35um.csv,2,35,-0.5999992,-1.363334e-08,-1.4142585170284392e-08,-2.00076652262124e-05
2_35um.csv,2,35,-0.5900008,-1.347064e-08,-1.3979885170284392e-08,-1.9777491810736386e-05
2_35um.csv,2,35,-0.5800004,-1.324442e-08,-1.3753665170284391e-08,-1.9457455977614177e-05
2_35um.csv,2,35,-0.5699993,-1.306835e-08,-1.3577595170284393e-08,-1.9208367881345822e-05
2_35um.csv,2,35,-0.5600015,-1.2948e-08,-1.3457245170284392e-08,-1.9038107460002624e-05
2_35um.csv,2,35,-0.5500004,-1.264823e-08,-1.3157475170284393e-08,-1.8614019661863448e-05
2_35um.csv,2,35,-0.54,-1.253345e-08,-1.3042695170284392e-08,-1.8451639178591555e-05
2_35um.csv,2,35,-0.5299996,-1.235292e-08,-1.2862165170284393e-08,-1.8196241473023736e-05
2_35um.csv,2,35,-0.5200005,-1.2227e-08,-1.2736245170284391e-08,-1.801810111360923e-05
2_35um.csv,2,35,-0.51,-1.196958e-08,-1.2478825170284393e-08,-1.7653926309602873e-05
2_35um.csv,2,35,-0.500001,-1.178794e-08,-1.2297185170284392e-08,-1.7396958275263212e-05
2_35um.csv,2,35,-0.4900005,-1.157843e-08,-1.2087675170284391e-08,-1.7100562256354917e-05
2_35um.csv,2,35,-0.4800001,-1.144694e-08,-1.1956185170284393e-08,-1.691454195886911e-05
2_35um.csv,2,35,-0.4700003,-1.119174e-08,-1.1700985170284392e-08,-1.655350781240643e-05
2_35um.csv,2,35,-0.4600006,-1.109145e-08,-1.1600695170284391e-08,-1.6411626485804774e-05
2_35um.csv,2,35,-0.4499995,-1.087749e-08,-1.1386735170284391e-08,-1.6108935004703066e-05
2_35um.csv,2,35,-0.4400011,-1.070588e-08,-1.1215125170284392e-08,-1.5866156517734178e-05
2_35um.csv,2,35,-0.43,-1.053092e-08,-1.1040165170284391e-08,-1.561863875023766e-05
2_35um.csv,2,35,-0.4199996,-1.036376e-08,-1.0873005170284393e-08,-1.5382155725462184e-05
2_35um.csv,2,35,-0.4100005,-1.017209e-08,-1.0681335170284393e-08,-1.5110998143751753e-05
2_35um.csv,2,35,-0.4000007,-9.96036e-09,-1.0469605170284392e-08,-1.481146146729978e-05
2_35um.csv,2,35,-0.3899989,-9.877896e-09,-1.0387141170284393e-08,-1.4694798771947513e-05
2_35um.csv,2,35,-0.3799999,-9.630505e-09,-1.0139750170284392e-08,-1.4344812100601315e-05
2_35um.csv,2,35,-0.3700001,-9.46112e-09,-9.970365170284392e-09,-1.4105181344729133e-05
2_35um.csv,2,35,-0.359999,-9.279476e-09,-9.788721170284391e-09,-1.384820765154705e-05
2_35um.csv,2,35,-0.3499999,-9.123464e-09,-9.632709170284393e-09,-1.3627495820599027e-05
2_35um.csv,2,35,-0.3400002,-8.843756e-09,-9.353001170284392e-09,-1.32317899466226e-05
2_35um.csv,2,35,-0.3299997,-8.841527e-09,-9.350772170284392e-09,-1.3228636556683474e-05
2_35um.csv,2,35,-0.32,-8.579649e-09,-9.088894170284392e-09,-1.2858154972798857e-05
2_35um.csv,2,35,-0.3099995,-8.41695e-09,-8.926195170284393e-09,-1.262798297203345e-05
2_35um.csv,2,35,-0.2999991,-8.226392e-09,-8.735637170284392e-09,-1.2358398548516068e-05
2_35um.csv,2,35,-0.2899994,-8.054778e-09,-8.564023170284392e-09,-1.2115614402704759e-05
2_35um.csv,2,35,-0.2800009,-7.879821e-09,-8.389066170284391e-09,-1.1868100879340057e-05
2_35um.csv,2,35,-0.2699992,-7.710436e-09,-8.219681170284391e-09,-1.1628470123467873e-05
2_35um.csv,2,35,-0.2599994,-7.496476e-09,-8.005721170284391e-09,-1.1325778642366166e-05
2_35um.csv,2,35,-0.2499997,-7.366094e-09,-7.875339170284392e-09,-1.1141325844230989e-05
2_35um.csv,2,35,-0.2399999,-7.184451e-09,-7.693696170284392e-09,-1.0884353565759513e-05
2_35um.csv,2,35,-0.2300001,-7.027324e-09,-7.536569170284392e-09,-1.0662064332486621e-05
2_35um.csv,2,35,-0.2199997,-6.857939e-09,-7.367184170284392e-09,-1.0422433576614437e-05
2_35um.csv,2,35,-0.21,-6.636179e-09,-7.145424170284392e-09,-1.0108707352791694e-05
2_35um.csv,2,35,-0.1999995,-6.519169e-09,-7.028414170284392e-09,-9.94317206487007e-06
2_35um.csv,2,35,-0.1899998,-6.307438e-09,-6.816683170284391e-09,-9.64363397370749e-06
2_35um.csv,2,35,-0.1800007,-6.113537e-09,-6.622782170284391e-09,-9.36932017263672e-06
2_35um.csv,2,35,-0.1700009,-5.91072e-09,-6.419965170284391e-09,-9.082392811809442e-06
2_35um.csv,2,35,-0.1600005,-5.726848e-09,-6.236093170284392e-09,-8.82226714339884e-06
2_35um.csv,2,35,-0.1500014,-5.575293e-09,-6.084538170284391e-09,-8.607860677618463e-06
2_35um.csv,2,35,-0.1400003,-5.401451e-09,-5.910696170284392e-09,-8.36192455657863e-06
2_35um.csv,2,35,-0.1300006,-5.18972e-09,-5.698965170284391e-09,-8.06238646541605e-06
2_35um.csv,2,35,-0.1200001,-4.991361e-09,-5.500606170284391e-09,-7.781765884467026e-06
2_35um.csv,2,35,-0.1099997,-4.815289e-09,-5.324534170284392e-09,-7.532674958777461e-06
2_35um.csv,2,35,-0.1000006,-4.518866e-09,-5.028111170284391e-09,-7.113322197034092e-06
2_35um.csv,2,35,-0.09000085,-4.349481e-09,-4.858726170284391e-09,-6.873691441161908e-06
2_35um.csv,2,35,-0.08000042,-4.051942e-09,-4.561187170284392e-09,-6.45275986238307e-06
2_35um.csv,2,35,-0.06999933,-3.800094e-09,-4.3093391702843915e-09,-6.096467825869223e-06
2_35um.csv,2,35,-0.06000091,-3.437922e-09,-3.947167170284391e-09,-5.58409925654053e-06
2_35um.csv,2,35,-0.04999982,-3.080207e-09,-3.5894521702843915e-09,-5.078036052379488e-06
2_35um.csv,2,35,-0.03999939,-2.593225e-09,-3.1024701702843914e-09,-4.389097452408134e-06
2_35um.csv,2,35,-0.0300003,-2.129645e-09,-2.6388901702843916e-09,-3.7332659100211044e-06
2_35um.csv,2,35,-0.02000054,-1.358498e-09,-1.8677431702843916e-09,-2.6423160709056753e-06
2_35um.csv,2,35,-0.01000011,-5.42775e-10,-1.0520201702843917e-09,-1.4883040918501188e-06
2_35um.csv,2,35,-3.555944e-07,5.091952e-10,-4.997028439160733e-14,-7.069349127672968e-11
2_35um.csv,2,35,0.009999403,1.914422e-09,1.4051768297156083e-09,1.9879185632661112e-06
2_35um.csv,2,35,0.01999983,3.645047e-09,3.1358018297156082e-09,4.436252104496433e-06
2_35um.csv,2,35,0.02999892,5.916144e-09,5.406898829715609e-09,7.649197115973538e-06
2_35um.csv,2,35,0.03999935,9.27487e-09,8.765624829715608e-09,1.2400822408340374e-05
2_35um.csv,2,35,0.05000044,1.246756e-08,1.1958314829715608e-08,1.6917554810652045e-05
2_35um.csv,2,35,0.05999953,1.693843e-08,1.642918482971561e-08,2.32425420143966e-05
2_35um.csv,2,35,0.06999996,2.226068e-08,2.175143482971561e-08,3.077198553324851e-05
2_35um.csv,2,35,0.07999971,2.994542e-08,2.9436174829715612e-08,4.164366870992417e-05
2_35um.csv,2,35,0.09000081,3.776387e-08,3.725462482971561e-08,5.270451284162931e-05
2_35um.csv,2,35,0.0999999,4.790246e-08,4.739321482971561e-08,6.704768363702539e-05
2_35um.csv,2,35,0.1099997,5.843776e-08,5.792851482971561e-08,8.195208427663468e-05
2_35um.csv,2,35,0.1200001,7.121964e-08,7.071039482971561e-08,0.00010003474546781188
2_35um.csv,2,35,0.1299998,8.701368e-08,8.650443482971561e-08,0.00012237874135573293
2_35um.csv,2,35,0.1399996,1.045149e-07,1.0400565482971561e-07,0.00014713790289474395
2_35um.csv,2,35,0.1499994,1.244155e-07,1.2390625482971562e-07,0.0001752914927658068
2_35um.csv,2,35,0.1600004,1.466584e-07,1.4614915482971562e-07,0.0002067587592875732
2_35um.csv,2,35,0.1700002,1.717519e-07,1.712426548297156e-07,0.0002422587998606974
2_35um.csv,2,35,0.18,1.99735e-07,1.9922575482971562e-07,0.00028184678819878465
2_35um.csv,2,35,0.1899991,2.314545e-07,2.309452548297156e-07,0.0003267207012423702
2_35um.csv,2,35,0.1999995,2.659779e-07,2.654686548297156e-07,0.0003755613213520479
2_35um.csv,2,35,0.2099999,3.055048e-07,3.0499555482971563e-07,0.00043148044597515045
2_35um.csv,2,35,0.220001,3.528356e-07,3.523263548297156e-07,0.0004984398306906515
2_35um.csv,2,35,0.2299981,3.978174e-07,3.973081548297156e-07,0.0005620760601943939
2_35um.csv,2,35,0.2399992,4.453065e-07,4.4479725482971563e-07,0.000629259393598708
2_35um.csv,2,35,0.2499996,4.970402e-07,4.965309548297156e-07,0.0007024476076381139
2_35um.csv,2,35,0.26,5.583097e-07,5.578004548297156e-07,0.0007891262190671707
2_35um.csv,2,35,0.2700005,6.182508e-07,6.177415548297156e-07,0.0008739255289281982
2_35um.csv,2,35,0.2800009,6.866824e-07,6.861731548297156e-07,0.0009707364391831969
2_35um.csv,2,35,0.29,7.549256e-07,7.544163548297155e-07,0.001067280817960164
2_35um.csv,2,35,0.2999997,8.303911e-07,8.298818548297156e-07,0.0011740426611415102
2_35um.csv,2,35,0.3099975,9.032133e-07,9.027040548297155e-07,0.001277064999779969
2_35um.csv,2,35,0.3199999,9.829602e-07,9.824509548297157e-07,0.0013898837849466807
2_35um.csv,2,35,0.3300003,1.059946e-06,1.0594367548297157e-06,0.0014987964126612057
2_35um.csv,2,35,0.3399994,1.146741e-06,1.1462317548297157e-06,0.0016215862196448595
2_35um.csv,2,35,0.3499992,1.231398e-06,1.2308887548297156e-06,0.0017413513753544644
2_35um.csv,2,35,0.360001,1.320726e-06,1.3202167548297157e-06,0.0018677246443012452
2_35um.csv,2,35,0.3700027,1.408756e-06,1.4082467548297157e-06,0.0019922616188823967
2_35um.csv,2,35,0.3799971,1.499479e-06,1.4989697548297157e-06,0.002120608409123517
2_35um.csv,2,35,0.3900009,1.587644e-06,1.5871347548297157e-06,0.0022453363696363785
2_35um.csv,2,35,0.4000007,1.685757e-06,1.6852477548297158e-06,0.0023841378712503797
2_35um.csv,2,35,0.4099991,1.780639e-06,1.7801297548297156e-06,0.0025183684428987814
2_35um.csv,2,35,0.4200008,1.876626e-06,1.8761167548297157e-06,0.002654162269765997
2_35um.csv,2,35,0.4300013,1.978806e-06,1.978296754829716e-06,0.0027987173994115963
2_35um.csv,2,35,0.440001,2.071939e-06,2.0714297548297157e-06,0.002930473642211396
2_35um.csv,2,35,0.4500015,2.167981e-06,2.1674717548297156e-06,0.003066345278161901
2_35um.csv,2,35,0.4600012,2.277704e-06,2.2771947548297156e-06,0.0032215715699029854
2_35um.csv,2,35,0.4699996,2.390133e-06,2.3896237548297157e-06,0.0033806260685419072
2_35um.csv,2,35,0.4800007,2.486366e-06,2.4858567548297156e-06,0.003516767914218017
2_35um.csv,2,35,0.4900005,2.598695e-06,2.5981857548297155e-06,0.0036756809417964127
2_35um.csv,2,35,0.5000009,2.710691e-06,2.7101817548297158e-06,0.0038341228707432567
2_35um.csv,2,35,0.5100013,2.816633e-06,2.8161237548297158e-06,0.0039840001416858485
2_35um.csv,2,35,0.5199984,2.919703e-06,2.9191937548297157e-06,0.004129814363770129
2_35um.csv,2,35,0.5300002,3.027485e-06,3.0269757548297157e-06,0.004282294702226402
2_35um.csv,2,35,0.5399999,3.146618e-06,3.146108754829716e-06,0.004450833420762996
2_35um.csv,2,35,0.550001,3.259694e-06,3.259184754829716e-06,0.004610803237163522
2_35um.csv,2,35,0.5600008,3.394817e-06,3.3943077548297156e-06,0.004801963178278242
2_35um.csv,2,35,0.5699999,3.490697e-06,3.4901877548297157e-06,0.004937605631110695
2_35um.csv,2,35,0.5799996,3.633828e-06,3.633318754829716e-06,0.0051400945747523494
2_35um.csv,2,35,0.5900007,3.738525e-06,3.7380157548297156e-06,0.00528821053099139
2_35um.csv,2,35,0.6000032,3.864691e-06,3.864181754829715e-06,0.005466698909214786
2_35um.csv,2,35,0.6100009,3.999655e-06,3.9991457548297155e-06,0.005657633911343271
2_35um.csv,2,35,0.6200007,4.119445e-06,4.118935754829715e-06,0.00582710209474752
2_35um.csv,2,35,0.6300004,4.251871e-06,4.251361754829715e-06,0.006014446561359852
2_35um.csv,2,35,0.6400009,4.366649e-06,4.366139754829715e-06,0.0061768242152105335
2_35um.csv,2,35,0.6500013,4.493917e-06,4.493407754829715e-06,0.006356871604520928
2_35um.csv,2,35,0.6599977,4.640444e-06,4.639934754829715e-06,0.0065641649053780485
2_35um.csv,2,35,0.6699981,4.742586e-06,4.742076754829715e-06,0.006708666276020648
2_35um.csv,2,35,0.6800026,4.89814e-06,4.897630754829715e-06,0.006928730169511462
2_35um.csv,2,35,0.6900003,5.02842e-06,5.027910754829715e-06,0.0071130386671649035
2_35um.csv,2,35,0.6999994,5.16096e-06,5.160450754829715e-06,0.007300544410786236
2_35um.csv,2,35,0.7100012,5.311325e-06,5.310815754829716e-06,0.00751326737094635
2_35um.csv,2,35,0.7199969,5.428817e-06,5.4283077548297155e-06,0.00767948454937971
2_35um.csv,2,35,0.7299994,5.573824e-06,5.573314754829715e-06,0.007884627490116832
2_35um.csv,2,35,0.7400011,5.717657e-06,5.7171477548297154e-06,0.008088109560603381
2_35um.csv,2,35,0.7500009,5.860948e-06,5.860438754829715e-06,0.008290824857941876
2_35um.csv,2,35,0.7600006,6.00729e-06,6.0067807548297155e-06,0.008497856437337024
2_35um.csv,2,35,0.7700004,6.14795e-06,6.147440754829715e-06,0.008696849631073077
2_35um.csv,2,35,0.7799995,6.28804e-06,6.287530754829715e-06,0.008895036439764132
2_35um.csv,2,35,0.7899999,6.428295e-06,6.427785754829715e-06,0.009093456675705054
2_35um.csv,2,35,0.799999,6.611973e-06,6.611463754829715e-06,0.009353307890258237
2_35um.csv,2,35,0.8100014,6.752009e-06,6.751499754829716e-06,0.009551418304576608
2_35um.csv,2,35,0.8199985,6.887942e-06,6.887432754829715e-06,0.009743724161281591
2_35um.csv,2,35,0.8299996,7.0925e-06,7.0919907548297155e-06,0.01003311453327263
2_35um.csv,2,35,0.8399954,7.206703e-06,7.206193754829715e-06,0.010194678728525286
2_35um.csv,2,35,0.8499991,7.366879e-06,7.366369754829715e-06,0.010421281414433619
2_35um.csv,2,35,0.8600009,7.519328e-06,7.518818754829715e-06,0.010636952631495097
2_35um.csv,2,35,0.8699946,7.665525e-06,7.665015754829716e-06,0.010843779077852483
2_35um.csv,2,35,0.8799984,7.854619e-06,7.854109754829716e-06,0.011111292365043761
2_35um.csv,2,35,0.8900022,7.989433e-06,7.988923754829716e-06,0.011302015160581458
2_35um.csv,2,35,0.8999959,8.170584e-06,8.170074754829717e-06,0.011558291401435147
2_35um.csv,2,35,0.910001,8.358229e-06,8.357719754829716e-06,0.0118237547729594
2_35um.csv,2,35,0.9199994,8.512215e-06,8.511705754829717e-06,0.012041600400221166
2_35um.csv,2,35,0.9299992,8.704275e-06,8.703765754829717e-06,0.01231330971906765
2_35um.csv,2,35,0.9399996,8.895708e-06,8.895198754829717e-06,0.012584132014364636
2_35um.csv,2,35,0.9500001,9.068376e-06,9.067866754829717e-06,0.012828407265153892
2_35um.csv,2,35,0.9599991,9.254735e-06,9.254225754829717e-06,0.013092051318839781
2_35um.csv,2,35,0.9699982,9.397326e-06,9.396816754829716e-06,0.013293776318754594
2_35um.csv,2,35,0.98,9.584723e-06,9.584213754829716e-06,0.013558888842048743
2_35um.csv,2,35,0.9900011,9.770826e-06,9.770316754829717e-06,0.013822170729819687
2_35um.csv,2,35,0.9999982,1.000087e-05,1.0000360754829717e-05,0.014147616416296416
3_10um.csv,3,10,-0.9999982,-2.079402e-06,-2.8784084726530286e-07,-0.0004072114992536196
3_10um.csv,3,10,-0.9899991,-2.076794e-06,-2.8523284726530287e-07,-0.00040352193399509817
3_10um.csv,3,10,-0.9799987,-2.075016e-06,-2.834548472653029e-07,-0.0004010065785389436
3_10um.csv,3,10,-0.9700003,-2.073034e-06,-2.8147284726530284e-07,-0.00039820262211931565
3_10um.csv,3,10,-0.9599999,-2.070871e-06,-2.7930984726530306e-07,-0.0003951426030801358
3_10um.csv,3,10,-0.9499994,-2.068802e-06,-2.772408472653029e-07,-0.00039221556683784994
3_10um.csv,3,10,-0.939999,-2.066799e-06,-2.752378472653029e-07,-0.00038938190149551155
3_10um.csv,3,10,-0.9300006,-2.064776e-06,-2.7321484726530274e-07,-0.0003865199419410678
3_10um.csv,3,10,-0.9199995,-2.053933e-06,-2.6237184726530307e-07,-0.00037118023484822006
3_10um.csv,3,10,-0.9099997,-2.05598e-06,-2.6441884726530304e-07,-0.0003740761474571899
3_10um.csv,3,10,-0.9000006,-2.061709e-06,-2.70147847265303e-07,-0.00038218102451473176
3_10um.csv,3,10,-0.8900002,-2.065685e-06,-2.7412384726530305e-07,-0.00038780591388125075
3_10um.csv,3,10,-0.8800011,-2.069165e-06,-2.77603847265303e-07,-0.0003927291067875599
3_10um.csv,3,10,-0.87,-2.051093e-06,-2.59531847265303e-07,-0.0003671624567292779
3_10um.csv,3,10,-0.8599996,-2.050107e-06,-2.585458472653029e-07,-0.0003657675520724901
3_10um.csv,3,10,-0.8499992,-2.047909e-06,-2.563478472653028e-07,-0.00036265801816212564
3_10um.csv,3,10,-0.8399994,-2.045681e-06,-2.541198472653027e-07,-0.0003595060429336034
3_10um.csv,3,10,-0.829999,-2.043422e-06,-2.518608472653028e-07,-0.0003563102116763183
3_10um.csv,3,10,-0.8199999,-2.04099e-06,-2.4942884726530303e-07,-0.0003528696354843231
3_10um.csv,3,10,-0.8099988,-2.03888e-06,-2.473188472653028e-07,-0.0003498845961072215
3_10um.csv,3,10,-0.799999,-2.036842e-06,-2.452808472653029e-07,-0.00034700141589369903
3_10um.csv,3,10,-0.7899993,-2.034864e-06,-2.433028472653029e-07,-0.00034420311831649225
3_10um.csv,3,10,-0.7799995,-2.032588e-06,-2.4102684726530277e-07,-0.00034098323697891734
3_10um.csv,3,10,-0.7699991,-2.030135e-06,-2.3857384726530303e-07,-0.0003375129518642118
3_10um.csv,3,10,-0.7599993,-2.028268e-06,-2.3670684726530295e-07,-0.0003348716871641888
3_10um.csv,3,10,-0.7499996,-2.025778e-06,-2.3421684726530283e-07,-0.00033134905775708805
3_10um.csv,3,10,-0.7399992,-2.023318e-06,-2.3175684726530269e-07,-0.00032786886966814505
3_10um.csv,3,10,-0.7299994,-2.020937e-06,-2.2937584726530282e-07,-0.0003245004437170181
3_10um.csv,3,10,-0.7199976,-2.018682e-06,-2.2712084726530304e-07,-0.00032131027130215424
3_10um.csv,3,10,-0.7099986,-2.016323e-06,-2.2476184726530293e-07,-0.00031797296898434266
3_10um.csv,3,10,-0.6999988,-2.014091e-06,-2.2252984726530273e-07,-0.0003148153349133992
3_10um.csv,3,10,-0.689999,-2.01189e-06,-2.2032884726530275e-07,-0.0003117015568712191
3_10um.csv,3,10,-0.6799993,-2.009469e-06,-2.1790784726530305e-07,-0.00030827654249588194
3_10um.csv,3,10,-0.6699995,-2.00717e-06,-2.156088472653029e-07,-0.00030502412281438603
3_10um.csv,3,10,-0.6599998,-2.004877e-06,-2.1331584726530292e-07,-0.0003017801913965219
3_10um.csv,3,10,-0.65,-2.002508e-06,-2.1094684726530297e-07,-0.000298428741972658
3_10um.csv,3,10,-0.6399989,-2.000073e-06,-2.0851184726530288e-07,-0.0002949839216488466
3_10um.csv,3,10,-0.6299992,-1.99766e-06,-2.0609884726530297e-07,-0.00029157022495835127
3_10um.csv,3,10,-0.6200001,-1.995156e-06,-2.035948472653029e-07,-0.0002880277896027769
3_10um.csv,3,10,-0.610001,-1.992293e-06,-2.0073184726530284e-07,-0.00028397747313991373
3_10um.csv,3,10,-0.5999992,-1.989377e-06,-1.9781584726530282e-07,-0.0002798521770149718
3_10um.csv,3,10,-0.5900001,-1.97771e-06,-1.8614884726530285e-07,-0.0002633467483833883
3_10um.csv,3,10,-0.5799997,-1.987012e-06,-1.9545084726530297e-07,-0.00027650638643352904
3_10um.csv,3,10,-0.5700006,-1.986014e-06,-1.9445284726530295e-07,-0.0002750945052494782
3_10um.csv,3,10,-0.5600008,-1.990536e-06,-1.9897484726530284e-07,-0.0002814918266064696
3_10um.csv,3,10,-0.5500004,-1.992042e-06,-2.004808472653029e-07,-0.0002836223807779932
3_10um.csv,3,10,-0.5399993,-1.974633e-06,-1.8307184726530283e-07,-0.00025899368385099927
3_10um.csv,3,10,-0.5300002,-1.972552e-06,-1.8099084726530277e-07,-0.00025604967108145045
3_10um.csv,3,10,-0.5199991,-1.969954e-06,-1.7839284726530306e-07,-0.00025237425292898205
3_10um.csv,3,10,-0.5099994,-1.967393e-06,-1.7583184726530288e-07,-0.0002487511790689076
3_10um.csv,3,10,-0.4999996,-1.964637e-06,-1.7307584726530304e-07,-0.0002448522366408077
3_10um.csv,3,10,-0.4899992,-1.961957e-06,-1.7039584726530275e-07,-0.00024106081221870706
3_10um.csv,3,10,-0.4799988,-1.95926e-06,-1.6769884726530305e-07,-0.00023724533771631777
3_10um.csv,3,10,-0.4699997,-1.956613e-06,-1.6505184726530304e-07,-0.00023350059874419112
3_10um.csv,3,10,-0.4599993,-1.954066e-06,-1.6250484726530283e-07,-0.0002298973308325903
3_10um.csv,3,10,-0.4499995,-1.951007e-06,-1.5944584726530288e-07,-0.0002255697310910961
3_10um.csv,3,10,-0.4399997,-1.94832e-06,-1.5675884726530304e-07,-0.00022176840369475922
3_10um.csv,3,10,-0.4299993,-1.94574e-06,-1.5417884726530297e-07,-0.000218118450333185
3_10um.csv,3,10,-0.4199996,-1.942694e-06,-1.5113284726530274e-07,-0.0002138092418295588
3_10um.csv,3,10,-0.4099998,-1.939946e-06,-1.483848472653027e-07,-0.0002099216170863007
3_10um.csv,3,10,-0.3999994,-1.937064e-06,-1.4550284726530277e-07,-0.00020584442112193773
3_10um.csv,3,10,-0.3899996,-1.93437e-06,-1.4280884726530294e-07,-0.00020203319075136407
3_10um.csv,3,10,-0.3799999,-1.931616e-06,-1.4005484726530273e-07,-0.00019813707774447417
3_10um.csv,3,10,-0.3699994,-1.928638e-06,-1.370768472653027e-07,-0.00019392406956200597
3_10um.csv,3,10,-0.3599997,-1.925496e-06,-1.3393484726530278e-07,-0.00018947904884027513
3_10um.csv,3,10,-0.3499999,-1.92262e-06,-1.31058847265303e-07,-0.000185410341139544
3_10um.csv,3,10,-0.3399995,-1.919656e-06,-1.2809484726530293e-07,-0.0001812171389055494
3_10um.csv,3,10,-0.3299991,-1.916695e-06,-1.2513384726530272e-07,-0.00017702818080337043
3_10um.csv,3,10,-0.3199993,-1.913532e-06,-1.2197084726530287e-07,-0.00017255345115892918
3_10um.csv,3,10,-0.3100002,-1.910372e-06,-1.1881084726530289e-07,-0.00016808296564630351
3_10um.csv,3,10,-0.2999991,-1.907518e-06,-1.1595684726530288e-07,-0.00016404538157888777
3_10um.csv,3,10,-0.2899994,-1.904322e-06,-1.1276084726530296e-07,-0.0001595239664844728
3_10um.csv,3,10,-0.2799996,-1.901068e-06,-1.0950684726530292e-07,-0.0001549204981749525
3_10um.csv,3,10,-0.2699992,-1.897936e-06,-1.0637484726530287e-07,-0.00015048962455927408
3_10um.csv,3,10,-0.2599994,-1.894729e-06,-1.0316784726530286e-07,-0.0001459526476482011
3_10um.csv,3,10,-0.2499997,-1.891278e-06,-9.971684726530289e-08,-0.0001410704813494444
3_10um.csv,3,10,-0.2400006,-1.888225e-06,-9.66638472653029e-08,-0.0001367513698715817
3_10um.csv,3,10,-0.2299995,-1.884454e-06,-9.289284726530277e-08,-0.0001314164961791412
3_10um.csv,3,10,-0.219999,-1.881157e-06,-8.959584726530282e-08,-0.00012675219531359477
3_10um.csv,3,10,-0.2099993,-1.877943e-06,-8.638184726530283e-08,-0.000122205315428285
3_10um.csv,3,10,-0.2000002,-1.874304e-06,-8.274284726530296e-08,-0.00011705718353573936
3_10um.csv,3,10,-0.1899998,-1.870747e-06,-7.918584726530282e-08,-0.00011202505791282475
3_10um.csv,3,10,-0.1799993,-1.867197e-06,-7.563584726530287e-08,-0.00010700283526414723
3_10um.csv,3,10,-0.1699983,-1.863796e-06,-7.22348472653028e-08,-0.00010219140449565348
3_10um.csv,3,10,-0.1599992,-1.860047e-06,-6.848584726530286e-08,-9.688765443652898e-05
3_10um.csv,3,10,-0.1500001,-1.856236e-06,-6.467484726530291e-08,-9.149619231987826e-05
3_10um.csv,3,10,-0.139999,-1.852689e-06,-6.112784726530283e-08,-8.647821380301636e-05
3_10um.csv,3,10,-0.1299999,-1.848891e-06,-5.7329847265302814e-08,-8.110514292423395e-05
3_10um.csv,3,10,-0.1199995,-1.844967e-06,-5.340584726530292e-08,-7.555381850918879e-05
3_10um.csv,3,10,-0.109999,-1.841191e-06,-4.962984726530287e-08,-7.021187126372208e-05
3_10um.csv,3,10,-0.09999861,-1.837004e-06,-4.5442847265302915e-08,-6.428847795949312e-05
3_10um.csv,3,10,-0.09000018,-1.83322e-06,-4.165884726530286e-08,-5.893521302918431e-05
3_10um.csv,3,10,-0.07999976,-1.828757e-06,-3.719584726530291e-08,-5.262135959790323e-05
3_10um.csv,3,10,-0.06999933,-1.824386e-06,-3.2824847265302953e-08,-4.643765954230619e-05
3_10um.csv,3,10,-0.06000091,-1.820332e-06,-2.8770847265302856e-08,-4.070242274857678e-05
3_10um.csv,3,10,-0.04999982,-1.815939e-06,-2.437784726530293e-08,-3.448759905966403e-05
3_10um.csv,3,10,-0.03999872,-1.811245e-06,-1.9683847265302955e-08,-2.7846947478567562e-05
3_10um.csv,3,10,-0.02999963,-1.806586e-06,-1.5024847265302887e-08,-2.125581076865511e-05
3_10um.csv,3,10,-0.01999987,-1.801619e-06,-1.0057847265302787e-08,-1.4228943192322132e-05
3_10um.csv,3,10,-0.01000011,-1.79647e-06,-4.908847265302957e-09,-6.944598285831982e-06
3_10um.csv,3,10,3.111451e-07,-1.791561e-06,1.527346972363114e-13,2.1607539597158223e-10
3_10um.csv,3,10,0.01000074,-1.786259e-06,5.3021527346970544e-09,7.5010117044910825e-06
3_10um.csv,3,10,0.0200005,-1.780773e-06,1.0788152734697081e-08,1.5262114084954564e-05
3_10um.csv,3,10,0.02999959,-1.774727e-06,1.6834152734697108e-08,2.381545440436437e-05
3_10um.csv,3,10,0.04000068,-1.768526e-06,2.3035152734697178e-08,3.258807486758974e-05
3_10um.csv,3,10,0.0500011,-1.761809e-06,2.975215273469709e-08,4.2090686003129714e-05
3_10um.csv,3,10,0.06000086,-1.754622e-06,3.693915273469706e-08,5.2258211123142575e-05
3_10um.csv,3,10,0.07000062,-1.746948e-06,4.4613152734697134e-08,6.311470030791782e-05
3_10um.csv,3,10,0.08000038,-1.739271e-06,5.229015273469708e-08,7.397543362450868e-05
3_10um.csv,3,10,0.09000081,-1.730337e-06,6.12241527346972e-08,8.661445817191325e-05
3_10um.csv,3,10,0.0999999,-1.720507e-06,7.105415273469707e-08,0.00010052106342163155
3_10um.csv,3,10,0.1099997,-1.70975e-06,8.181115273469712e-08,0.00011573910540242733
3_10um.csv,3,10,0.1200007,-1.696835e-06,9.472615273469723e-08,0.00013401009286937706
3_10um.csv,3,10,0.1300005,-1.68395e-06,1.0761115273469715e-07,0.0001522386390181687
3_10um.csv,3,10,0.1400003,-1.668405e-06,1.2315615273469723e-07,0.00017423031537695558
3_10um.csv,3,10,0.1500007,-1.650724e-06,1.408371527346972e-07,0.00019924381358858042
3_10um.csv,3,10,0.1600004,-1.630223e-06,1.6133815273469706e-07,0.000228246795707042
3_10um.csv,3,10,0.1700002,-1.607018e-06,1.8454315273469704e-07,0.0002610751553021302
3_10um.csv,3,10,0.18,-1.579215e-06,2.123461527346971e-07,0.00030040835426021
3_10um.csv,3,10,0.1900004,-1.545596e-06,2.459651527346972e-07,0.0003479695100984895
3_10um.csv,3,10,0.1999995,-1.506953e-06,2.8460815273469724e-07,0.00040263817201760164
3_10um.csv,3,10,0.2099999,-1.461715e-06,3.2984615273469724e-07,0.00046663685037841193
3_10um.csv,3,10,0.220001,-1.409797e-06,3.817641527346972e-07,0.0005400857955823676
3_10um.csv,3,10,0.2299994,-1.34421e-06,4.473511527346971e-07,0.0006328724200496399
3_10um.csv,3,10,0.2400005,-1.265329e-06,5.262321527346972e-07,0.0007444662073032559
3_10um.csv,3,10,0.2500009,-1.171339e-06,6.202221527346972e-07,0.0008774348570917647
3_10um.csv,3,10,0.2599994,-1.058026e-06,7.335351527346972e-07,0.0010377399599057373
3_10um.csv,3,10,0.2700018,-9.265306e-07,8.650305527346972e-07,0.001223767896828813
3_10um.csv,3,10,0.2800002,-7.635354e-07,1.0280257527346973e-06,0.0014543589348754984
3_10um.csv,3,10,0.29,-5.789347e-07,1.2126264527346972e-06,0.0017155155029041564
3_10um.csv,3,10,0.3000004,-3.53413e-07,1.4381481527346971e-06,0.0020345634436107116
3_10um.csv,3,10,0.3100002,-9.389956e-08,1.6976615927346972e-06,0.0024016998593865517
3_10um.csv,3,10,0.3199999,1.954491e-07,1.987010252734697e-06,0.002811044477306695
3_10um.csv,3,10,0.3300003,5.23198e-07,2.3147591527346972e-06,0.0032747143219994178
3_10um.csv,3,10,0.3400008,8.914967e-07,2.683057852734697e-06,0.0037957503987933647
3_10um.csv,3,10,0.3499992,1.291437e-06,3.082998152734697e-06,0.0043615501826747465
3_10um.csv,3,10,0.3600003,1.731245e-06,3.522806152734697e-06,0.004983751224553505
3_10um.csv,3,10,0.3700007,2.184208e-06,3.975769152734697e-06,0.005624562784444475
3_10um.csv,3,10,0.3799991,2.708052e-06,4.499613152734697e-06,0.0063656504467469715
3_10um.csv,3,10,0.3900002,3.2195e-06,5.011061152734697e-06,0.007089201356386648
3_10um.csv,3,10,0.4000013,3.783914e-06,5.575475152734697e-06,0.007887683827944594
3_10um.csv,3,10,0.4099997,4.351842e-06,6.143403152734698e-06,0.00869113759256943
3_10um.csv,3,10,0.4200008,4.976987e-06,6.768548152734698e-06,0.0095755368538955
3_10um.csv,3,10,0.4300013,5.57531e-06,7.366871152734697e-06,0.010421990747367252
3_10um.csv,3,10,0.4400004,6.232305e-06,8.023866152734697e-06,0.011351448541470894
3_10um.csv,3,10,0.4500008,6.874015e-06,8.665576152734697e-06,0.012259282483973118
3_10um.csv,3,10,0.4600005,7.543786e-06,9.335347152734696e-06,0.013206814620769577
3_10um.csv,3,10,0.4700003,8.221593e-06,1.0013154152734698e-05,0.014165715371989919
3_10um.csv,3,10,0.4800007,8.912105e-06,1.0703666152734697e-05,0.015142590021450103
3_10um.csv,3,10,0.4899992,9.608918e-06,1.1400479152734697e-05,0.01612837876243404
3_10um.csv,3,10,0.4999996,1.031035e-05,1.2101911152734698e-05,0.017120702051703678
3_10um.csv,3,10,0.51,1.104561e-05,1.2837171152734698e-05,0.018160882171328097
3_10um.csv,3,10,0.5199984,1.179431e-05,1.3585871152734698e-05,0.019220076001487226
3_10um.csv,3,10,0.5300022,1.26012e-05,1.4392761152734698e-05,0.02036159184176651
3_10um.csv,3,10,0.5400019,1.335332e-05,1.5144881152734697e-05,0.021425623982195628
3_10um.csv,3,10,0.549999,1.410864e-05,1.5900201152734698e-05,0.02249418319656159
3_10um.csv,3,10,0.5600008,1.487857e-05,1.6670131152734697e-05,0.023583411332870414
3_10um.csv,3,10,0.5699999,1.564112e-05,1.7432681152734695e-05,0.024662198904912412
3_10um.csv,3,10,0.580001,1.644332e-05,1.8234881152734696e-05,0.02579707975245302
3_10um.csv,3,10,0.5899987,1.718438e-05,1.8975941152734695e-05,0.02684546519358795
3_10um.csv,3,10,0.6000005,1.795796e-05,1.9749521152734696e-05,0.027939857023605984
3_10um.csv,3,10,0.6099989,1.878628e-05,2.0577841152734694e-05,0.029111690112156013
3_10um.csv,3,10,0.6199993,1.95051e-05,2.1296661152734696e-05,0.03012861238942994
3_10um.csv,3,10,0.6299998,2.02486e-05,2.2040161152734697e-05,0.031180449724441707
3_10um.csv,3,10,0.6399995,2.109872e-05,2.2890281152734695e-05,0.032383123504186435
3_10um.csv,3,10,0.6499986,2.175447e-05,2.3546031152734697e-05,0.03331081998358653
3_10um.csv,3,10,0.6600024,2.268854e-05,2.4480101152734696e-05,0.03463225871864294
3_10um.csv,3,10,0.6700001,2.342133e-05,2.5212891152734697e-05,0.03566894450307236
3_10um.csv,3,10,0.6799999,2.434746e-05,2.6139021152734696e-05,0.03697915043592301
3_10um.csv,3,10,0.6900023,2.513759e-05,2.6929151152734696e-05,0.03809695572645811
3_10um.csv,3,10,0.7000021,2.598795e-05,2.7779511152734695e-05,0.0392999690367481
3_10um.csv,3,10,0.7099998,2.669943e-05,2.8490991152734695e-05,0.040306507338179406
3_10um.csv,3,10,0.7199989,2.75998e-05,2.9391361152734695e-05,0.04158027032583851
3_10um.csv,3,10,0.7300007,2.834965e-05,3.0141211152734696e-05,0.04264109107319369
3_10um.csv,3,10,0.7399985,2.928285e-05,3.1074411152734696e-05,0.04396129901002353
3_10um.csv,3,10,0.7500002,3.018802e-05,3.19795811527347e-05,0.0452418526085879
3_10um.csv,3,10,0.7599993,3.122461e-05,3.3016171152734696e-05,0.04670832747489569
3_10um.csv,3,10,0.7700017,3.217005e-05,3.39616111527347e-05,0.04804585146953393
3_10um.csv,3,10,0.7799988,3.298842e-05,3.4779981152734694e-05,0.049203608187561615
3_10um.csv,3,10,0.7900006,3.401455e-05,3.58061111527347e-05,0.050655285180938384
3_10um.csv,3,10,0.7999983,3.477704e-05,3.6568601152734694e-05,0.05173398787034406
3_10um.csv,3,10,0.8100001,3.591121e-05,3.770277115273469e-05,0.05333851019751326
3_10um.csv,3,10,0.8199972,3.660964e-05,3.8401201152734694e-05,0.05432658652554591
3_10um.csv,3,10,0.8300056,3.769933e-05,3.94908911527347e-05,0.055868182524993086
3_10um.csv,3,10,0.84,3.822765e-05,4.00192111527347e-05,0.056615602431964736
3_10um.csv,3,10,0.8499985,3.934263e-05,4.1134191152734696e-05,0.058192976462618964
3_10um.csv,3,10,0.8600002,4.019284e-05,4.19844011527347e-05,0.05939577756631817
3_10um.csv,3,10,0.8699993,4.123267e-05,4.3024231152734696e-05,0.06086683609498702
3_10um.csv,3,10,0.8800011,4.216889e-05,4.39604511527347e-05,0.062191316457844745
3_10um.csv,3,10,0.8900048,4.335002e-05,4.5141581152734694e-05,0.06386227359503702
3_10um.csv,3,10,0.9000053,4.403933e-05,4.5830891152734695e-05,0.06483744776234968
3_10um.csv,3,10,0.9099997,4.498452e-05,4.677608115273469e-05,0.06617461807933658
3_10um.csv,3,10,0.9200001,4.584313e-05,4.763469115273469e-05,0.06738930275211999
3_10um.csv,3,10,0.9299945,4.685735e-05,4.8648911152734695e-05,0.0688241305421881
3_10um.csv,3,10,0.940001,4.802431e-05,4.98158711527347e-05,0.07047504123010381
3_10um.csv,3,10,0.9500001,4.880898e-05,5.0600541152734694e-05,0.0715851222007342
3_10um.csv,3,10,0.9600011,5.036577e-05,5.21573311527347e-05,0.07378752952389893
3_10um.csv,3,10,0.9700002,5.102347e-05,5.28150311527347e-05,0.07471798468897928
3_10um.csv,3,10,0.9800007,5.226393e-05,5.40554911527347e-05,0.07647287660638169
3_10um.csv,3,10,0.9900004,5.299267e-05,5.47842311527347e-05,0.07750383281285982
3_10um.csv,3,10,0.9999962,5.430927e-05,5.61008311527347e-05,0.07936644079574683
3_15um.csv,3,15,-0.9999996,-1.15641e-07,-1.1563440478299871e-07,-0.0001635892187795853
3_15um.csv,3,15,-0.9899998,-1.147027e-07,-1.1469610478299872e-07,-0.00016226179581866864
3_15um.csv,3,15,-0.9800007,-1.137065e-07,-1.1369990478299871e-07,-0.00016085246111370734
3_15um.csv,3,15,-0.9700003,-1.126879e-07,-1.1268130478299872e-07,-0.0001594114368911882
3_15um.csv,3,15,-0.9599999,-1.118143e-07,-1.1180770478299871e-07,-0.0001581755457064319
3_15um.csv,3,15,-0.9500001,-1.107523e-07,-1.1074570478299872e-07,-0.00015667312304364441
3_15um.csv,3,15,-0.9400003,-1.097159e-07,-1.0970930478299871e-07,-0.0001552069169723516
3_15um.csv,3,15,-0.9299999,-1.089559e-07,-1.0894930478299871e-07,-0.00015413173691235303
3_15um.csv,3,15,-0.9199995,-1.079652e-07,-1.0795860478299871e-07,-0.00015273018311572068
3_15um.csv,3,15,-0.9100004,-1.071673e-07,-1.0716070478299871e-07,-0.0001516013855237827
3_15um.csv,3,15,-0.8999993,-1.059304e-07,-1.0592380478299872e-07,-0.000149851529976135
3_15um.csv,3,15,-0.8900002,-1.051559e-07,-1.0514930478299871e-07,-0.00014875583661236013
3_15um.csv,3,15,-0.8800005,-1.040649e-07,-1.0405830478299871e-07,-0.00014721238734202006
3_15um.csv,3,15,-0.87,-1.030385e-07,-1.0303190478299871e-07,-0.00014576032837677988
3_15um.csv,3,15,-0.8599996,-1.021426e-07,-1.0213600478299871e-07,-0.00014449288914552627
3_15um.csv,3,15,-0.8500005,-1.011274e-07,-1.0112080478299871e-07,-0.00014305667493906503
3_15um.csv,3,15,-0.8400001,-1.001423e-07,-1.0013570478299871e-07,-0.00014166304352182212
3_15um.csv,3,15,-0.8300003,-9.927753e-08,-9.927093478299871e-08,-0.0001404396442317103
3_15um.csv,3,15,-0.8199999,-9.81509e-08,-9.814430478299871e-08,-0.00013884578882250478
3_15um.csv,3,15,-0.8099995,-9.7275e-08,-9.726840478299872e-08,-0.00013760664380335643
3_15um.csv,3,15,-0.799999,-9.630438e-08,-9.629778478299872e-08,-0.00013623349739567771
3_15um.csv,3,15,-0.7900006,-9.511311e-08,-9.510651478299872e-08,-0.00013454819509294808
3_15um.csv,3,15,-0.7799995,-9.422607e-08,-9.421947478299872e-08,-0.00013329329019765712
3_15um.csv,3,15,-0.7700004,-9.347609e-08,-9.346949478299872e-08,-0.00013223228553792325
3_15um.csv,3,15,-0.76,-9.239404e-08,-9.238744478299871e-08,-0.00013070149792750025
3_15um.csv,3,15,-0.7500003,-9.12986e-08,-9.129200478299871e-08,-0.00012915176734207281
3_15um.csv,3,15,-0.7400005,-9.03369e-08,-9.033030478299872e-08,-0.00012779124015299307
3_15um.csv,3,15,-0.7300001,-8.956241e-08,-8.955581478299871e-08,-0.00012669556093632424
3_15um.csv,3,15,-0.7199996,-8.858064e-08,-8.857404478299871e-08,-0.00012530664050539684
3_15um.csv,3,15,-0.7100006,-8.759219e-08,-8.758559478299871e-08,-0.00012390826980762632
3_15um.csv,3,15,-0.7000001,-8.655025e-08,-8.654365478299871e-08,-0.0001224342262395804
3_15um.csv,3,15,-0.690001,-8.565095e-08,-8.564435478299871e-08,-0.0001211619769922689
3_15um.csv,3,15,-0.6799993,-8.491101e-08,-8.490441478299871e-08,-0.00012011517602701185
3_15um.csv,3,15,-0.6700009,-8.374983e-08,-8.374323478299871e-08,-0.00011847244236639455
3_15um.csv,3,15,-0.6600004,-8.280261e-08,-8.279601478299872e-08,-0.00011713240018687896
3_15um.csv,3,15,-0.65,-8.189439e-08,-8.188779478299872e-08,-0.00011584753172096856
3_15um.csv,3,15,-0.6400002,-8.093492e-08,-8.092832478299872e-08,-0.0001144901593365385
3_15um.csv,3,15,-0.6300005,-8.02128e-08,-8.020620478299871e-08,-0.0001134685685142672
3_15um.csv,3,15,-0.6200001,-7.914857e-08,-7.914197478299872e-08,-0.00011196299104682999
3_15um.csv,3,15,-0.610001,-7.820804e-08,-7.820144478299871e-08,-0.00011063241328126358
3_15um.csv,3,15,-0.6000005,-7.72051e-08,-7.719850478299871e-08,-0.00010921354342682283
3_15um.csv,3,15,-0.5900008,-7.620774e-08,-7.620114478299871e-08,-0.00010780256765755942
3_15um.csv,3,15,-0.5800004,-7.54143e-08,-7.540770478299872e-08,-0.0001066800796749209
3_15um.csv,3,15,-0.5699999,-7.44604e-08,-7.445380478299872e-08,-0.00010533058722856216
3_15um.csv,3,15,-0.5600008,-7.348086e-08,-7.347426478299872e-08,-0.00010394482160228452
3_15um.csv,3,15,-0.5500004,-7.243446e-08,-7.242786478299871e-08,-0.0001024644684249391
3_15um.csv,3,15,-0.5399993,-7.163991e-08,-7.163331478299872e-08,-0.00010134041011352874
3_15um.csv,3,15,-0.5300002,-7.054114e-08,-7.053454478299872e-08,-9.978596854178579e-05
3_15um.csv,3,15,-0.5200005,-6.977556e-08,-6.976896478299871e-08,-9.870289439660984e-05
3_15um.csv,3,15,-0.5099994,-6.860101e-08,-6.859441478299872e-08,-9.70412460552002e-05
3_15um.csv,3,15,-0.5000003,-6.776412e-08,-6.775752478299871e-08,-9.585728889676307e-05
3_15um.csv,3,15,-0.4899999,-6.676452e-08,-6.675792478299871e-08,-9.444314417574388e-05
3_15um.csv,3,15,-0.4799994,-6.578944e-08,-6.578284478299872e-08,-9.306368815876572e-05
3_15um.csv,3,15,-0.4700003,-6.494586e-08,-6.493926478299871e-08,-9.187026658637938e-05
3_15um.csv,3,15,-0.4599999,-6.400756e-08,-6.400096478299872e-08,-9.054284362546273e-05
3_15um.csv,3,15,-0.4499995,-6.301353e-08,-6.300693478299871e-08,-8.913657884251484e-05
3_15um.csv,3,15,-0.4400011,-6.196825e-08,-6.196165478299871e-08,-8.765781014104731e-05
3_15um.csv,3,15,-0.4299993,-6.106003e-08,-6.105343478299871e-08,-8.63729416751369e-05
3_15um.csv,3,15,-0.4200009,-6.012619e-08,-6.011959478299872e-08,-8.50518283235197e-05
3_15um.csv,3,15,-0.4099998,-5.922131e-08,-5.921471478299871e-08,-8.377168499103085e-05
3_15um.csv,3,15,-0.4,-5.843679e-08,-5.8430194782998716e-08,-8.266181622699127e-05
3_15um.csv,3,15,-0.3899989,-5.743943e-08,-5.7432834782998714e-08,-8.125084045772786e-05
3_15um.csv,3,15,-0.3799999,-5.650224e-08,-5.6495644782998716e-08,-7.992498782558304e-05
3_15um.csv,3,15,-0.3700001,-5.543355e-08,-5.5426954782998715e-08,-7.841310074884635e-05
3_15um.csv,3,15,-0.3599997,-5.457883e-08,-5.4572234782998715e-08,-7.720391930031742e-05
3_15um.csv,3,15,-0.3499992,-5.358258e-08,-5.3575984782998717e-08,-7.579451385982587e-05
3_15um.csv,3,15,-0.3400002,-5.26621e-08,-5.265550478299871e-08,-7.449230104189494e-05
3_15um.csv,3,15,-0.3299997,-5.174386e-08,-5.173726478299871e-08,-7.319325717571981e-05
3_15um.csv,3,15,-0.3200006,-5.071863e-08,-5.0712034782998714e-08,-7.174285342188778e-05
3_15um.csv,3,15,-0.3100002,-4.981153e-08,-4.980493478299871e-08,-7.045956943185526e-05
3_15um.csv,3,15,-0.3000004,-4.885763e-08,-4.8851034782998715e-08,-6.911007698549652e-05
3_15um.csv,3,15,-0.2899994,-4.782571e-08,-4.7819114782998715e-08,-6.765020881771528e-05
3_15um.csv,3,15,-0.2799996,-4.686847e-08,-4.686187478299871e-08,-6.629599123793497e-05
3_15um.csv,3,15,-0.2699992,-4.583544e-08,-4.5828844782998715e-08,-6.483455274138189e-05
3_15um.csv,3,15,-0.2600007,-4.475895e-08,-4.4752354782998715e-08,-6.331163092192417e-05
3_15um.csv,3,15,-0.2500003,-4.369027e-08,-4.368367478299872e-08,-6.179975799229353e-05
3_15um.csv,3,15,-0.2400006,-4.288123e-08,-4.287463478299871e-08,-6.065520052421293e-05
3_15um.csv,3,15,-0.2299995,-4.168774e-08,-4.168114478299871e-08,-5.896675756393964e-05
3_15um.csv,3,15,-0.2199997,-4.067031e-08,-4.066371478299871e-08,-5.752738855282864e-05
3_15um.csv,3,15,-0.2100006,-3.957377e-08,-3.9567174782998714e-08,-5.5976101785735426e-05
3_15um.csv,3,15,-0.2000002,-3.852068e-08,-3.8514084782998716e-08,-5.4486284194440814e-05
3_15um.csv,3,15,-0.1899998,-3.736173e-08,-3.7355134782998715e-08,-5.284670533847324e-05
3_15um.csv,3,15,-0.1800013,-3.623398e-08,-3.622738478299871e-08,-5.1251265453389814e-05
3_15um.csv,3,15,-0.1700009,-3.511515e-08,-3.5108554782998716e-08,-4.9668444786905325e-05
3_15um.csv,3,15,-0.1599998,-3.384699e-08,-3.3840394782998716e-08,-4.7874365385737166e-05
3_15um.csv,3,15,-0.1500007,-3.264012e-08,-3.263352478299871e-08,-4.616699359756547e-05
3_15um.csv,3,15,-0.1399996,-3.13129e-08,-3.130630478299871e-08,-4.428936138805058e-05
3_15um.csv,3,15,-0.1300006,-3.00258e-08,-3.001920478299872e-08,-4.246848736801877e-05
3_15um.csv,3,15,-0.1200008,-2.858826e-08,-2.8581664782998715e-08,-4.0434784284531456e-05
3_15um.csv,3,15,-0.1100004,-2.711839e-08,-2.7111794782998714e-08,-3.835534360717604e-05
3_15um.csv,3,15,-0.09999994,-2.551035e-08,-2.5503754782998715e-08,-3.608043236549167e-05
3_15um.csv,3,15,-0.09000018,-2.387668e-08,-2.3870084782998714e-08,-3.376926209099446e-05
3_15um.csv,3,15,-0.08000042,-2.206025e-08,-2.2053654782998715e-08,-3.119953930627969e-05
3_15um.csv,3,15,-0.07000067,-2.020927e-08,-2.0202674782998713e-08,-2.8580938270153142e-05
3_15um.csv,3,15,-0.06000024,-1.811201e-08,-1.8105414782998714e-08,-2.5613922306162846e-05
3_15um.csv,3,15,-0.04999982,-1.585652e-08,-1.5849924782998714e-08,-2.2423056683102055e-05
3_15um.csv,3,15,-0.03999939,-1.336143e-08,-1.3354834782998713e-08,-1.889322639902066e-05
3_15um.csv,3,15,-0.02999963,-1.064793e-08,-1.0641334782998714e-08,-1.5054409171644145e-05
3_15um.csv,3,15,-0.01999987,-7.546623e-09,-7.540027782998714e-09,-1.0666957268573065e-05
3_15um.csv,3,15,-0.009999447,-4.046371e-09,-4.039775782998714e-09,-5.715113643086019e-06
3_15um.csv,3,15,-3.555944e-07,-6.760543e-12,-1.6532599871408733e-13,-2.33888443706234e-10
3_15um.csv,3,15,0.009999403,4.642413e-09,4.649008217001286e-09,6.577001228538607e-06
3_15um.csv,3,15,0.01999983,1.016526e-08,1.0171855217001287e-08,1.4390231450674117e-05
3_15um.csv,3,15,0.02999959,1.667989e-08,1.6686485217001285e-08,2.360654760102748e-05
3_15um.csv,3,15,0.04000001,2.461759e-08,2.4624185217001287e-08,3.4836095972410035e-05
3_15um.csv,3,15,0.05000044,3.427588e-08,3.428247521700128e-08,4.8499781264099114e-05
3_15um.csv,3,15,0.05999953,4.636351e-08,4.6370105217001286e-08,6.560027961757367e-05
3_15um.csv,3,15,0.07000062,6.145103e-08,6.145762521700129e-08,8.69447541686655e-05
3_15um.csv,3,15,0.07999971,8.075981e-08,8.076640521700129e-08,0.00011426109000932262
3_15um.csv,3,15,0.08999947,1.056806e-07,1.0568719521700128e-07,0.00014951679591381216
3_15um.csv,3,15,0.0999999,1.380376e-07,1.380441952170013e-07,0.0001952925869682518
3_15um.csv,3,15,0.1099997,1.804552e-07,1.8046179521700128e-07,0.0002553012155379831
3_15um.csv,3,15,0.1199987,2.362497e-07,2.362562952170013e-07,0.0003342342864032343
3_15um.csv,3,15,0.1299998,3.092892e-07,3.0929579521700125e-07,0.00043756404165621633
3_15um.csv,3,15,0.1399996,4.047521e-07,4.047586952170013e-07,0.0005726164186952145
3_15um.csv,3,15,0.1499994,5.277847e-07,5.277912952170013e-07,0.000746671942708085
3_15um.csv,3,15,0.1599998,6.834039e-07,6.834104952170012e-07,0.0009668280753303628
3_15um.csv,3,15,0.1700002,8.775927e-07,8.775992952170012e-07,0.0012415490301133268
3_15um.csv,3,15,0.1799993,1.112103e-06,1.1121095952170012e-06,0.0015733132385663338
3_15um.csv,3,15,0.1900004,1.392269e-06,1.3922755952170012e-06,0.0019696670499999686
3_15um.csv,3,15,0.2000002,1.71364e-06,1.7136465952170013e-06,0.0024243140119233953
3_15um.csv,3,15,0.2099992,2.080955e-06,2.080961595217001e-06,0.0029439584378949464
3_15um.csv,3,15,0.2199997,2.485208e-06,2.4852145952170014e-06,0.0035158594442036397
3_15um.csv,3,15,0.2300001,2.928858e-06,2.9288645952170014e-06,0.004143495804227812
3_15um.csv,3,15,0.2399992,3.397563e-06,3.397569595217001e-06,0.004806577738466805
3_15um.csv,3,15,0.2500003,3.89542e-06,3.895426595217001e-06,0.0055109013162703765
3_15um.csv,3,15,0.2599994,4.420344e-06,4.420350595217002e-06,0.006253516866026555
3_15um.csv,3,15,0.2699991,4.953794e-06,4.953800595217002e-06,0.007008194238403191
3_15um.csv,3,15,0.2800009,5.512969e-06,5.5129755952170014e-06,0.007799265041100173
3_15um.csv,3,15,0.29,6.080018e-06,6.080024595217002e-06,0.008601475275102985
3_15um.csv,3,15,0.2999991,6.683377e-06,6.6833835952170015e-06,0.009455053651182831
3_15um.csv,3,15,0.3099995,7.263894e-06,7.263900595217002e-06,0.0102763172076173
3_15um.csv,3,15,0.3199999,7.886147e-06,7.886153595217e-06,0.011156625125872953
3_15um.csv,3,15,0.3299997,8.494968e-06,8.494974595217e-06,0.012017930651278739
3_15um.csv,3,15,0.3400008,9.117671e-06,9.117677595217e-06,0.01289887518930676
3_15um.csv,3,15,0.3499999,9.742589e-06,9.742595595217001e-06,0.013782953311325436
3_15um.csv,3,15,0.3599356,1.037771e-05,1.0377716595217e-05,0.014681465725649592
3_15um.csv,3,15,0.3700007,1.102103e-05,1.1021036595217001e-05,0.015591577352226289
3_15um.csv,3,15,0.3799991,1.164138e-05,1.1641386595217001e-05,0.01646919307620013
3_15um.csv,3,15,0.3900009,1.2316e-05,1.2316006595217001e-05,0.017423585144721504
3_15um.csv,3,15,0.4,1.294674e-05,1.2946746595217001e-05,0.01831589971188401
3_15um.csv,3,15,0.4100004,1.364596e-05,1.3645966595217001e-05,0.01930509366129481
3_15um.csv,3,15,0.4199995,1.427753e-05,1.4277536595217001e-05,0.020198582438259685
3_15um.csv,3,15,0.4300006,1.494713e-05,1.4947136595217e-05,0.021145872659542642
3_15um.csv,3,15,0.4400004,1.564187e-05,1.5641876595217002e-05,0.022128728705441875
3_15um.csv,3,15,0.4499988,1.633086e-05,1.6330866595217e-05,0.02310345016536085
3_15um.csv,3,15,0.4600005,1.701787e-05,1.7017876595217e-05,0.02407537049828141
3_15um.csv,3,15,0.4699996,1.764154e-05,1.7641546595217e-05,0.02495768306146472
3_15um.csv,3,15,0.4800007,1.837594e-05,1.8375946595217e-05,0.025996646529968616
3_15um.csv,3,15,0.4899985,1.903438e-05,1.9034386595217e-05,0.026928148580896857
3_15um.csv,3,15,0.5000009,1.976171e-05,1.9761716595217002e-05,0.027957110045421556
3_15um.csv,3,15,0.5099993,2.042982e-05,2.0429826595217e-05,0.028902292347902675
3_15um.csv,3,15,0.5199991,2.115436e-05,2.1154366595217e-05,0.02992730676983869
3_15um.csv,3,15,0.5299995,2.181083e-05,2.1810836595217e-05,0.030856021840874572
3_15um.csv,3,15,0.5400006,2.252664e-05,2.2526646595217002e-05,0.03186868583922666
3_15um.csv,3,15,0.5499997,2.319898e-05,2.3198986595217002e-05,0.032819852367568035
3_15um.csv,3,15,0.5599995,2.393842e-05,2.3938426595217e-05,0.03386594597752244
3_15um.csv,3,15,0.5700019,2.466048e-05,2.4660486595217e-05,0.03488745191715741
3_15um.csv,3,15,0.5799996,2.534891e-05,2.5348916595217002e-05,0.03586138113913744
3_15um.csv,3,15,0.5899974,2.609121e-05,2.6091216595217e-05,0.0369115208214229
3_15um.csv,3,15,0.5999972,2.674078e-05,2.6740786595217e-05,0.03783047438928247
3_15um.csv,3,15,0.6100009,2.754787e-05,2.7547876595217e-05,0.03897227317168281
3_15um.csv,3,15,0.6200013,2.819737e-05,2.8197376595217e-05,0.03989112770980002
3_15um.csv,3,15,0.6300004,2.895668e-05,2.8956686595217e-05,0.04096533161948097
3_15um.csv,3,15,0.6400009,2.955576e-05,2.9555766595217e-05,0.04181285644888091
3_15um.csv,3,15,0.6499993,3.038806e-05,3.0388066595217e-05,0.042990320085639876
3_15um.csv,3,15,0.6600004,3.104461e-05,3.1044616595217e-05,0.04391914833352418
3_15um.csv,3,15,0.6699995,3.180418e-05,3.1804186595217e-05,0.0449937200679625
3_15um.csv,3,15,0.6799992,3.2477e-05,3.2477006595217e-05,0.045945565657394404
3_15um.csv,3,15,0.6900003,3.324984e-05,3.3249846595217e-05,0.04703891060156453
3_15um.csv,3,15,0.7000008,3.395999e-05,3.3959996595217e-05,0.04804356733789084
3_15um.csv,3,15,0.7099978,3.474617e-05,3.4746176595217e-05,0.04915578452153517
3_15um.csv,3,15,0.7200003,3.550024e-05,3.5500246595217e-05,0.050222575347644544
3_15um.csv,3,15,0.7299987,3.620965e-05,3.6209656595217004e-05,0.05122618519812296
3_15um.csv,3,15,0.7399998,3.698296e-05,3.6982966595217e-05,0.052320195056277566
3_15um.csv,3,15,0.7499955,3.775349e-05,3.7753496595217004e-05,0.05341027201894956
3_15um.csv,3,15,0.7600006,3.863757e-05,3.8637576595217e-05,0.054660989370848956
3_15um.csv,3,15,0.7699931,3.923621e-05,3.9236216595217004e-05,0.05550789172758258
3_15um.csv,3,15,0.7800015,4.009954e-05,4.0099546595217e-05,0.05672925383442281
3_15um.csv,3,15,0.7899999,4.075062e-05,4.0750626595217e-05,0.05765034361529633
3_15um.csv,3,15,0.800001,4.165664e-05,4.1656646595217e-05,0.058932099717875164
3_15um.csv,3,15,0.8100014,4.234629e-05,4.2346296595217e-05,0.05990775488679361
3_15um.csv,3,15,0.8199985,4.319794e-05,4.3197946595217e-05,0.06111259317376439
3_15um.csv,3,15,0.8300003,4.386205e-05,4.3862056595217e-05,0.06205211663382446
3_15um.csv,3,15,0.839998,4.461725e-05,4.4617256595217e-05,0.06312050608291779
3_15um.csv,3,15,0.8499998,4.532814e-05,4.5328146595217e-05,0.064126209705092
3_15um.csv,3,15,0.8599989,4.616296e-05,4.6162966595217e-05,0.06530723841257623
3_15um.csv,3,15,0.87,4.687457e-05,4.6874576595217e-05,0.06631396062638621
3_15um.csv,3,15,0.8799944,4.762184e-05,4.7621846595217e-05,0.06737113142037983
3_15um.csv,3,15,0.8900008,4.847525e-05,4.8475256595217004e-05,0.06857845959801587
3_15um.csv,3,15,0.8999979,4.92126e-05,4.9212606595217e-05,0.06962159646280527
3_15um.csv,3,15,0.9100044,5.015673e-05,5.0156736595217e-05,0.07095726718655061
3_15um.csv,3,15,0.9199974,5.079901e-05,5.0799016595217e-05,0.07186590751409784
3_15um.csv,3,15,0.9300012,5.172718e-05,5.1727186595217e-05,0.07317899945658321
3_15um.csv,3,15,0.9400036,5.239802e-05,5.2398026595217e-05,0.07412804391901669
3_15um.csv,3,15,0.9500014,5.331453e-05,5.3314536595217e-05,0.07542464033584473
3_15um.csv,3,15,0.9599978,5.391119e-05,5.3911196595217e-05,0.07626874156557992
3_15um.csv,3,15,0.9700022,5.491276e-05,5.4912766595217e-05,0.07768567326649148
3_15um.csv,3,15,0.9799993,5.552493e-05,5.5524936595217004e-05,0.07855171665771428
3_15um.csv,3,15,0.9899984,5.64563e-05,5.6456306595217e-05,0.07986933567413648
3_15um.csv,3,15,0.9999995,5.713111e-05,5.7131116595217e-05,0.08082399653767286
3_20um.csv,3,20,-1.0,-1.728024e-10,-2.49623075877935e-10,-3.531444127624587e-07
3_20um.csv,3,20,-0.9899998,-1.538581e-10,-2.3067877587793496e-10,-3.263437106432072e-07
3_20um.csv,3,20,-0.98,-1.371424e-10,-2.1396307587793497e-10,-3.0269583257884103e-07
3_20um.csv,3,20,-0.9700009,-1.583156e-10,-2.35136275877935e-10,-3.3264978316615945e-07
3_20um.csv,3,20,-0.9599999,-1.304562e-10,-2.0727687587793499e-10,-2.93236794529943e-07
3_20um.csv,3,20,-0.9500001,-1.282274e-10,-2.05048075877935e-10,-2.9008368753293666e-07
3_20um.csv,3,20,-0.9400003,-1.761456e-10,-2.52966275877935e-10,-3.5787407325796824e-07
3_20um.csv,3,20,-0.9300006,-1.638874e-10,-2.4070807587793496e-10,-3.4053226771655426e-07
3_20um.csv,3,20,-0.9199995,-1.650018e-10,-2.41822475877935e-10,-3.421088212150575e-07
3_20um.csv,3,20,-0.9100004,-1.415999e-10,-2.18420575877935e-10,-3.090019051017933e-07
3_20um.csv,3,20,-0.9000006,-1.516293e-10,-2.2844997587793498e-10,-3.2319060364620084e-07
3_20um.csv,3,20,-0.8899995,-1.226556e-10,-1.99476275877935e-10,-2.822012029825418e-07
3_20um.csv,3,20,-0.8800005,-1.494006e-10,-2.2622127587793498e-10,-3.20037638120255e-07
3_20um.csv,3,20,-0.8700007,-1.482862e-10,-2.2510687587793497e-10,-3.184610846217518e-07
3_20um.csv,3,20,-0.8600003,-1.137406e-10,-1.9056127587793497e-10,-2.695890579366373e-07
3_20um.csv,3,20,-0.8500005,-1.137406e-10,-1.9056127587793497e-10,-2.695890579366373e-07
3_20um.csv,3,20,-0.8400001,-8.253806e-11,-1.5935873587793497e-10,-2.254464936875477e-07
3_20um.csv,3,20,-0.8300003,-1.360281e-10,-2.1284877587793498e-10,-3.011194205513984e-07
3_20um.csv,3,20,-0.8200006,-1.304562e-10,-2.0727687587793499e-10,-2.93236794529943e-07
3_20um.csv,3,20,-0.8100001,-1.181981e-10,-1.95018775877935e-10,-2.758951304595896e-07
3_20um.csv,3,20,-0.7999997,-1.371424e-10,-2.1396307587793497e-10,-3.0269583257884103e-07
3_20um.csv,3,20,-0.79,-1.315706e-10,-2.08391275877935e-10,-2.948133480284462e-07
3_20um.csv,3,20,-0.7800002,-1.304562e-10,-2.0727687587793499e-10,-2.93236794529943e-07
3_20um.csv,3,20,-0.7699998,-1.404856e-10,-2.1730627587793497e-10,-3.074254930743506e-07
3_20um.csv,3,20,-0.7600007,-1.115118e-10,-1.88332475877935e-10,-2.66435950939631e-07
3_20um.csv,3,20,-0.7500003,-1.337993e-10,-2.10619975877935e-10,-2.9796631355439204e-07
3_20um.csv,3,20,-0.7399998,-1.505149e-10,-2.2733557587793497e-10,-3.2161405014769767e-07
3_20um.csv,3,20,-0.7300001,-1.393712e-10,-2.16191875877935e-10,-3.0584893957584743e-07
3_20um.csv,3,20,-0.7200003,-1.048256e-10,-1.8164627587793498e-10,-2.5697691289073295e-07
3_20um.csv,3,20,-0.7100006,-1.048256e-10,-1.8164627587793498e-10,-2.5697691289073295e-07
3_20um.csv,3,20,-0.7000001,-1.226556e-10,-1.99476275877935e-10,-2.822012029825418e-07
3_20um.csv,3,20,-0.6900004,-1.092831e-10,-1.86103775877935e-10,-2.6328298541368516e-07
3_20um.csv,3,20,-0.6799999,-9.813931e-11,-1.7495998587793499e-10,-2.475177475178804e-07
3_20um.csv,3,20,-0.6700002,-1.427143e-10,-2.1953497587793497e-10,-3.105784586002964e-07
3_20um.csv,3,20,-0.6599998,-1.092831e-10,-1.86103775877935e-10,-2.6328298541368516e-07
3_20um.csv,3,20,-0.65,-6.136493e-11,-1.38185605877935e-10,-1.9549264212997171e-07
3_20um.csv,3,20,-0.6400009,-1.003681e-10,-1.7718877587793498e-10,-2.5067084036778074e-07
3_20um.csv,3,20,-0.6300005,-4.353492e-11,-1.2035559587793498e-10,-1.702683378910568e-07
3_20um.csv,3,20,-0.6200014,-7.919493e-11,-1.5601560587793498e-10,-2.207169322217805e-07
3_20um.csv,3,20,-0.6100003,-1.148549e-10,-1.9167557587793498e-10,-2.7116546996408e-07
3_20um.csv,3,20,-0.5999999,-1.516293e-10,-2.2844997587793498e-10,-3.2319060364620084e-07
3_20um.csv,3,20,-0.5900008,-1.594299e-10,-2.36250575877935e-10,-3.342261951936021e-07
3_20um.csv,3,20,-0.5799997,-1.638874e-10,-2.4070807587793496e-10,-3.4053226771655426e-07
3_20um.csv,3,20,-0.5699999,-8.922431e-11,-1.6604498587793497e-10,-2.3490560247197598e-07
3_20um.csv,3,20,-0.5600008,-8.142368e-11,-1.58244355877935e-10,-2.2386996848325664e-07
3_20um.csv,3,20,-0.5500011,-9.925368e-11,-1.7607435587793497e-10,-2.4909425857506544e-07
3_20um.csv,3,20,-0.5400007,-9.256743e-11,-1.6938810587793497e-10,-2.3963514979063715e-07
3_20um.csv,3,20,-0.5300009,-9.256743e-11,-1.6938810587793497e-10,-2.3963514979063715e-07
3_20um.csv,3,20,-0.5199998,-5.579305e-11,-1.3261372587793499e-10,-1.876100444027284e-07
3_20um.csv,3,20,-0.5100007,-1.070543e-10,-1.8387497587793498e-10,-2.6012987841667877e-07
3_20um.csv,3,20,-0.5000003,-9.033868e-11,-1.6715935587793498e-10,-2.3648211352916104e-07
3_20um.csv,3,20,-0.4899999,-9.479618e-11,-1.71616855877935e-10,-2.4278818605211323e-07
3_20um.csv,3,20,-0.4800001,-8.142368e-11,-1.58244355877935e-10,-2.2386996848325664e-07
3_20um.csv,3,20,-0.4700003,-8.588118e-11,-1.6270185587793498e-10,-2.3017604100620883e-07
3_20um.csv,3,20,-0.4599999,-6.359368e-11,-1.40414355877935e-10,-1.986456783914478e-07
3_20um.csv,3,20,-0.4500002,-1.014824e-10,-1.7830307587793499e-10,-2.522472523952234e-07
3_20um.csv,3,20,-0.4400004,-6.025055e-11,-1.37071225877935e-10,-1.9391611692568062e-07
3_20um.csv,3,20,-0.43,-1.037112e-10,-1.80531875877935e-10,-2.554003593922298e-07
3_20um.csv,3,20,-0.4199996,-5.913618e-11,-1.3595685587793498e-10,-1.9233960586849558e-07
3_20um.csv,3,20,-0.4100005,-5.579305e-11,-1.3261372587793499e-10,-1.876100444027284e-07
3_20um.csv,3,20,-0.4,-1.014824e-10,-1.7830307587793499e-10,-2.522472523952234e-07
3_20um.csv,3,20,-0.3900003,-5.022118e-11,-1.27041855877935e-10,-1.7972746082259118e-07
3_20um.csv,3,20,-0.3800005,-9.368181e-11,-1.70502485877935e-10,-2.4121167499492825e-07
3_20um.csv,3,20,-0.3699994,-3.57343e-11,-1.1255497587793499e-10,-1.5923271804944347e-07
3_20um.csv,3,20,-0.359999,-6.359368e-11,-1.40414355877935e-10,-1.986456783914478e-07
3_20um.csv,3,20,-0.3500006,-1.003681e-10,-1.7718877587793498e-10,-2.5067084036778074e-07
3_20um.csv,3,20,-0.3400008,-2.793367e-11,-1.0475434587793499e-10,-1.4819708406072408e-07
3_20um.csv,3,20,-0.3299991,-2.68193e-11,-1.0363997587793499e-10,-1.4662057300353908e-07
3_20um.csv,3,20,-0.32,-5.80218e-11,-1.34842475877935e-10,-1.9076308066420454e-07
3_20um.csv,3,20,-0.3099995,-3.239117e-11,-1.09211845877935e-10,-1.545031565836763e-07
3_20um.csv,3,20,-0.2999998,-4.353492e-11,-1.2035559587793498e-10,-1.702683378910568e-07
3_20um.csv,3,20,-0.2900007,-9.813931e-11,-1.7495998587793499e-10,-2.475177475178804e-07
3_20um.csv,3,20,-0.2799989,-9.256743e-11,-1.6938810587793497e-10,-2.3963514979063715e-07
3_20um.csv,3,20,-0.2699998,-7.919493e-11,-1.5601560587793498e-10,-2.207169322217805e-07
3_20um.csv,3,20,-0.2600014,-7.58518e-11,-1.5267247587793498e-10,-2.1598737075601333e-07
3_20um.csv,3,20,-0.2500003,-2.904805e-11,-1.0586872587793499e-10,-1.4977360926501518e-07
3_20um.csv,3,20,-0.2399999,-4.242055e-11,-1.19241225877935e-10,-1.686918268338718e-07
3_20um.csv,3,20,-0.2299995,-5.579305e-11,-1.3261372587793499e-10,-1.876100444027284e-07
3_20um.csv,3,20,-0.2200004,-3.907742e-11,-1.15898095877935e-10,-1.6396226536810461e-07
3_20um.csv,3,20,-0.21,-2.793367e-11,-1.0475434587793499e-10,-1.4819708406072408e-07
3_20um.csv,3,20,-0.2000009,-3.684867e-11,-1.1366934587793499e-10,-1.608092291066285e-07
3_20um.csv,3,20,-0.1899998,-3.684867e-11,-1.1366934587793499e-10,-1.608092291066285e-07
3_20um.csv,3,20,-0.1800007,-5.80218e-11,-1.34842475877935e-10,-1.9076308066420454e-07
3_20um.csv,3,20,-0.1700009,-1.233242e-11,-8.915309587793499e-11,-1.2612583023039137e-07
3_20um.csv,3,20,-0.1599998,-2.347617e-11,-1.0029684587793498e-10,-1.4189101153777187e-07
3_20um.csv,3,20,-0.1499994,-4.687805e-11,-1.23698725877935e-10,-1.74997899356824e-07
3_20um.csv,3,20,-0.1400003,-1.678992e-11,-9.361059587793498e-11,-1.3243190275334355e-07
3_20um.csv,3,20,-0.1299992,-7.429172e-14,-7.689496759793499e-11,-1.08784126152022e-07
3_20um.csv,3,20,-0.1200001,-2.013305e-11,-9.695372587793499e-11,-1.3716146421911076e-07
3_20um.csv,3,20,-0.1099997,-2.347617e-11,-1.0029684587793498e-10,-1.4189101153777187e-07
3_20um.csv,3,20,-0.1000006,-1.344679e-11,-9.026746587793499e-11,-1.2770234128757637e-07
3_20um.csv,3,20,-0.09000085,-1.678992e-11,-9.361059587793498e-11,-1.3243190275334355e-07
3_20um.csv,3,20,-0.08000042,-4.242055e-11,-1.19241225877935e-10,-1.686918268338718e-07
3_20um.csv,3,20,-0.07000067,-6.760543e-12,-8.358121887793498e-11,-1.1824323674727989e-07
3_20um.csv,3,20,-0.06000024,3.001384e-11,-4.6806835877934986e-11,-6.621812711523934e-08
3_20um.csv,3,20,-0.05000048,-6.760543e-12,-8.358121887793498e-11,-1.1824323674727989e-07
3_20um.csv,3,20,-0.03999939,1.218384e-11,-6.463683587793499e-11,-9.144241720704817e-08
3_20um.csv,3,20,-0.03000097,5.497584e-12,-7.132309187793499e-11,-1.0090153447974013e-07
3_20um.csv,3,20,-0.01999987,5.341572e-11,-2.340495587793499e-11,-3.311123929618723e-08
3_20um.csv,3,20,-0.01000011,6.901697e-11,-7.803705877934994e-12,-1.1039985465854514e-08
3_20um.csv,3,20,-1.022334e-06,7.68176e-11,-3.0758779349911673e-15,-4.351477135121206e-12
3_20um.csv,3,20,0.009999403,1.069057e-10,3.008502412206501e-11,4.256160268502714e-08
3_20um.csv,3,20,0.01999983,1.570526e-10,8.0231924122065e-11,1.135049539360046e-07
3_20um.csv,3,20,0.03000025,2.127714e-10,1.3595072412206504e-10,1.923309312084375e-07
3_20um.csv,3,20,0.04000001,2.963495e-10,2.1952882412206504e-10,3.105697556460262e-07
3_20um.csv,3,20,0.0499991,3.821564e-10,3.05335724122065e-10,4.3196168708062133e-07
3_20um.csv,3,20,0.05999953,5.716002e-10,4.94779524122065e-10,6.999698400416204e-07
3_20um.csv,3,20,0.06999996,7.365277e-10,6.59707024122065e-10,9.332945233908521e-07
3_20um.csv,3,20,0.08000038,1.0987e-09,1.021879324122065e-09,1.4456635171327261e-06
3_20um.csv,3,20,0.08999947,1.543335e-09,1.4665143241220651e-09,2.0746933671030805e-06
3_20um.csv,3,20,0.1000006,2.09718e-09,2.020359324122065e-09,2.8582237622740203e-06
3_20um.csv,3,20,0.1099997,3.017654e-09,2.9408333241220647e-09,4.160428091941302e-06
3_20um.csv,3,20,0.1200001,4.250153e-09,4.173332324122065e-09,5.904057498215239e-06
3_20um.csv,3,20,0.1299998,6.005294e-09,5.928473324122065e-09,8.387074084644148e-06
3_20um.csv,3,20,0.1399989,8.320965e-09,8.244144324122065e-09,1.1663078406640167e-05
3_20um.csv,3,20,0.1499994,1.190034e-08,1.1823519324122065e-08,1.6726858179347303e-05
3_20um.csv,3,20,0.1600004,1.707661e-08,1.6999789324122063e-08,2.4049782244043167e-05
3_20um.csv,3,20,0.1700002,2.340626e-08,2.3329439324122065e-08,3.3004405226635306e-05
3_20um.csv,3,20,0.18,3.285951e-08,3.278268932412207e-08,4.6378018255821614e-05
3_20um.csv,3,20,0.1899991,4.608157e-08,4.6004749324122064e-08,6.508340676122271e-05
3_20um.csv,3,20,0.2000002,6.435064e-08,6.427381932412206e-08,9.092885383848361e-05
3_20um.csv,3,20,0.2100006,8.910982e-08,8.903299932412206e-08,0.00012595592836205688
3_20um.csv,3,20,0.220001,1.234872e-07,1.2341037932412207e-07,0.00017458997242915432
3_20um.csv,3,20,0.2299994,1.681279e-07,1.6805107932412205e-07,0.000237743644145442
3_20um.csv,3,20,0.2399985,2.261267e-07,2.2604987932412205e-07,0.0003197951615978706
3_20um.csv,3,20,0.2500003,3.045185e-07,3.044416793241221e-07,0.00043069687242339275
3_20um.csv,3,20,0.2600014,4.048803e-07,4.0480347932412207e-07,0.0005726797752465054
3_20um.csv,3,20,0.2700005,5.265623e-07,5.26485479324122e-07,0.0007448245911159099
3_20um.csv,3,20,0.2799989,6.766419e-07,6.76565079324122e-07,0.0009571437928692824
3_20um.csv,3,20,0.2900013,8.5087e-07,8.50793179324122e-07,0.0012036261336738072
3_20um.csv,3,20,0.2999997,1.056971e-06,1.0568941793241222e-06,0.001495199404128765
3_20um.csv,3,20,0.3100042,1.294161e-06,1.2940841793241222e-06,0.0018307546125906906
3_20um.csv,3,20,0.3200046,1.557753e-06,1.557676179324122e-06,0.002203661010452725
3_20um.csv,3,20,0.330005,1.844331e-06,1.8442541793241222e-06,0.0026090859462872956
3_20um.csv,3,20,0.3400028,2.155092e-06,2.155015179324122e-06,0.0030487228286888994
3_20um.csv,3,20,0.3499999,2.482321e-06,2.482244179324122e-06,0.0035116571653379465
3_20um.csv,3,20,0.3600003,2.843619e-06,2.843542179324122e-06,0.004022789277597641
3_20um.csv,3,20,0.3700054,3.208036e-06,3.207959179324122e-06,0.004538333872235145
3_20um.csv,3,20,0.3800045,3.597959e-06,3.597882179324122e-06,0.005089962075570443
3_20um.csv,3,20,0.3900009,3.993381e-06,3.993304179324123e-06,0.005649369772524075
3_20um.csv,3,20,0.3999987,4.407279e-06,4.4072021793241225e-06,0.006234915662620513
3_20um.csv,3,20,0.4100038,4.83877e-06,4.838693179324122e-06,0.006845350556395312
3_20um.csv,3,20,0.4200035,5.266402e-06,5.266325179324122e-06,0.007450326081944409
3_20um.csv,3,20,0.4300019,5.7188e-06,5.7187231793241226e-06,0.008090338330343406
3_20um.csv,3,20,0.440001,6.159196e-06,6.1591191793241225e-06,0.008713371222058059
3_20um.csv,3,20,0.4500035,6.633532e-06,6.6334551793241225e-06,0.009384419391715278
3_20um.csv,3,20,0.4600045,7.113258e-06,7.113181179324123e-06,0.010063092851534857
3_20um.csv,3,20,0.470001,7.610136e-06,7.610059179324123e-06,0.010766031427655877
3_20um.csv,3,20,0.4800014,8.080389e-06,8.080312179324121e-06,0.011431303333911813
3_20um.csv,3,20,0.4900012,8.569643e-06,8.569566179324121e-06,0.012123456156378321
3_20um.csv,3,20,0.5000049,9.049424e-06,9.049347179324122e-06,0.01280220742528119
3_20um.csv,3,20,0.5099993,9.533738e-06,9.533661179324122e-06,0.013487371577357707
3_20um.csv,3,20,0.5200004,1.005313e-05,1.0053053179324122e-05,0.01422216094804558
3_20um.csv,3,20,0.5299962,1.052606e-05,1.0525983179324121e-05,0.014891220034591802
3_20um.csv,3,20,0.5400013,1.109408e-05,1.1094003179324121e-05,0.01569480395259232
3_20um.csv,3,20,0.5499997,1.157446e-05,1.1574383179324121e-05,0.01637440263314774
3_20um.csv,3,20,0.5600015,1.210194e-05,1.2101863179324121e-05,0.017120634183210966
3_20um.csv,3,20,0.5699972,1.264579e-05,1.2645713179324121e-05,0.01789002454588232
3_20um.csv,3,20,0.5799983,1.318443e-05,1.3184353179324122e-05,0.018652044266300263
3_20um.csv,3,20,0.5900027,1.37e-05,1.369992317932412e-05,0.019381426613054826
3_20um.csv,3,20,0.5999992,1.424884e-05,1.424876317932412e-05,0.02015787638164643
3_20um.csv,3,20,0.6099989,1.477925e-05,1.4779173179324122e-05,0.020908253033783075
3_20um.csv,3,20,0.6199993,1.533784e-05,1.533776317932412e-05,0.02169849623077598
3_20um.csv,3,20,0.6299964,1.593421e-05,1.5934133179324123e-05,0.022542187194435657
3_20um.csv,3,20,0.6399995,1.647702e-05,1.647694317932412e-05,0.023310106258077536
3_20um.csv,3,20,0.6500006,1.702787e-05,1.7027793179324123e-05,0.02408939959498572
3_20um.csv,3,20,0.6599977,1.760011e-05,1.760003317932412e-05,0.02489895359174044
3_20um.csv,3,20,0.6699988,1.815961e-05,1.815953317932412e-05,0.025690484175384134
3_20um.csv,3,20,0.6799992,1.87454e-05,1.874532317932412e-05,0.026519207500840143
3_20um.csv,3,20,0.6899983,1.93518e-05,1.935172317932412e-05,0.027377088011870592
3_20um.csv,3,20,0.7000001,1.991996e-05,1.991988317932412e-05,0.028180869989355848
3_20um.csv,3,20,0.7100005,2.049166e-05,2.049158317932412e-05,0.02898966004238373
3_20um.csv,3,20,0.7200003,2.113107e-05,2.113099317932412e-05,0.029894240150493852
3_20um.csv,3,20,0.7299974,2.176577e-05,2.176569317932412e-05,0.030792156971653193
3_20um.csv,3,20,0.7400005,2.233532e-05,2.2335243179324122e-05,0.03159790539687976
3_20um.csv,3,20,0.7499989,2.292796e-05,2.292788317932412e-05,0.03243631948998181
3_20um.csv,3,20,0.7600013,2.355358e-05,2.355350317932412e-05,0.03332139073884538
3_20um.csv,3,20,0.7699964,2.417546e-05,2.417538317932412e-05,0.034201170970045276
3_20um.csv,3,20,0.7800015,2.478875e-05,2.478867317932412e-05,0.03506879883714597
3_20um.csv,3,20,0.7899992,2.54287e-05,2.542862317932412e-05,0.035974142888982936
3_20um.csv,3,20,0.7999997,2.61272e-05,2.612712317932412e-05,0.03696231824675795
3_20um.csv,3,20,0.8100001,2.676757e-05,2.676749317932412e-05,0.03786825647704912
3_20um.csv,3,20,0.8199992,2.738276e-05,2.738268317932412e-05,0.03873857229429981
3_20um.csv,3,20,0.8300016,2.804206e-05,2.8041983179324123e-05,0.039671290996348585
3_20um.csv,3,20,0.8400014,2.865742e-05,2.865734317932412e-05,0.04054184731440217
3_20um.csv,3,20,0.8499985,2.930697e-05,2.9306893179324122e-05,0.041460772588049644
3_20um.csv,3,20,0.8600009,2.99379e-05,2.993782317932412e-05,0.04235335595022715
3_20um.csv,3,20,0.8699993,3.05531e-05,3.055302317932412e-05,0.04322368591458389
3_20um.csv,3,20,0.8799964,3.125349e-05,3.125341317932412e-05,0.04421453507540286
3_20um.csv,3,20,0.8899995,3.193895e-05,3.193887317932412e-05,0.04518426260688525
3_20um.csv,3,20,0.9000006,3.264575e-05,3.264567317932412e-05,0.04618418006268394
3_20um.csv,3,20,0.909999,3.327255e-05,3.327247317932412e-05,0.04707092067006172
3_20um.csv,3,20,0.9200028,3.401317e-05,3.401309317932412e-05,0.048118683638530335
3_20um.csv,3,20,0.9300005,3.448474e-05,3.448466317932412e-05,0.0487858187186534
3_20um.csv,3,20,0.9399996,3.519702e-05,3.519694317932412e-05,0.04979348878856891
3_20um.csv,3,20,0.9500021,3.598269e-05,3.5982613179324124e-05,0.05090498446980456
3_20um.csv,3,20,0.9599965,3.665268e-05,3.665260317932412e-05,0.051852826428223565
3_20um.csv,3,20,0.9700036,3.732648e-05,3.732640317932412e-05,0.052806058434048626
3_20um.csv,3,20,0.9800007,3.803562e-05,3.803554317932412e-05,0.053809286312663615
3_20um.csv,3,20,0.9899991,3.874625e-05,3.8746173179324123e-05,0.05481462211008045
3_20um.csv,3,20,1.000002,3.9357e-05,3.9356923179324124e-05,0.05567865661224379
3_25um.csv,3,25,-0.9999996,-5.750919e-10,-2.8639657937021645e-10,-4.0516827814560244e-07
3_25um.csv,3,25,-0.9899998,-5.929219e-10,-3.042265793702165e-10,-4.3039256823741135e-07
3_25um.csv,3,25,-0.98,-6.029513e-10,-3.142559793702164e-10,-4.4458126678181884e-07
3_25um.csv,3,25,-0.9700003,-5.5169e-10,-2.6299467937021643e-10,-3.720613620323382e-07
3_25um.csv,3,25,-0.9599999,-5.550331e-10,-2.663377793702164e-10,-3.7679088105678715e-07
3_25um.csv,3,25,-0.9499994,-5.650625e-10,-2.763671793702164e-10,-3.909795796011948e-07
3_25um.csv,3,25,-0.9400003,-5.96265e-10,-3.0756967937021645e-10,-4.351220872618603e-07
3_25um.csv,3,25,-0.9300006,-5.773206e-10,-2.8862527937021646e-10,-4.083212436715483e-07
3_25um.csv,3,25,-0.9199995,-5.383175e-10,-2.4962217937021643e-10,-3.5314314446348157e-07
3_25um.csv,3,25,-0.9100004,-5.628338e-10,-2.741384793702164e-10,-3.87826614075249e-07
3_25um.csv,3,25,-0.9000006,-5.895788e-10,-3.008834793702164e-10,-4.256630492129622e-07
3_25um.csv,3,25,-0.8900002,-5.461181e-10,-2.5742277937021643e-10,-3.641787360108828e-07
3_25um.csv,3,25,-0.8800011,-5.929219e-10,-3.042265793702165e-10,-4.3039256823741135e-07
3_25um.csv,3,25,-0.8700007,-5.583763e-10,-2.696809793702165e-10,-3.8152054155229687e-07
3_25um.csv,3,25,-0.8599996,-5.5169e-10,-2.6299467937021643e-10,-3.720613620323382e-07
3_25um.csv,3,25,-0.8499998,-5.650625e-10,-2.763671793702164e-10,-3.909795796011948e-07
3_25um.csv,3,25,-0.8400001,-5.951506e-10,-3.064552793702165e-10,-4.3354553376335717e-07
3_25um.csv,3,25,-0.8299997,-5.750919e-10,-2.8639657937021645e-10,-4.0516827814560244e-07
3_25um.csv,3,25,-0.8199992,-5.728631e-10,-2.841677793702164e-10,-4.0201517114859605e-07
3_25um.csv,3,25,-0.8100001,-5.762063e-10,-2.875109793702164e-10,-4.0674483164410556e-07
3_25um.csv,3,25,-0.7999997,-6.029513e-10,-3.142559793702164e-10,-4.4458126678181884e-07
3_25um.csv,3,25,-0.79,-5.78435e-10,-2.897396793702164e-10,-4.0989779717005143e-07
3_25um.csv,3,25,-0.7799995,-5.996081e-10,-3.109127793702164e-10,-4.3985160628630927e-07
3_25um.csv,3,25,-0.7699998,-6.352681e-10,-3.465727793702165e-10,-4.90300186469927e-07
3_25um.csv,3,25,-0.7600007,-6.107519e-10,-3.220565793702164e-10,-4.5561685832922004e-07
3_25um.csv,3,25,-0.7500003,-6.397256e-10,-3.510302793702164e-10,-4.966062589928791e-07
3_25um.csv,3,25,-0.7399998,-6.709282e-10,-3.8223287937021647e-10,-5.407489081246051e-07
3_25um.csv,3,25,-0.7300001,-5.862356e-10,-2.975402793702164e-10,-4.2093338871745264e-07
3_25um.csv,3,25,-0.7199996,-7.344475e-10,-4.4575217937021645e-10,-6.306103354733787e-07
3_25um.csv,3,25,-0.7099992,-7.233038e-10,-4.346084793702165e-10,-6.148452249015285e-07
3_25um.csv,3,25,-0.7000008,-5.951506e-10,-3.064552793702165e-10,-4.3354553376335717e-07
3_25um.csv,3,25,-0.6899997,-4.937425e-10,-2.050471793702164e-10,-2.9008241923395945e-07
3_25um.csv,3,25,-0.6799993,-6.798432e-10,-3.9114787937021643e-10,-5.533610531705096e-07
3_25um.csv,3,25,-0.6699995,-7.500488e-10,-4.613534793702165e-10,-6.526816600392417e-07
3_25um.csv,3,25,-0.6599991,-6.876438e-10,-3.9894847937021643e-10,-5.643966447179108e-07
3_25um.csv,3,25,-0.65,-7.065882e-10,-4.178928793702164e-10,-5.911974883082227e-07
3_25um.csv,3,25,-0.6400009,-7.110457e-10,-4.2235037937021646e-10,-5.97503560831175e-07
3_25um.csv,3,25,-0.6299998,-7.043594e-10,-4.156640793702164e-10,-5.880443813112164e-07
3_25um.csv,3,25,-0.6200001,-7.411338e-10,-4.524384793702164e-10,-6.400695149933372e-07
3_25um.csv,3,25,-0.6099996,-6.798432e-10,-3.9114787937021643e-10,-5.533610531705096e-07
3_25um.csv,3,25,-0.5999999,-6.9433e-10,-4.0563467937021646e-10,-5.738556827668089e-07
3_25um.csv,3,25,-0.5900001,-7.244182e-10,-4.3572287937021645e-10,-6.164217784000317e-07
3_25um.csv,3,25,-0.5800004,-7.333332e-10,-4.446378793702164e-10,-6.29033923445936e-07
3_25um.csv,3,25,-0.5699993,-6.865294e-10,-3.9783407937021646e-10,-5.628200912194077e-07
3_25um.csv,3,25,-0.5600008,-7.166175e-10,-4.279221793702164e-10,-6.053860453815699e-07
3_25um.csv,3,25,-0.5499997,-6.809575e-10,-3.9226217937021647e-10,-5.549374651979523e-07
3_25um.csv,3,25,-0.5399993,-6.642419e-10,-3.755465793702164e-10,-5.312897286046465e-07
3_25um.csv,3,25,-0.5300009,-6.820719e-10,-3.9337657937021643e-10,-5.565140186964554e-07
3_25um.csv,3,25,-0.5200005,-7.010163e-10,-4.123209793702164e-10,-5.833148622867674e-07
3_25um.csv,3,25,-0.5099994,-6.742713e-10,-3.8557597937021643e-10,-5.454784271490542e-07
3_25um.csv,3,25,-0.5000003,-7.03245e-10,-4.1454967937021643e-10,-5.864678278127133e-07
3_25um.csv,3,25,-0.4900005,-6.263531e-10,-3.376577793702164e-10,-4.776880414240225e-07
3_25um.csv,3,25,-0.4800001,-6.698138e-10,-3.811184793702164e-10,-5.391723546261019e-07
3_25um.csv,3,25,-0.4699997,-6.876438e-10,-3.9894847937021643e-10,-5.643966447179108e-07
3_25um.csv,3,25,-0.4599993,-6.441832e-10,-3.5548787937021647e-10,-5.02912472986892e-07
3_25um.csv,3,25,-0.4499995,-6.430688e-10,-3.543734793702164e-10,-5.013359194883886e-07
3_25um.csv,3,25,-0.4400004,-6.753857e-10,-3.866903793702164e-10,-5.470549806475573e-07
3_25um.csv,3,25,-0.4300006,-6.709282e-10,-3.8223287937021647e-10,-5.407489081246051e-07
3_25um.csv,3,25,-0.4199996,-6.698138e-10,-3.811184793702164e-10,-5.391723546261019e-07
3_25um.csv,3,25,-0.4100005,-6.129806e-10,-3.242852793702164e-10,-4.587698238551659e-07
3_25um.csv,3,25,-0.4000007,-6.798432e-10,-3.9114787937021643e-10,-5.533610531705096e-07
3_25um.csv,3,25,-0.3899996,-6.2301e-10,-3.3431467937021644e-10,-4.729585223995735e-07
3_25um.csv,3,25,-0.3799999,-6.530982e-10,-3.6440287937021644e-10,-5.155246180327963e-07
3_25um.csv,3,25,-0.3700008,-6.118663e-10,-3.231709793702165e-10,-4.571934118277233e-07
3_25um.csv,3,25,-0.3599997,-6.475263e-10,-3.5883097937021644e-10,-5.076419920113409e-07
3_25um.csv,3,25,-0.3500012,-6.809575e-10,-3.9226217937021647e-10,-5.549374651979523e-07
3_25um.csv,3,25,-0.3400008,-6.430688e-10,-3.543734793702164e-10,-5.013359194883886e-07
3_25um.csv,3,25,-0.3300004,-6.363825e-10,-3.4768717937021644e-10,-4.918767399684301e-07
3_25um.csv,3,25,-0.3200006,-6.441832e-10,-3.5548787937021647e-10,-5.02912472986892e-07
3_25um.csv,3,25,-0.3099995,-6.040656e-10,-3.1537027937021645e-10,-4.4615767880926154e-07
3_25um.csv,3,25,-0.2999991,-6.118663e-10,-3.231709793702165e-10,-4.571934118277233e-07
3_25um.csv,3,25,-0.2900007,-5.951506e-10,-3.064552793702165e-10,-4.3354553376335717e-07
3_25um.csv,3,25,-0.2799996,-6.14095e-10,-3.253996793702165e-10,-4.603463773536692e-07
3_25um.csv,3,25,-0.2699998,-6.441832e-10,-3.5548787937021647e-10,-5.02912472986892e-07
3_25um.csv,3,25,-0.2600001,-6.196669e-10,-3.309715793702165e-10,-4.6822900337512457e-07
3_25um.csv,3,25,-0.2499997,-6.107519e-10,-3.220565793702164e-10,-4.5561685832922004e-07
3_25um.csv,3,25,-0.2400012,-5.260594e-10,-2.373640793702164e-10,-3.358014803931281e-07
3_25um.csv,3,25,-0.2300001,-6.185525e-10,-3.298571793702164e-10,-4.666524498766213e-07
3_25um.csv,3,25,-0.2200004,-6.185525e-10,-3.298571793702164e-10,-4.666524498766213e-07
3_25um.csv,3,25,-0.2100006,-4.603112e-10,-1.7161587937021645e-10,-2.427868045762877e-07
3_25um.csv,3,25,-0.1999995,-5.093438e-10,-2.2064847937021643e-10,-3.121537437998225e-07
3_25um.csv,3,25,-0.1899984,-6.4084e-10,-3.521446793702165e-10,-4.981828124913824e-07
3_25um.csv,3,25,-0.1800007,-6.218956e-10,-3.332002793702165e-10,-4.713819689010704e-07
3_25um.csv,3,25,-0.1699996,-5.594906e-10,-2.707952793702164e-10,-3.830969535797394e-07
3_25um.csv,3,25,-0.1600005,-4.870562e-10,-1.9836087937021644e-10,-2.8062323971400095e-07
3_25um.csv,3,25,-0.1500001,-5.717488e-10,-2.830534793702165e-10,-4.0043875912115345e-07
3_25um.csv,3,25,-0.1400003,-5.004288e-10,-2.1173347937021647e-10,-2.9954159875391816e-07
3_25um.csv,3,25,-0.1300006,-4.112787e-10,-1.2258337937021644e-10,-1.7342000682381341e-07
3_25um.csv,3,25,-0.1200008,-5.126869e-10,-2.239915793702164e-10,-3.1688326282427147e-07
3_25um.csv,3,25,-0.1100004,-6.2301e-10,-3.3431467937021644e-10,-4.729585223995735e-07
3_25um.csv,3,25,-0.09999994,-6.218956e-10,-3.332002793702165e-10,-4.713819689010704e-07
3_25um.csv,3,25,-0.09000085,-5.6952e-10,-2.8082467937021646e-10,-3.9728565212414706e-07
3_25um.csv,3,25,-0.08000042,-5.628338e-10,-2.741384793702164e-10,-3.87826614075249e-07
3_25um.csv,3,25,-0.07,-5.048863e-10,-2.161909793702164e-10,-3.0584767127687027e-07
3_25um.csv,3,25,-0.06000091,-5.227163e-10,-2.3402097937021643e-10,-3.310719613686791e-07
3_25um.csv,3,25,-0.04999982,-4.792556e-10,-1.9056027937021644e-10,-2.695876481665997e-07
3_25um.csv,3,25,-0.04000006,-4.848275e-10,-1.9613217937021644e-10,-2.7747027418805513e-07
3_25um.csv,3,25,-0.0300003,-4.658831e-10,-1.7718777937021645e-10,-2.506694305977431e-07
3_25um.csv,3,25,-0.01999987,-4.224225e-10,-1.3372717937021644e-10,-1.891852588667242e-07
3_25um.csv,3,25,-0.01000011,-3.444162e-10,-5.572087937021646e-11,-7.882891897953033e-08
3_25um.csv,3,25,-3.555944e-07,-2.886975e-10,-2.179370216416476e-15,-3.0831781579549846e-12
3_25um.csv,3,25,0.01000007,-2.274068e-10,6.128852062978355e-11,8.670552011573025e-08
3_25um.csv,3,25,0.01999983,-6.24793e-11,2.2621602062978355e-10,3.200302034649619e-07
3_25um.csv,3,25,0.02999959,6.901697e-11,3.5771229062978354e-10,5.060593711862641e-07
3_25um.csv,3,25,0.03999935,3.27552e-10,6.162473206297835e-10,8.718116199588102e-07
3_25um.csv,3,25,0.05000044,5.805152e-10,8.692105206297836e-10,1.2296813417396434e-06
3_25um.csv,3,25,0.05999953,9.616315e-10,1.2503268206297835e-09,1.7688506131875873e-06
3_25um.csv,3,25,0.06999996,1.514362e-09,1.8030573206297835e-09,2.5508043133889635e-06
3_25um.csv,3,25,0.08000105,2.137297e-09,2.4259923206297833e-09,3.432077064277406e-06
3_25um.csv,3,25,0.09000014,2.947448e-09,3.2361433206297837e-09,4.578206275840447e-06
3_25um.csv,3,25,0.0999999,4.091911e-09,4.3806063206297834e-09,6.1972902192696006e-06
3_25um.csv,3,25,0.1099997,5.564001e-09,5.852696320629783e-09,8.279871554168694e-06
3_25um.csv,3,25,0.1199994,7.503014e-09,7.791709320629785e-09,1.102301380900821e-05
3_25um.csv,3,25,0.1299998,1.003933e-08,1.0328025320629785e-08,1.4611166952502107e-05
3_25um.csv,3,25,0.1399989,1.334011e-08,1.3628805320629784e-08,1.9280815424136472e-05
3_25um.csv,3,25,0.1500007,1.766054e-08,1.7949235320629783e-08,2.5392973564425512e-05
3_25um.csv,3,25,0.1599998,2.356005e-08,2.3848745320629782e-08,3.3739072927270556e-05
3_25um.csv,3,25,0.1699995,3.106871e-08,3.1357405320629785e-08,4.4361653860571804e-05
3_25um.csv,3,25,0.1800006,4.11538e-08,4.144249532062979e-08,5.862913763858641e-05
3_25um.csv,3,25,0.1900017,5.440372e-08,5.4692415320629785e-08,7.73739399814501e-05
3_25um.csv,3,25,0.2000002,7.074046e-08,7.102915532062978e-08,0.00010048569931484644
3_25um.csv,3,25,0.2100012,9.436187e-08,9.465056532062978e-08,0.00013390315855307157
3_25um.csv,3,25,0.2200017,1.239653e-07,1.2425399532062977e-07,0.00017578344492618183
3_25um.csv,3,25,0.2300014,1.626196e-07,1.6290829532062977e-07,0.00023046809307513338
3_25um.csv,3,25,0.2400012,2.110838e-07,2.1137249532062978e-07,0.00029903091079063767
3_25um.csv,3,25,0.2499983,2.757409e-07,2.760295953206298e-07,0.00039050199586607756
3_25um.csv,3,25,0.2600014,3.520756e-07,3.523642953206298e-07,0.0004984935055055167
3_25um.csv,3,25,0.2700018,4.452184e-07,4.455070953206298e-07,0.0006302636124692481
3_25um.csv,3,25,0.2800029,5.686812e-07,5.689698953206299e-07,0.0008049277449845019
3_25um.csv,3,25,0.2900026,6.965858e-07,6.968744953206298e-07,0.0009858757390662054
3_25um.csv,3,25,0.3000031,8.566926e-07,8.569812953206298e-07,0.001212380527000654
3_25um.csv,3,25,0.3100055,1.033633e-06,1.0339216953206297e-06,0.0014626999873798288
3_25um.csv,3,25,0.3200039,1.233062e-06,1.2333506953206296e-06,0.0017448343086764826
3_25um.csv,3,25,0.330005,1.447917e-06,1.4482056953206297e-06,0.0020487919557698976
3_25um.csv,3,25,0.3400054,1.686563e-06,1.6868516953206296e-06,0.002386406982873084
3_25um.csv,3,25,0.3500025,1.927209e-06,1.92749769532063e-06,0.002726851431186793
3_25um.csv,3,25,0.360007,2.190347e-06,2.1906356953206297e-06,0.0030991155504340386
3_25um.csv,3,25,0.37,2.470783e-06,2.4710716953206298e-06,0.003495851333731094
3_25um.csv,3,25,0.3800065,2.751387e-06,2.75167569532063e-06,0.0038928247884098335
3_25um.csv,3,25,0.3900042,3.055002e-06,3.05529069532063e-06,0.004322352148826241
3_25um.csv,3,25,0.400002,3.355556e-06,3.35584469532063e-06,0.004747549080079943
3_25um.csv,3,25,0.4100038,3.673786e-06,3.67407469532063e-06,0.005197752435992244
3_25um.csv,3,25,0.4200015,3.986608e-06,3.98689669532063e-06,0.005640305036951292
3_25um.csv,3,25,0.4300039,4.318169e-06,4.31845769532063e-06,0.00610936789994233
3_25um.csv,3,25,0.4400037,4.649999e-06,4.65028769532063e-06,0.006578811320086185
3_25um.csv,3,25,0.4500048,4.991436e-06,4.99172469532063e-06,0.007061845865014785
3_25um.csv,3,25,0.4600025,5.329912e-06,5.33020069532063e-06,0.0075406914518412055
3_25um.csv,3,25,0.470005,5.68372e-06,5.68400869532063e-06,0.008041227381667492
3_25um.csv,3,25,0.4800061,6.027474e-06,6.02776269532063e-06,0.008527539811068482
3_25um.csv,3,25,0.4900025,6.403175e-06,6.40346369532063e-06,0.009059048000175755
3_25um.csv,3,25,0.5000022,6.759403e-06,6.75969169532063e-06,0.009563007529666774
3_25um.csv,3,25,0.5100047,7.132679e-06,7.13296769532063e-06,0.01009108504555629
3_25um.csv,3,25,0.5200024,7.499073e-06,7.49936169532063e-06,0.010609426523060394
3_25um.csv,3,25,0.5300015,7.862578e-06,7.86286669532063e-06,0.0111236809016259
3_25um.csv,3,25,0.5400039,8.242837e-06,8.24312569532063e-06,0.011661637341671952
3_25um.csv,3,25,0.5500024,8.63199e-06,8.63227869532063e-06,0.012212176217841202
3_25um.csv,3,25,0.5600021,8.996447e-06,8.99673569532063e-06,0.012727777400902914
3_25um.csv,3,25,0.5700052,9.373244e-06,9.37353269532063e-06,0.013260836112833555
3_25um.csv,3,25,0.5800043,9.788266e-06,9.78855469532063e-06,0.013847972137650304
3_25um.csv,3,25,0.5900054,1.015453e-05,1.015481869532063e-05,0.014366129702775727
3_25um.csv,3,25,0.6000038,1.054364e-05,1.054392869532063e-05,0.014916607746388947
3_25um.csv,3,25,0.6099983,1.095895e-05,1.095923869532063e-05,0.015504151207860015
3_25um.csv,3,25,0.6199987,1.137163e-05,1.137191869532063e-05,0.016087973980439246
3_25um.csv,3,25,0.6300011,1.170015e-05,1.170043869532063e-05,0.016552734708479684
3_25um.csv,3,25,0.6400002,1.212486e-05,1.212514869532063e-05,0.017153576449640207
3_25um.csv,3,25,0.650002,1.253861e-05,1.253889869532063e-05,0.017738912962567067
3_25um.csv,3,25,0.6600037,1.293345e-05,1.293373869532063e-05,0.018297497297948436
3_25um.csv,3,25,0.6700035,1.332392e-05,1.332420869532063e-05,0.01884989934798481
3_25um.csv,3,25,0.6799999,1.375294e-05,1.375322869532063e-05,0.01945683849185401
3_25um.csv,3,25,0.6900017,1.415615e-05,1.415643869532063e-05,0.020027263955001418
3_25um.csv,3,25,0.7000008,1.461496e-05,1.461524869532063e-05,0.02067634732780135
3_25um.csv,3,25,0.7100012,1.502577e-05,1.502605869532063e-05,0.021257524591548744
3_25um.csv,3,25,0.7200043,1.545902e-05,1.545930869532063e-05,0.021870447961278197
3_25um.csv,3,25,0.7299994,1.585639e-05,1.585667869532063e-05,0.022432611514490875
3_25um.csv,3,25,0.7400011,1.627136e-05,1.627164869532063e-05,0.023019673974356152
3_25um.csv,3,25,0.7499995,1.674914e-05,1.674942869532063e-05,0.023695594407337896
3_25um.csv,3,25,0.7599993,1.716421e-05,1.716449869532063e-05,0.0242827983382637
3_25um.csv,3,25,0.7699997,1.761988e-05,1.762016869532063e-05,0.02492743951976311
3_25um.csv,3,25,0.7800048,1.804082e-05,1.804110869532063e-05,0.0255229478019418
3_25um.csv,3,25,0.7900012,1.845292e-05,1.845320869532063e-05,0.026105950042369975
3_25um.csv,3,25,0.7999997,1.890888e-05,1.890916869532063e-05,0.026751001489944914
3_25um.csv,3,25,0.8100014,1.936795e-05,1.936823869532063e-05,0.027400452687502217
3_25um.csv,3,25,0.8199999,1.982099e-05,1.982127869532063e-05,0.028041373180109793
3_25um.csv,3,25,0.8300003,2.027229e-05,2.0272578695320628e-05,0.02867983207626421
3_25um.csv,3,25,0.8400007,2.076851e-05,2.076879869532063e-05,0.02938183977280697
3_25um.csv,3,25,0.8500018,2.124537e-05,2.124565869532063e-05,0.03005645867203187
3_25um.csv,3,25,0.8600022,2.184027e-05,2.184055869532063e-05,0.030898070011101814
3_25um.csv,3,25,0.8699986,2.223449e-05,2.223477869532063e-05,0.03145577722590792
3_25um.csv,3,25,0.8800004,2.276017e-05,2.276045869532063e-05,0.03219946229688168
3_25um.csv,3,25,0.8900008,2.322677e-05,2.322705869532063e-05,0.0328595662652966
3_25um.csv,3,25,0.9000013,2.372166e-05,2.372194869532063e-05,0.033559692396734356
3_25um.csv,3,25,0.9099983,2.422963e-05,2.422991869532063e-05,0.034278322942888934
3_25um.csv,3,25,0.9199981,2.480653e-05,2.480681869532063e-05,0.03509446949106417
3_25um.csv,3,25,0.9300019,2.523879e-05,2.523907869532063e-05,0.03570599229729442
3_25um.csv,3,25,0.9400063,2.575944e-05,2.575972869532063e-05,0.03644256137392371
3_25um.csv,3,25,0.9500021,2.628781e-05,2.628809869532063e-05,0.03719005201642562
3_25um.csv,3,25,0.9599985,2.680946e-05,2.680974869532063e-05,0.037928035803660165
3_25um.csv,3,25,0.9700009,2.731537e-05,2.731565869532063e-05,0.03864375204596791
3_25um.csv,3,25,0.9800013,2.783109e-05,2.783137869532063e-05,0.03937334659931326
3_25um.csv,3,25,0.9900011,2.835456e-05,2.835484869532063e-05,0.04011390515984939
3_25um.csv,3,25,1.0,2.890734e-05,2.890762869532063e-05,0.04089592888822573
3_30um.csv,3,30,-0.9999989,-3.691932e-08,-3.765690267257208e-08,-5.3273619572179995e-05
3_30um.csv,3,30,-0.9900005,-3.660618e-08,-3.734376267257208e-08,-5.283061709324848e-05
3_30um.csv,3,30,-0.98,-3.612812e-08,-3.6865702672572084e-08,-5.215430054129727e-05
3_30um.csv,3,30,-0.9700003,-3.618495e-08,-3.692253267257208e-08,-5.2234698544994264e-05
3_30um.csv,3,30,-0.9600005,-3.555533e-08,-3.6292912672572084e-08,-5.134396845370965e-05
3_30um.csv,3,30,-0.9499994,-3.536477e-08,-3.610235267257208e-08,-5.1074381200771055e-05
3_30um.csv,3,30,-0.940001,-3.475967e-08,-3.5497252672572084e-08,-5.0218339813527454e-05
3_30um.csv,3,30,-0.9299999,-3.449222e-08,-3.522980267257208e-08,-4.983997546215031e-05
3_30um.csv,3,30,-0.9200002,-3.426711e-08,-3.500469267257208e-08,-4.952150995779995e-05
3_30um.csv,3,30,-0.9100004,-3.395509e-08,-3.469267267257208e-08,-4.908009195474631e-05
3_30um.csv,3,30,-0.9000006,-3.354277e-08,-3.428035267257208e-08,-4.849677847798498e-05
3_30um.csv,3,30,-0.8900002,-3.330541e-08,-3.404299267257208e-08,-4.8160982768720156e-05
3_30um.csv,3,30,-0.8800011,-3.304798e-08,-3.378556267257208e-08,-4.7796793817607745e-05
3_30um.csv,3,30,-0.8700007,-3.259778e-08,-3.333536267257208e-08,-4.715989110311912e-05
3_30um.csv,3,30,-0.8599996,-3.231695e-08,-3.305453267257208e-08,-4.6762597923843586e-05
3_30um.csv,3,30,-0.8500012,-3.188012e-08,-3.261770267257208e-08,-4.6144609890147294e-05
3_30um.csv,3,30,-0.8400001,-3.173191e-08,-3.246949267257208e-08,-4.593493563134152e-05
3_30um.csv,3,30,-0.829999,-3.140985e-08,-3.214743267257208e-08,-4.547931393381107e-05
3_30um.csv,3,30,-0.8200012,-3.109003e-08,-3.182761267257208e-08,-4.50268611880364e-05
3_30um.csv,3,30,-0.8100001,-3.062088e-08,-3.135846267257208e-08,-4.436314970757807e-05
3_30um.csv,3,30,-0.799999,-3.051612e-08,-3.125370267257208e-08,-4.4214944624570893e-05
3_30um.csv,3,30,-0.79,-3.004363e-08,-3.0781212672572083e-08,-4.354650801069099e-05
3_30um.csv,3,30,-0.7800009,-2.99021e-08,-3.063968267257208e-08,-4.334628401872835e-05
3_30um.csv,3,30,-0.7700004,-2.951987e-08,-3.025745267257208e-08,-4.280553918407934e-05
3_30um.csv,3,30,-0.7600007,-2.922233e-08,-2.995991267257208e-08,-4.238460619058989e-05
3_30um.csv,3,30,-0.7500009,-2.891588e-08,-2.9653462672572082e-08,-4.1951068125607564e-05
3_30um.csv,3,30,-0.7399998,-2.860831e-08,-2.934589267257208e-08,-4.151594558474735e-05
3_30um.csv,3,30,-0.7300001,-2.835647e-08,-2.9094052672572078e-08,-4.115966486591834e-05
3_30um.csv,3,30,-0.7200003,-2.801212e-08,-2.874970267257208e-08,-4.0672509268996616e-05
3_30um.csv,3,30,-0.7099992,-2.792297e-08,-2.8660552672572083e-08,-4.054638781853758e-05
3_30um.csv,3,30,-0.7000008,-2.73279e-08,-2.806548267257208e-08,-3.970453597866474e-05
3_30um.csv,3,30,-0.6899997,-2.720532e-08,-2.7942902672572082e-08,-3.953112075267181e-05
3_30um.csv,3,30,-0.6799993,-2.676068e-08,-2.7498262672572082e-08,-3.890208382914843e-05
3_30um.csv,3,30,-0.6700009,-2.658461e-08,-2.732219267257208e-08,-3.865299573288007e-05
3_30um.csv,3,30,-0.6600004,-2.616337e-08,-2.690095267257208e-08,-3.805706303751981e-05
3_30um.csv,3,30,-0.6499993,-2.59327e-08,-2.6670282672572076e-08,-3.7730731742204176e-05
3_30um.csv,3,30,-0.6400009,-2.573991e-08,-2.6477492672572077e-08,-3.745798968461585e-05
3_30um.csv,3,30,-0.6299998,-2.551147e-08,-2.624905267257208e-08,-3.713481319394997e-05
3_30um.csv,3,30,-0.6200007,-2.52429e-08,-2.598048267257208e-08,-3.6754864366694946e-05
3_30um.csv,3,30,-0.6100003,-2.505123e-08,-2.578881267257208e-08,-3.648370678498451e-05
3_30um.csv,3,30,-0.5999992,-2.462777e-08,-2.536535267257208e-08,-3.588463343208057e-05
3_30um.csv,3,30,-0.5899995,-2.431686e-08,-2.505444267257208e-08,-3.544478575779878e-05
3_30um.csv,3,30,-0.5799997,-2.419427e-08,-2.493185267257208e-08,-3.5271356384699795e-05
3_30um.csv,3,30,-0.5699999,-2.363486e-08,-2.4372442672572083e-08,-3.4479953125010584e-05
3_30um.csv,3,30,-0.5600002,-2.343093e-08,-2.416851267257208e-08,-3.419145119127964e-05
3_30um.csv,3,30,-0.5500004,-2.31501e-08,-2.388768267257208e-08,-3.379415801200411e-05
3_30um.csv,3,30,-0.54,-2.295397e-08,-2.369155267257208e-08,-3.3516690820994216e-05
3_30um.csv,3,30,-0.5300002,-2.273221e-08,-2.3469792672572077e-08,-3.320296459717147e-05
3_30um.csv,3,30,-0.5200005,-2.246031e-08,-2.3197892672572078e-08,-3.281830478360093e-05
3_30um.csv,3,30,-0.51,-2.222852e-08,-2.296610267257208e-08,-3.249038901240741e-05
3_30um.csv,3,30,-0.5000003,-2.197667e-08,-2.271425267257208e-08,-3.213409414647236e-05
3_30um.csv,3,30,-0.4900005,-2.157215e-08,-2.230973267257208e-08,-3.156181541243206e-05
3_30um.csv,3,30,-0.4800001,-2.136933e-08,-2.2106912672572078e-08,-3.127488380747296e-05
3_30um.csv,3,30,-0.4700003,-2.107848e-08,-2.181606267257208e-08,-3.086341522793272e-05
3_30um.csv,3,30,-0.4599999,-2.074974e-08,-2.148732267257208e-08,-3.0398343263559124e-05
3_30um.csv,3,30,-0.4499995,-2.052352e-08,-2.126110267257208e-08,-3.007830743043691e-05
3_30um.csv,3,30,-0.4400004,-2.023936e-08,-2.0976942672572077e-08,-2.9676303264845858e-05
3_30um.csv,3,30,-0.43,-2.001982e-08,-2.075740267257208e-08,-2.93657176985668e-05
3_30um.csv,3,30,-0.4199996,-1.965208e-08,-2.0389662672572077e-08,-2.8845472020588007e-05
3_30um.csv,3,30,-0.4100005,-1.947601e-08,-2.021359267257208e-08,-2.8596383924319655e-05
3_30um.csv,3,30,-0.4000007,-1.914058e-08,-1.987816267257208e-08,-2.812184754599686e-05
3_30um.csv,3,30,-0.3899989,-1.897677e-08,-1.971435267257208e-08,-2.7890103801749008e-05
3_30um.csv,3,30,-0.3800005,-1.865583e-08,-1.939341267257208e-08,-2.7436066580096447e-05
3_30um.csv,3,30,-0.3700008,-1.838504e-08,-1.9122622672572076e-08,-2.705297709529774e-05
3_30um.csv,3,30,-0.3599997,-1.812093e-08,-1.885851267257208e-08,-2.6679337877342183e-05
3_30um.csv,3,30,-0.3500006,-1.78167e-08,-1.8554282672572078e-08,-2.624894046990354e-05
3_30um.csv,3,30,-0.3400015,-1.749354e-08,-1.8231122672572078e-08,-2.5791762590707298e-05
3_30um.csv,3,30,-0.3299997,-1.726955e-08,-1.800713267257208e-08,-2.5474881562234823e-05
3_30um.csv,3,30,-0.3200006,-1.696421e-08,-1.770179267257208e-08,-2.5042913826024344e-05
3_30um.csv,3,30,-0.3099995,-1.667893e-08,-1.741651267257208e-08,-2.46393251845554e-05
3_30um.csv,3,30,-0.2999998,-1.643488e-08,-1.7172462672572077e-08,-2.429406506134138e-05
3_30um.csv,3,30,-0.29,-1.607382e-08,-1.681140267257208e-08,-2.378326965020574e-05
3_30um.csv,3,30,-0.2800009,-1.58086e-08,-1.654618267257208e-08,-2.340806010347834e-05
3_30um.csv,3,30,-0.2699998,-1.54442e-08,-1.618178267257208e-08,-2.289253955892113e-05
3_30um.csv,3,30,-0.2600007,-1.520795e-08,-1.5945532672572078e-08,-2.2558314178428143e-05
3_30um.csv,3,30,-0.250001,-1.485135e-08,-1.558893267257208e-08,-2.205382837659197e-05
3_30um.csv,3,30,-0.2399999,-1.464185e-08,-1.537943267257208e-08,-2.175744650478973e-05
3_30um.csv,3,30,-0.2299995,-1.423845e-08,-1.4976032672572077e-08,-2.118675224662732e-05
3_30um.csv,3,30,-0.2199997,-1.397657e-08,-1.471415267257208e-08,-2.08162678333215e-05
3_30um.csv,3,30,-0.2100006,-1.359211e-08,-1.432969267257208e-08,-2.027236819402274e-05
3_30um.csv,3,30,-0.2000002,-1.327451e-08,-1.401209267257208e-08,-1.9823056105791755e-05
3_30um.csv,3,30,-0.1899991,-1.299035e-08,-1.372793267257208e-08,-1.9421051940200705e-05
3_30um.csv,3,30,-0.18,-1.256465e-08,-1.330223267257208e-08,-1.8818809635540975e-05
3_30um.csv,3,30,-0.1700003,-1.219803e-08,-1.293561267257208e-08,-1.830014843344008e-05
3_30um.csv,3,30,-0.1600005,-1.185368e-08,-1.259126267257208e-08,-1.7812992836518356e-05
3_30um.csv,3,30,-0.1500001,-1.148594e-08,-1.222352267257208e-08,-1.7292747158539567e-05
3_30um.csv,3,30,-0.1399996,-1.108031e-08,-1.181789267257208e-08,-1.671889809572743e-05
3_30um.csv,3,30,-0.1299992,-1.072816e-08,-1.146574267257208e-08,-1.6220707756084666e-05
3_30um.csv,3,30,-0.1200015,-1.02579e-08,-1.0995482672572079e-08,-1.555542594685449e-05
3_30um.csv,3,30,-0.1099997,-9.812148e-09,-1.054973067257208e-08,-1.4924815865138059e-05
3_30um.csv,3,30,-0.1000006,-9.298421e-09,-1.003600367257208e-08,-1.4198040830028993e-05
3_30um.csv,3,30,-0.08999952,-8.805867e-09,-9.54344967257208e-09,-1.3501219462565122e-05
3_30um.csv,3,30,-0.08000042,-8.208562e-09,-8.94614467257208e-09,-1.2656205744489525e-05
3_30um.csv,3,30,-0.07,-7.526564e-09,-8.26414667257208e-09,-1.1691375941122535e-05
3_30um.csv,3,30,-0.06000024,-6.854596e-09,-7.592178672572079e-09,-1.0740735685126316e-05
3_30um.csv,3,30,-0.04999982,-6.026615e-09,-6.764197672572079e-09,-9.569382183471466e-06
3_30um.csv,3,30,-0.03999939,-5.103913e-09,-5.84149567257208e-09,-8.264025878575662e-06
3_30um.csv,3,30,-0.0300003,-4.034112e-09,-4.77169467257208e-09,-6.750567058356527e-06
3_30um.csv,3,30,-0.01999921,-2.712463e-09,-3.4500456725720797e-09,-4.880816201623546e-06
3_30um.csv,3,30,-0.01000011,-1.172397e-09,-1.9099796725720797e-09,-2.7020684986212104e-06
3_30um.csv,3,30,3.111451e-07,7.376421e-10,5.942742792039266e-14,8.407261252238049e-11
3_30um.csv,3,30,0.01000074,2.997595e-09,2.2600123274279205e-09,3.197263407633534e-06
3_30um.csv,3,30,0.01999916,5.796905e-09,5.0593223274279204e-09,7.157476952047519e-06
3_30um.csv,3,30,0.02999959,9.258155e-09,8.520572327427921e-09,1.2054144034508165e-05
3_30um.csv,3,30,0.04000001,1.356744e-08,1.282985732742792e-08,1.8150535225101568e-05
3_30um.csv,3,30,0.05000044,1.903234e-08,1.8294757327427923e-08,2.5881787211794007e-05
3_30um.csv,3,30,0.05999953,2.560047e-08,2.486288732742792e-08,3.517379037952885e-05
3_30um.csv,3,30,0.06999996,3.376884e-08,3.303125732742792e-08,4.672967004622702e-05
3_30um.csv,3,30,0.08000105,4.43866e-08,4.3649017327427916e-08,6.175072772234615e-05
3_30um.csv,3,30,0.08999947,5.69367e-08,5.619911732742792e-08,7.950548728943589e-05
3_30um.csv,3,30,0.0999999,7.293467e-08,7.219708732742792e-08,0.00010213798511108788
3_30um.csv,3,30,0.1099983,9.234263e-08,9.160504732742792e-08,0.0001295946319495748
3_30um.csv,3,30,0.1199994,1.152954e-07,1.1455781732742791e-07,0.00016206615908869802
3_30um.csv,3,30,0.1300005,1.45583e-07,1.4484541732742792e-07,0.0002049143480166099
3_30um.csv,3,30,0.1399989,1.7868e-07,1.7794241732742794e-07,0.0002517370249189429
3_30um.csv,3,30,0.1500007,2.184476e-07,2.1771001732742794e-07,0.00030799667038473183
3_30um.csv,3,30,0.1600004,2.682969e-07,2.6755931732742795e-07,0.0003785190037595836
3_30um.csv,3,30,0.1699989,3.220811e-07,3.2134351732742793e-07,0.0004546080818950779
3_30um.csv,3,30,0.18,3.803339e-07,3.795963173274279e-07,0.0005370189358412428
3_30um.csv,3,30,0.1899997,4.552411e-07,4.5450351732742794e-07,0.0006429909460916716
3_30um.csv,3,30,0.1999988,5.308392e-07,5.301016173274278e-07,0.000749940379899275
3_30um.csv,3,30,0.2099999,6.157903e-07,6.150527173274278e-07,0.0008701216019978875
3_30um.csv,3,30,0.2199983,7.095382e-07,7.088006173274279e-07,0.0010027477503488627
3_30um.csv,3,30,0.2299988,8.136242e-07,8.128866173274279e-07,0.0011499993184080895
3_30um.csv,3,30,0.2400005,9.230179e-07,9.222803173274279e-07,0.0013047597459468615
3_30um.csv,3,30,0.2500003,1.038055e-06,1.037317417327428e-06,0.0014675039513153655
3_30um.csv,3,30,0.26,1.163696e-06,1.162958417327428e-06,0.0016452496064709994
3_30um.csv,3,30,0.2699998,1.299739e-06,1.299001417327428e-06,0.001837711081342561
3_30um.csv,3,30,0.2800002,1.431784e-06,1.4310464173274279e-06,0.0020245165432142883
3_30um.csv,3,30,0.29,1.580256e-06,1.5795184173274279e-06,0.0022345614561986426
3_30um.csv,3,30,0.3000004,1.730948e-06,1.730210417327428e-06,0.0024477470267266774
3_30um.csv,3,30,0.3100008,1.896232e-06,1.8954944173274279e-06,0.0026815760544066846
3_30um.csv,3,30,0.3199999,2.057004e-06,2.056266417327428e-06,0.002909021907835753
3_30um.csv,3,30,0.329999,2.22346e-06,2.222722417327428e-06,0.003144508976345127
3_30um.csv,3,30,0.3400008,2.388291e-06,2.387553417327428e-06,0.0033776971401209507
3_30um.csv,3,30,0.3499992,2.560724e-06,2.559986417327428e-06,0.003621639933917971
3_30um.csv,3,30,0.3600003,2.755727e-06,2.7549894173274277e-06,0.003897512746075738
3_30um.csv,3,30,0.3699987,2.932317e-06,2.931579417327428e-06,0.00414733649185883
3_30um.csv,3,30,0.3799985,3.118766e-06,3.118028417327428e-06,0.004411107869499192
3_30um.csv,3,30,0.3900002,3.313827e-06,3.313089417327428e-06,0.004687062734872066
3_30um.csv,3,30,0.4000007,3.49336e-06,3.492622417327428e-06,0.004941049973966441
3_30um.csv,3,30,0.4100004,3.69114e-06,3.690402417327428e-06,0.005220851437475019
3_30um.csv,3,30,0.4199988,3.88548e-06,3.884742417327428e-06,0.005495786296501498
3_30um.csv,3,30,0.4300013,4.075049e-06,4.074311417327428e-06,0.005763971571230276
3_30um.csv,3,30,0.440001,4.277948e-06,4.277210417327428e-06,0.006051014938327186
3_30um.csv,3,30,0.4500008,4.492975e-06,4.492237417327428e-06,0.006355215915644707
3_30um.csv,3,30,0.4600025,4.701317e-06,4.700579417327428e-06,0.006649959552566055
3_30um.csv,3,30,0.4699983,4.910383e-06,4.909645417327428e-06,0.006945727439965611
3_30um.csv,3,30,0.4799994,5.120778e-06,5.120040417327428e-06,0.007243375477759561
3_30um.csv,3,30,0.4900012,5.341362e-06,5.3406244173274275e-06,0.007555438001910517
3_30um.csv,3,30,0.4999982,5.54021e-06,5.539472417327428e-06,0.007836750376345515
3_30um.csv,3,30,0.5100007,5.790619e-06,5.789881417327428e-06,0.008191006644298391
3_30um.csv,3,30,0.5199984,5.983561e-06,5.982823417327428e-06,0.008463963737898714
3_30um.csv,3,30,0.5299995,6.195147e-06,6.1944094173274275e-06,0.008763296696023529
3_30um.csv,3,30,0.5399966,6.418879e-06,6.418141417327428e-06,0.009079812729159848
3_30um.csv,3,30,0.550001,6.648882e-06,6.648144417327428e-06,0.009405200412501763
3_30um.csv,3,30,0.5600008,6.883158e-06,6.882420417327428e-06,0.009736633154259955
3_30um.csv,3,30,0.5699999,7.105259e-06,7.104521417327428e-06,0.010050841794399095
3_30um.csv,3,30,0.5799983,7.334529e-06,7.333791417327428e-06,0.01037519249486735
3_30um.csv,3,30,0.5899987,7.561286e-06,7.560548417327428e-06,0.010695988027584586
3_30um.csv,3,30,0.6000012,7.854459e-06,7.853721417327429e-06,0.011110742979860855
3_30um.csv,3,30,0.6100003,8.033703e-06,8.03296541732743e-06,0.01136432136759031
3_30um.csv,3,30,0.6199993,8.290908e-06,8.29017041732743e-06,0.011728192008816541
3_30um.csv,3,30,0.6300004,8.522426e-06,8.521688417327428e-06,0.012055722978725423
3_30um.csv,3,30,0.6400002,8.802382e-06,8.801644417327428e-06,0.012451779700931954
3_30um.csv,3,30,0.6499986,9.026932e-06,9.02619441732743e-06,0.01276945296734338
3_30um.csv,3,30,0.6600004,9.270203e-06,9.269465417327428e-06,0.013113611030995898
3_30um.csv,3,30,0.6700028,9.509431e-06,9.50869341732743e-06,0.013452049419671347
3_30um.csv,3,30,0.6800012,9.776832e-06,9.776094417327429e-06,0.01383034445022882
3_30um.csv,3,30,0.6899977,1.002964e-05,1.002890241732743e-05,0.014187994608923718
3_30um.csv,3,30,0.7000008,1.027143e-05,1.0270692417327429e-05,0.014530057486169845
3_30um.csv,3,30,0.7099985,1.057771e-05,1.0576972417327428e-05,0.014963355050349273
3_30um.csv,3,30,0.7199969,1.080073e-05,1.0799992417327429e-05,0.015278863809534646
3_30um.csv,3,30,0.73,1.109136e-05,1.109062241732743e-05,0.015690021152741738
3_30um.csv,3,30,0.7400005,1.134909e-05,1.134835241732743e-05,0.01605463451703573
3_30um.csv,3,30,0.7500002,1.166227e-05,1.1661532417327428e-05,0.01649769358439146
3_30um.csv,3,30,0.7600006,1.188452e-05,1.1883782417327428e-05,0.01681211301641078
3_30um.csv,3,30,0.7699971,1.218119e-05,1.218045241732743e-05,0.01723181521167365
3_30um.csv,3,30,0.7800008,1.248704e-05,1.2486302417327429e-05,0.017664504450292814
3_30um.csv,3,30,0.7899972,1.27639e-05,1.2763162417327429e-05,0.018056181228465456
3_30um.csv,3,30,0.799999,1.302977e-05,1.3029032417327428e-05,0.018432310337086276
3_30um.csv,3,30,0.8099974,1.331436e-05,1.3313622417327428e-05,0.018834922828237587
3_30um.csv,3,30,0.8200005,1.361288e-05,1.3612142417327429e-05,0.019257242238120188
3_30um.csv,3,30,0.8299996,1.389259e-05,1.389185241732743e-05,0.019652950941517824
3_30um.csv,3,30,0.8399974,1.419726e-05,1.4196522417327428e-05,0.02008397082162278
3_30um.csv,3,30,0.8500005,1.44719e-05,1.4471162417327428e-05,0.02047250694225174
3_30um.csv,3,30,0.8600009,1.478049e-05,1.4779752417327428e-05,0.020909072487929323
3_30um.csv,3,30,0.8699993,1.504969e-05,1.5048952417327429e-05,0.021289912582865663
3_30um.csv,3,30,0.8800004,1.542334e-05,1.542260241732743e-05,0.021818519200521545
3_30um.csv,3,30,0.8900015,1.567842e-05,1.567768241732743e-05,0.022179383581711596
3_30um.csv,3,30,0.8999986,1.605454e-05,1.605380241732743e-05,0.02271148453456247
3_30um.csv,3,30,0.910001,1.633988e-05,1.633914241732743e-05,0.02311515805866773
3_30um.csv,3,30,0.9200034,1.669449e-05,1.669375241732743e-05,0.023616828586399435
3_30um.csv,3,30,0.9299992,1.694385e-05,1.6943112417327427e-05,0.02396960082292739
3_30um.csv,3,30,0.9400023,1.729139e-05,1.729065241732743e-05,0.0244612693466799
3_30um.csv,3,30,0.9500021,1.759495e-05,1.759421241732743e-05,0.024890718898013017
3_30um.csv,3,30,0.9599978,1.795212e-05,1.7951382417327427e-05,0.025396011084894192
3_30um.csv,3,30,0.9700002,1.8284e-05,1.828326241732743e-05,0.025865525240568312
3_30um.csv,3,30,0.9799973,1.859546e-05,1.8594722417327428e-05,0.026306151005682992
3_30um.csv,3,30,0.9900011,1.893848e-05,1.893774241732743e-05,0.026791425037499723
3_30um.csv,3,30,1.0,1.92603e-05,1.9259562417327428e-05,0.02724670720448491
3_35um.csv,3,35,-0.9999996,-6.156997e-09,-6.249438745168145e-09,-8.841147269720193e-06
3_35um.csv,3,35,-0.9900005,-6.180399e-09,-6.272840745168145e-09,-8.874254327304518e-06
3_35um.csv,3,35,-0.98,-5.948609e-09,-6.041050745168145e-09,-8.546338556111003e-06
3_35um.csv,3,35,-0.9700003,-5.92075e-09,-6.013191745168145e-09,-8.506926133359028e-06
3_35um.csv,3,35,-0.9600005,-5.683388e-09,-5.775829745168145e-09,-8.171127594672997e-06
3_35um.csv,3,35,-0.9500001,-5.780338e-09,-5.872779745168144e-09,-8.30828378785308e-06
3_35um.csv,3,35,-0.9400003,-5.574179e-09,-5.666620745168145e-09,-8.016628464183017e-06
3_35um.csv,3,35,-0.9299999,-5.521803e-09,-5.6142447451681445e-09,-7.942531581521851e-06
3_35um.csv,3,35,-0.9199995,-5.404794e-09,-5.497235745168145e-09,-7.776997708310833e-06
3_35um.csv,3,35,-0.9099997,-5.370248e-09,-5.462689745168145e-09,-7.728125115741477e-06
3_35um.csv,3,35,-0.9,-5.106141e-09,-5.1985827451681445e-09,-7.3544901419177324e-06
3_35um.csv,3,35,-0.8900002,-5.19752e-09,-5.289961745168144e-09,-7.483764982315904e-06
3_35um.csv,3,35,-0.8799998,-4.917812e-09,-5.010253745168145e-09,-7.088059108339479e-06
3_35um.csv,3,35,-0.87,-4.992475e-09,-5.084916745168145e-09,-7.193685646260103e-06
3_35um.csv,3,35,-0.8599996,-4.846492e-09,-4.938933745168144e-09,-6.987161947972243e-06
3_35um.csv,3,35,-0.8499998,-4.704966e-09,-4.797407745168144e-09,-6.786943614852033e-06
3_35um.csv,3,35,-0.8400001,-4.687136e-09,-4.779577745168145e-09,-6.761719324760226e-06
3_35um.csv,3,35,-0.8300003,-4.547839e-09,-4.640280745168145e-09,-6.564654381579143e-06
3_35um.csv,3,35,-0.8200012,-4.517751e-09,-4.610192745168145e-09,-6.522088568888042e-06
3_35um.csv,3,35,-0.8099995,-4.424144e-09,-4.516585745168145e-09,-6.389661753261347e-06
3_35um.csv,3,35,-0.7999997,-4.406314e-09,-4.4987557451681446e-09,-6.364437463169538e-06
3_35um.csv,3,35,-0.79,-4.147779e-09,-4.240220745168145e-09,-5.998685256838311e-06
3_35um.csv,3,35,-0.7800002,-4.184553e-09,-4.276994745168144e-09,-6.050709824636189e-06
3_35um.csv,3,35,-0.7700004,-4.041913e-09,-4.134354745168145e-09,-5.848915503901719e-06
3_35um.csv,3,35,-0.76,-4.025197e-09,-4.117638745168145e-09,-5.825267201424172e-06
3_35um.csv,3,35,-0.7500003,-3.821267e-09,-3.9137087451681445e-09,-5.536765267693236e-06
3_35um.csv,3,35,-0.7399998,-3.900387e-09,-3.992828745168145e-09,-5.648697170781509e-06
3_35um.csv,3,35,-0.7300001,-3.758862e-09,-3.8513037451681445e-09,-5.448480252371905e-06
3_35um.csv,3,35,-0.719999,-3.64631e-09,-3.738751745168144e-09,-5.289251744328536e-06
3_35um.csv,3,35,-0.7099999,-3.624022e-09,-3.716463745168144e-09,-5.257720674358472e-06
3_35um.csv,3,35,-0.7000008,-3.543787e-09,-3.6362287451681444e-09,-5.144211368945332e-06
3_35um.csv,3,35,-0.6900004,-3.453523e-09,-3.5459647451681443e-09,-5.016513930872027e-06
3_35um.csv,3,35,-0.6799999,-3.402262e-09,-3.4947037451681443e-09,-4.943994450535728e-06
3_35um.csv,3,35,-0.6700002,-3.377745e-09,-3.470186745168144e-09,-4.9093099906265365e-06
3_35um.csv,3,35,-0.6600004,-3.257393e-09,-3.3498347451681445e-09,-4.73904673986213e-06
3_35um.csv,3,35,-0.6499993,-3.19053e-09,-3.2829717451681444e-09,-4.644454944662544e-06
3_35um.csv,3,35,-0.6400002,-3.071292e-09,-3.163733745168144e-09,-4.475767681512398e-06
3_35um.csv,3,35,-0.6299998,-3.074635e-09,-3.1670767451681444e-09,-4.480497059065787e-06
3_35um.csv,3,35,-0.6200014,-2.939796e-09,-3.0322377451681444e-09,-4.28973889576296e-06
3_35um.csv,3,35,-0.610001,-2.881849e-09,-2.9742907451681443e-09,-4.2077606603198835e-06
3_35um.csv,3,35,-0.6000005,-2.857332e-09,-2.949773745168144e-09,-4.173076200410692e-06
3_35um.csv,3,35,-0.5900008,-2.840617e-09,-2.933058745168144e-09,-4.149429312643749e-06
3_35um.csv,3,35,-0.5800004,-2.71915e-09,-2.8115917451681443e-09,-3.9775886595544765e-06
3_35um.csv,3,35,-0.5699999,-2.635572e-09,-2.7280137451681443e-09,-3.859349976587948e-06
3_35um.csv,3,35,-0.5600008,-2.54865e-09,-2.641091745168144e-09,-3.736380501357426e-06
3_35um.csv,3,35,-0.5500004,-2.579853e-09,-2.6722947451681443e-09,-3.7805237163733943e-06
3_35um.csv,3,35,-0.54,-2.467301e-09,-2.559742745168144e-09,-3.621295208330025e-06
3_35um.csv,3,35,-0.5300009,-2.484017e-09,-2.5764587451681444e-09,-3.644943510807573e-06
3_35um.csv,3,35,-0.5199998,-2.439442e-09,-2.531883745168144e-09,-3.581882785578051e-06
3_35um.csv,3,35,-0.5099994,-2.315746e-09,-2.4081877451681442e-09,-3.4068887425496502e-06
3_35um.csv,3,35,-0.5000003,-2.305717e-09,-2.3981587451681443e-09,-3.392700609889485e-06
3_35um.csv,3,35,-0.4900005,-2.223253e-09,-2.315694745168144e-09,-3.2760379145372177e-06
3_35um.csv,3,35,-0.4799988,-2.157505e-09,-2.2499467451681443e-09,-3.1830235216624983e-06
3_35um.csv,3,35,-0.4700003,-2.087299e-09,-2.1797407451681444e-09,-3.0837023489095243e-06
3_35um.csv,3,35,-0.4599999,-2.086185e-09,-2.178626745168144e-09,-3.082126361295263e-06
3_35um.csv,3,35,-0.4499988,-1.980319e-09,-2.0727607451681444e-09,-2.9323566083586712e-06
3_35um.csv,3,35,-0.4399997,-1.933515e-09,-2.025956745168144e-09,-2.8661424931900215e-06
3_35um.csv,3,35,-0.4300006,-1.88894e-09,-1.981381745168144e-09,-2.8030817679604993e-06
3_35um.csv,3,35,-0.4199996,-1.919028e-09,-2.011469745168144e-09,-2.845647580651601e-06
3_35um.csv,3,35,-0.4100005,-1.777503e-09,-1.8699447451681445e-09,-2.6454306622419975e-06
3_35um.csv,3,35,-0.4000007,-1.716212e-09,-1.8086537451681443e-09,-2.5587216345349272e-06
3_35um.csv,3,35,-0.3899996,-1.755215e-09,-1.8476567451681442e-09,-2.613899592271933e-06
3_35um.csv,3,35,-0.3799999,-1.707297e-09,-1.7997387451681442e-09,-2.5461094894890227e-06
3_35um.csv,3,35,-0.3700001,-1.640435e-09,-1.7328767451681443e-09,-2.4515191090000423e-06
3_35um.csv,3,35,-0.359999,-1.580258e-09,-1.6726997451681443e-09,-2.3663860689072335e-06
3_35um.csv,3,35,-0.3499999,-1.541255e-09,-1.6336967451681442e-09,-2.3112081111702272e-06
3_35um.csv,3,35,-0.3400008,-1.504481e-09,-1.5969227451681443e-09,-2.259183543372349e-06
3_35um.csv,3,35,-0.3300004,-1.501138e-09,-1.5935797451681443e-09,-2.25445416581896e-06
3_35um.csv,3,35,-0.3200006,-1.405301e-09,-1.4977427451681443e-09,-2.118872545542534e-06
3_35um.csv,3,35,-0.3100002,-1.377442e-09,-1.4698837451681442e-09,-2.0794601227905593e-06
3_35um.csv,3,35,-0.2999991,-1.313923e-09,-1.4063647451681443e-09,-1.9895991198549674e-06
3_35um.csv,3,35,-0.2900007,-1.342896e-09,-1.4353377451681442e-09,-2.0305875302212026e-06
3_35um.csv,3,35,-0.2800003,-1.253746e-09,-1.3461877451681442e-09,-1.9044660797621586e-06
3_35um.csv,3,35,-0.2699992,-1.269348e-09,-1.3617897451681442e-09,-1.926538394625445e-06
3_35um.csv,3,35,-0.2600001,-1.206943e-09,-1.2993847451681444e-09,-1.8382533793041147e-06
3_35um.csv,3,35,-0.2500003,-1.154567e-09,-1.2470087451681442e-09,-1.764156496642949e-06
3_35um.csv,3,35,-0.2400006,-1.133394e-09,-1.2258357451681443e-09,-1.7342028289977518e-06
3_35um.csv,3,35,-0.2300001,-1.132279e-09,-1.2247207451681443e-09,-1.7326254266728854e-06
3_35um.csv,3,35,-0.2200004,-1.067646e-09,-1.1600877451681444e-09,-1.6411884361230324e-06
3_35um.csv,3,35,-0.2100006,-1.001898e-09,-1.0943397451681443e-09,-1.548174043248313e-06
3_35um.csv,3,35,-0.2000009,-9.907538e-10,-1.0831955451681444e-09,-1.5324082253211602e-06
3_35um.csv,3,35,-0.1899998,-9.450645e-10,-1.0375062451681443e-09,-1.4677710880641955e-06
3_35um.csv,3,35,-0.1799993,-9.283488e-10,-1.0207905451681443e-09,-1.4441232099998293e-06
3_35um.csv,3,35,-0.1700003,-9.027182e-10,-9.951599451681443e-10,-1.407863328360619e-06
3_35um.csv,3,35,-0.1600012,-8.369701e-10,-9.294118451681443e-10,-1.3148487940148392e-06
3_35um.csv,3,35,-0.1499994,-8.135682e-10,-9.060099451681442e-10,-1.281741877901575e-06
3_35um.csv,3,35,-0.1400003,-8.046532e-10,-8.970949451681443e-10,-1.2691297328556705e-06
3_35um.csv,3,35,-0.1299999,-8.046532e-10,-8.970949451681443e-10,-1.2691297328556705e-06
3_35um.csv,3,35,-0.1200008,-7.467057e-10,-8.391474451681442e-10,-1.1871507900572919e-06
3_35um.csv,3,35,-0.1100004,-6.820719e-10,-7.745136451681443e-10,-1.0957126677389546e-06
3_35um.csv,3,35,-0.1000006,-6.486407e-10,-7.410824451681442e-10,-1.0484171945523433e-06
3_35um.csv,3,35,-0.08999952,-6.218956e-10,-7.143373451681443e-10,-1.0105806179435695e-06
3_35um.csv,3,35,-0.08000042,-5.6952e-10,-6.619617451681443e-10,-9.364843011666463e-07
3_35um.csv,3,35,-0.07,-5.483469e-10,-6.407886451681443e-10,-9.065304920503884e-07
3_35um.csv,3,35,-0.06000024,-4.703406e-10,-5.627823451681443e-10,-7.961741521631945e-07
3_35um.csv,3,35,-0.05000115,-4.157362e-10,-5.081779451681443e-10,-7.189247283892648e-07
3_35um.csv,3,35,-0.04000006,-3.678181e-10,-4.6025984516814426e-10,-6.511344841352938e-07
3_35um.csv,3,35,-0.02999963,-2.93155e-10,-3.855967451681443e-10,-5.455078047436094e-07
3_35um.csv,3,35,-0.01999987,-2.184918e-10,-3.1093354516814426e-10,-4.398809838808645e-07
3_35um.csv,3,35,-0.01000011,-3.907742e-11,-1.315191651681443e-10,-1.8606155775848518e-07
3_35um.csv,3,35,-1.022334e-06,9.241885e-11,-2.2895168144299896e-14,-3.239003718298155e-11
3_35um.csv,3,35,0.01000074,3.164083e-10,2.2396655483185573e-10,3.168478603444609e-07
3_35um.csv,3,35,0.0200005,5.771721e-10,4.847303548318558e-10,6.857531736726953e-07
3_35um.csv,3,35,0.02999959,9.047984e-10,8.123566548318558e-10,1.1492495748452127e-06
3_35um.csv,3,35,0.03999868,1.375065e-09,1.2826232548318557e-09,1.8145407211653823e-06
3_35um.csv,3,35,0.04999977,2.011373e-09,1.9189312548318557e-09,2.7147323969779845e-06
3_35um.csv,3,35,0.06000086,2.831553e-09,2.7391112548318557e-09,3.875049741201191e-06
3_35um.csv,3,35,0.06999996,4.3003e-09,4.2078582548318554e-09,5.952901698546896e-06
3_35um.csv,3,35,0.08000038,5.503825e-09,5.411383254831855e-09,7.655541279743992e-06
3_35um.csv,3,35,0.09000014,7.542017e-09,7.449575254831855e-09,1.0538993117702714e-05
3_35um.csv,3,35,0.0999999,1.026555e-08,1.0173108254831855e-08,1.4392004136581814e-05
3_35um.csv,3,35,0.1100003,1.384158e-08,1.3749138254831855e-08,1.945105170231435e-05
3_35um.csv,3,35,0.1199994,1.851527e-08,1.8422828254831858e-08,2.6062970511018e-05
3_35um.csv,3,35,0.1300005,2.46265e-08,2.4534058254831856e-08,3.470859240320896e-05
3_35um.csv,3,35,0.1399996,3.277259e-08,3.2680148254831854e-08,4.623295231762191e-05
3_35um.csv,3,35,0.1499994,4.283094e-08,4.2738498254831856e-08,6.0462606734051826e-05
3_35um.csv,3,35,0.1599991,5.7193e-08,5.7100558254831855e-08,8.078076532945081e-05
3_35um.csv,3,35,0.1699989,7.204094e-08,7.194849825483186e-08,0.00010178630351373416
3_35um.csv,3,35,0.18,9.334668e-08,9.325423825483186e-08,0.00013192775984467386
3_35um.csv,3,35,0.1900004,1.17201e-07,1.1710855825483187e-07,0.0001656747193299704
3_35um.csv,3,35,0.1999988,1.484046e-07,1.4831215825483185e-07,0.00020981878317230163
3_35um.csv,3,35,0.2100006,1.835631e-07,1.8347065825483187e-07,0.0002595578859873808
3_35um.csv,3,35,0.2199997,2.238746e-07,2.2378215825483185e-07,0.0003165869925513713
3_35um.csv,3,35,0.2300001,2.710873e-07,2.7099485825483183e-07,0.00038337929994439104
3_35um.csv,3,35,0.2399992,3.246899e-07,3.2459745825483185e-07,0.00045921146663396997
3_35um.csv,3,35,0.2499989,3.817202e-07,3.8162775825483185e-07,0.000539892836865203
3_35um.csv,3,35,0.2599987,4.496414e-07,4.4954895825483185e-07,0.0006359816788272763
3_35um.csv,3,35,0.2699991,5.185031e-07,5.184106582548319e-07,0.0007334010561135978
3_35um.csv,3,35,0.2800009,5.916663e-07,5.915738582548319e-07,0.0008369058110684508
3_35um.csv,3,35,0.29,6.735628e-07,6.734703582548319e-07,0.0009527656581522321
3_35um.csv,3,35,0.3000004,7.537421e-07,7.536496582548319e-07,0.0010661961641846586
3_35um.csv,3,35,0.3099988,8.440957e-07,8.440032582548318e-07,0.0011940203603281953
3_35um.csv,3,35,0.3199999,9.340714e-07,9.339789582548319e-07,0.0013213099373340037
3_35um.csv,3,35,0.330001,1.027406e-06,1.027313558254832e-06,0.0014533513857918243
3_35um.csv,3,35,0.3400008,1.119614e-06,1.1195215582548319e-06,0.0015837990212817575
3_35um.csv,3,35,0.3500005,1.22049e-06,1.2203975582548318e-06,0.0017265093682980953
3_35um.csv,3,35,0.3600003,1.319298e-06,1.3192055582548318e-06,0.0018662940937827532
3_35um.csv,3,35,0.37,1.423883e-06,1.4237905582548319e-06,0.0020142516024340053
3_35um.csv,3,35,0.3799991,1.528121e-06,1.5280285582548318e-06,0.0021617182065052317
3_35um.csv,3,35,0.3900009,1.637199e-06,1.6371065582548318e-06,0.002316032009905923
3_35um.csv,3,35,0.4000007,1.74374e-06,1.7436475582548318e-06,0.002466756692501066
3_35um.csv,3,35,0.4099997,1.844845e-06,1.844752558254832e-06,0.002609791008246009
3_35um.csv,3,35,0.4200002,1.95736e-06,1.9572675582548317e-06,0.0027689671719969833
3_35um.csv,3,35,0.4300006,2.068089e-06,2.067996558254832e-06,0.002925616662606961
3_35um.csv,3,35,0.440001,2.182707e-06,2.1826145582548317e-06,0.0030877679627607994
3_35um.csv,3,35,0.4500008,2.285573e-06,2.285480558254832e-06,0.003233293583881608
3_35um.csv,3,35,0.4600012,2.401812e-06,2.401719558254832e-06,0.0033977381299265747
3_35um.csv,3,35,0.4700003,2.512165e-06,2.512072558254832e-06,0.003553855689348974
3_35um.csv,3,35,0.4799994,2.629698e-06,2.629605558254832e-06,0.0037201308709171495
3_35um.csv,3,35,0.4900012,2.742057e-06,2.7419645582548317e-06,0.0038790863398137027
3_35um.csv,3,35,0.5000002,2.856274e-06,2.856181558254832e-06,0.004040670341014832
3_35um.csv,3,35,0.509998,2.989222e-06,2.9891295582548317e-06,0.00422875328656311
3_35um.csv,3,35,0.5199991,3.110255e-06,3.1101625582548318e-06,0.0043999799552497
3_35um.csv,3,35,0.5300002,3.220218e-06,3.220125558254832e-06,0.004555545777536048
3_35um.csv,3,35,0.5399986,3.341165e-06,3.341072558254832e-06,0.004726650781110585
3_35um.csv,3,35,0.550001,3.45832e-06,3.458227558254832e-06,0.004892391202069972
3_35um.csv,3,35,0.5599975,3.584195e-06,3.584102558254832e-06,0.0050704678995072364
3_35um.csv,3,35,0.5700019,3.712646e-06,3.7125535582548317e-06,0.005252188891463654
3_35um.csv,3,35,0.5800003,3.844698e-06,3.844605558254832e-06,0.005439004256309619
3_35um.csv,3,35,0.5899994,3.967902e-06,3.967809558254832e-06,0.005613302261720231
3_35um.csv,3,35,0.6000005,4.086492e-06,4.086399558254832e-06,0.005781072792398168
3_35um.csv,3,35,0.6099976,4.226877e-06,4.2267845582548316e-06,0.005979676940717773
3_35um.csv,3,35,0.619998,4.358428e-06,4.358335558254832e-06,0.006165783535550503
3_35um.csv,3,35,0.6300004,4.492932e-06,4.492839558254832e-06,0.006356067770800567
3_35um.csv,3,35,0.6400009,4.635644e-06,4.6355515582548315e-06,0.006557963950698616
3_35um.csv,3,35,0.6499993,4.768596e-06,4.768503558254832e-06,0.006746052555089316
3_35um.csv,3,35,0.6600024,4.900398e-06,4.900305558254832e-06,0.0069325142422839645
3_35um.csv,3,35,0.6699981,5.065143e-06,5.065050558254832e-06,0.007165580740947736
3_35um.csv,3,35,0.6800006,5.191756e-06,5.1916635582548315e-06,0.007344701494811683
3_35um.csv,3,35,0.6900003,5.338659e-06,5.338566558254832e-06,0.007552526726856383
3_35um.csv,3,35,0.7000001,5.506711e-06,5.506618558254832e-06,0.007790271673491754
3_35um.csv,3,35,0.7099978,5.636726e-06,5.636633558254832e-06,0.007974205272834801
3_35um.csv,3,35,0.7199996,5.791196e-06,5.7911035582548315e-06,0.008192735620029512
3_35um.csv,3,35,0.73,5.963857e-06,5.9637645582548315e-06,0.008437000967844532
3_35um.csv,3,35,0.7399965,6.085153e-06,6.085060558254832e-06,0.008608599705420307
3_35um.csv,3,35,0.7500002,6.25144e-06,6.251347558254832e-06,0.008843847687837391
3_35um.csv,3,35,0.7599993,6.431866e-06,6.4317735582548315e-06,0.009099098263502263
3_35um.csv,3,35,0.7700004,6.587701e-06,6.587608558254832e-06,0.009319559690673157
3_35um.csv,3,35,0.7800002,6.733034e-06,6.732941558254832e-06,0.009525163827067596
3_35um.csv,3,35,0.7900019,6.908802e-06,6.908709558254832e-06,0.009773824680733165
3_35um.csv,3,35,0.800001,7.098793e-06,7.0987005582548316e-06,0.01004260696333736
3_35um.csv,3,35,0.8100021,7.231737e-06,7.231644558254832e-06,0.010230684250043219
3_35um.csv,3,35,0.8199992,7.415877e-06,7.415784558254832e-06,0.010491189060896033
3_35um.csv,3,35,0.8299996,7.599991e-06,7.5998985582548315e-06,0.01075165708927311
3_35um.csv,3,35,0.8399994,7.780445e-06,7.780352558254833e-06,0.011006947276834933
3_35um.csv,3,35,0.8500005,7.942802e-06,7.942709558254832e-06,0.011236635446573339
3_35um.csv,3,35,0.8600002,8.108525e-06,8.108432558254832e-06,0.011471085532209057
3_35um.csv,3,35,0.8699993,8.294045e-06,8.293952558254832e-06,0.011733542643697132
3_35um.csv,3,35,0.8799997,8.455258e-06,8.455165558254832e-06,0.01196161238450312
3_35um.csv,3,35,0.8900002,8.664335e-06,8.664242558254832e-06,0.012257395833719334
3_35um.csv,3,35,0.8999999,8.914341e-06,8.914248558254831e-06,0.012611081973298287
3_35um.csv,3,35,0.9099997,9.094603e-06,9.094510558254831e-06,0.012866100536423898
3_35um.csv,3,35,0.9200008,9.29467e-06,9.294577558254832e-06,0.013149137443086711
3_35um.csv,3,35,0.9300005,9.468633e-06,9.468540558254832e-06,0.01339524474410978
3_35um.csv,3,35,0.940001,9.687509e-06,9.687416558254831e-06,0.013704890942546951
3_35um.csv,3,35,0.9500007,9.831865e-06,9.831772558254833e-06,0.013909112906680052
3_35um.csv,3,35,0.9600005,1.002239e-05,1.0022297558254832e-05,0.014178650644747458
3_35um.csv,3,35,0.9699982,1.028067e-05,1.0280577558254831e-05,0.014544042099874343
3_35um.csv,3,35,0.9800013,1.053672e-05,1.0536627558254832e-05,0.014906278750351498
3_35um.csv,3,35,0.9899984,1.071761e-05,1.0717517558254831e-05,0.015162185751737212
3_35um.csv,3,35,1.000003,1.096187e-05,1.0961777558254832e-05,0.015507742964178336
4_10um.csv,4,10,-1.0,-8.224163e-09,-9.861167616659912e-09,-1.3950698407547993e-05
4_10um.csv,4,10,-0.9900011,-8.204104e-09,-9.841108616659912e-09,-1.3922320727517056e-05
4_10um.csv,4,10,-0.98,-8.214134e-09,-9.851138616659912e-09,-1.3936510274887826e-05
4_10um.csv,4,10,-0.9700009,-8.198533e-09,-9.835537616659912e-09,-1.3914439374735145e-05
4_10um.csv,4,10,-0.9600005,-8.156186e-09,-9.793190616659912e-09,-1.3854530624734146e-05
4_10um.csv,4,10,-0.9500001,-8.209676e-09,-9.846680616659912e-09,-1.3930203495009572e-05
4_10um.csv,4,10,-0.9400003,-8.156186e-09,-9.793190616659912e-09,-1.3854530624734146e-05
4_10um.csv,4,10,-0.9300006,-8.155072e-09,-9.792076616659913e-09,-1.3852954637119886e-05
4_10um.csv,4,10,-0.9200002,-8.161758e-09,-9.798762616659912e-09,-1.386241339222666e-05
4_10um.csv,4,10,-0.9100004,-8.117183e-09,-9.754187616659912e-09,-1.3799352666997139e-05
4_10um.csv,4,10,-0.8999993,-8.158415e-09,-9.795419616659911e-09,-1.3857684014673271e-05
4_10um.csv,4,10,-0.8899995,-8.117183e-09,-9.754187616659912e-09,-1.3799352666997139e-05
4_10um.csv,4,10,-0.8799998,-8.068151e-09,-9.705155616659912e-09,-1.3729986576599968e-05
4_10um.csv,4,10,-0.87,-8.059236e-09,-9.696240616659912e-09,-1.3717374431554063e-05
4_10um.csv,4,10,-0.8599996,-8.069265e-09,-9.706269616659911e-09,-1.3731562564214228e-05
4_10um.csv,4,10,-0.8500012,-8.123869e-09,-9.760873616659912e-09,-1.3808811422103917e-05
4_10um.csv,4,10,-0.8400001,-8.080409e-09,-9.717413616659912e-09,-1.374732809919926e-05
4_10um.csv,4,10,-0.8300003,-8.07818e-09,-9.715184616659913e-09,-1.3744174709260133e-05
4_10um.csv,4,10,-0.8199999,-8.015775e-09,-9.652779616659912e-09,-1.3655889693938802e-05
4_10um.csv,4,10,-0.8100001,-8.064808e-09,-9.701812616659912e-09,-1.372525719904658e-05
4_10um.csv,4,10,-0.7999997,-8.048092e-09,-9.685096616659912e-09,-1.3701608896569031e-05
4_10um.csv,4,10,-0.7899993,-8.000174e-09,-9.637178616659912e-09,-1.363381879378612e-05
4_10um.csv,4,10,-0.7799989,-8.035834e-09,-9.672838616659912e-09,-1.3684267373969739e-05
4_10um.csv,4,10,-0.7699998,-8.016889e-09,-9.653893616659911e-09,-1.3657465681553062e-05
4_10um.csv,4,10,-0.7600007,-8.009089e-09,-9.646093616659911e-09,-1.3646430938832024e-05
4_10um.csv,4,10,-0.7499996,-8.013546e-09,-9.650550616659913e-09,-1.3652736303999675e-05
4_10um.csv,4,10,-0.7399998,-7.995716e-09,-9.632720616659912e-09,-1.3627512013907865e-05
4_10um.csv,4,10,-0.7300007,-7.93554e-09,-9.572544616659912e-09,-1.3542380388525662e-05
4_10um.csv,4,10,-0.7199996,-7.9712e-09,-9.608204616659912e-09,-1.359282896870928e-05
4_10um.csv,4,10,-0.7100006,-7.986801e-09,-9.623805616659912e-09,-1.3614899868861962e-05
4_10um.csv,4,10,-0.6999995,-7.950027e-09,-9.587031616659912e-09,-1.3562875301064083e-05
4_10um.csv,4,10,-0.689999,-7.924396e-09,-9.561400616659911e-09,-1.3526614853540629e-05
4_10um.csv,4,10,-0.6799999,-7.927739e-09,-9.564743616659911e-09,-1.3531344231094018e-05
4_10um.csv,4,10,-0.6699989,-7.91771e-09,-9.554714616659912e-09,-1.3517156098433854e-05
4_10um.csv,4,10,-0.6600004,-7.918824e-09,-9.555828616659912e-09,-1.3518732086048114e-05
4_10um.csv,4,10,-0.65,-7.889851e-09,-9.526855616659912e-09,-1.347774367568188e-05
4_10um.csv,4,10,-0.6400002,-7.856419e-09,-9.493423616659913e-09,-1.3430447070726785e-05
4_10um.csv,4,10,-0.6300005,-7.919939e-09,-9.556943616659912e-09,-1.352030948837298e-05
4_10um.csv,4,10,-0.6200007,-7.872021e-09,-9.509025616659911e-09,-1.345251938559007e-05
4_10um.csv,4,10,-0.6100003,-7.884279e-09,-9.521283616659911e-09,-1.3469860908189361e-05
4_10um.csv,4,10,-0.5999999,-7.869792e-09,-9.506796616659912e-09,-1.3449365995650944e-05
4_10um.csv,4,10,-0.5900008,-7.856419e-09,-9.493423616659913e-09,-1.3430447070726785e-05
4_10um.csv,4,10,-0.5800004,-7.825217e-09,-9.462221616659912e-09,-1.338630527042142e-05
4_10um.csv,4,10,-0.5699993,-7.850847e-09,-9.487851616659912e-09,-1.3422564303234267e-05
4_10um.csv,4,10,-0.5600002,-7.808501e-09,-9.445505616659912e-09,-1.3362656967943874e-05
4_10um.csv,4,10,-0.5500011,-7.831903e-09,-9.468907616659913e-09,-1.3395764025528199e-05
4_10um.csv,4,10,-0.54,-7.799586e-09,-9.436590616659913e-09,-1.335004482289797e-05
4_10um.csv,4,10,-0.5300009,-7.811844e-09,-9.448848616659913e-09,-1.3367386345497262e-05
4_10um.csv,4,10,-0.5200011,-7.781756e-09,-9.418760616659912e-09,-1.332482053280616e-05
4_10um.csv,4,10,-0.51,-7.737181e-09,-9.374185616659912e-09,-1.3261759807576638e-05
4_10um.csv,4,10,-0.5000003,-7.799586e-09,-9.436590616659913e-09,-1.335004482289797e-05
4_10um.csv,4,10,-0.4900005,-7.744982e-09,-9.381986616659912e-09,-1.3272795965008281e-05
4_10um.csv,4,10,-0.4799988,-7.770612e-09,-9.407616616659911e-09,-1.3309054997821128e-05
4_10um.csv,4,10,-0.4700003,-7.743867e-09,-9.380871616659912e-09,-1.3271218562683416e-05
4_10um.csv,4,10,-0.4599999,-7.738296e-09,-9.375300616659912e-09,-1.3263337209901503e-05
4_10um.csv,4,10,-0.4500002,-7.688149e-09,-9.325153616659912e-09,-1.3192393717179466e-05
4_10um.csv,4,10,-0.4399997,-7.675891e-09,-9.312895616659912e-09,-1.3175052194580174e-05
4_10um.csv,4,10,-0.4300006,-7.670319e-09,-9.307323616659911e-09,-1.3167169427087656e-05
4_10um.csv,4,10,-0.4199989,-7.655832e-09,-9.292836616659912e-09,-1.3146674514549237e-05
4_10um.csv,4,10,-0.4100005,-7.624629e-09,-9.261633616659912e-09,-1.3102531299533268e-05
4_10um.csv,4,10,-0.4,-7.665861e-09,-9.302865616659911e-09,-1.3160862647209402e-05
4_10um.csv,4,10,-0.3900003,-7.605685e-09,-9.242689616659911e-09,-1.3075731021827198e-05
4_10um.csv,4,10,-0.3800005,-7.633544e-09,-9.270548616659911e-09,-1.3115143444579173e-05
4_10um.csv,4,10,-0.3700001,-7.592312e-09,-9.229316616659912e-09,-1.3056812096903039e-05
4_10um.csv,4,10,-0.3599997,-7.565567e-09,-9.202571616659913e-09,-1.3018975661765327e-05
4_10um.csv,4,10,-0.3500012,-7.580054e-09,-9.217058616659912e-09,-1.3039470574303746e-05
4_10um.csv,4,10,-0.3400015,-7.580054e-09,-9.217058616659912e-09,-1.3039470574303746e-05
4_10um.csv,4,10,-0.3299991,-7.523221e-09,-9.160225616659912e-09,-1.2959068326474931e-05
4_10um.csv,4,10,-0.3200006,-7.510963e-09,-9.147967616659912e-09,-1.2941726803875639e-05
4_10um.csv,4,10,-0.3100009,-7.518764e-09,-9.155768616659912e-09,-1.2952762961307282e-05
4_10um.csv,4,10,-0.2999998,-7.502048e-09,-9.139052616659912e-09,-1.2929114658829736e-05
4_10um.csv,4,10,-0.2900007,-7.465274e-09,-9.102278616659913e-09,-1.2877090091031857e-05
4_10um.csv,4,10,-0.2799996,-7.415127e-09,-9.052131616659912e-09,-1.2806146598309817e-05
4_10um.csv,4,10,-0.2699998,-7.417356e-09,-9.054360616659911e-09,-1.2809299988248944e-05
4_10um.csv,4,10,-0.2600001,-7.38281e-09,-9.019814616659912e-09,-1.2760427395679587e-05
4_10um.csv,4,10,-0.2499997,-7.359408e-09,-8.996412616659911e-09,-1.2727320338095263e-05
4_10um.csv,4,10,-0.2399999,-7.387267e-09,-9.024271616659911e-09,-1.2766732760847237e-05
4_10um.csv,4,10,-0.2300008,-7.330434e-09,-8.967438616659912e-09,-1.2686330513018423e-05
4_10um.csv,4,10,-0.2199997,-7.271372e-09,-8.908376616659911e-09,-1.2602774875250479e-05
4_10um.csv,4,10,-0.21,-7.212311e-09,-8.849315616659912e-09,-1.2519220652193143e-05
4_10um.csv,4,10,-0.2000002,-7.185566e-09,-8.822570616659912e-09,-1.248138421705543e-05
4_10um.csv,4,10,-0.1899998,-7.127618e-09,-8.764622616659912e-09,-1.239940456690175e-05
4_10um.csv,4,10,-0.1800013,-7.048497e-09,-8.685501616659911e-09,-1.2287471249102869e-05
4_10um.csv,4,10,-0.1699996,-7.032896e-09,-8.669900616659911e-09,-1.2265400348950187e-05
4_10um.csv,4,10,-0.1599998,-6.943746e-09,-8.580750616659911e-09,-1.2139278898491145e-05
4_10um.csv,4,10,-0.1500007,-6.804449e-09,-8.441453616659912e-09,-1.1942213955310063e-05
4_10um.csv,4,10,-0.1400003,-6.728672e-09,-8.365676616659912e-09,-1.1835011429775177e-05
4_10um.csv,4,10,-0.1299999,-6.5448e-09,-8.181804616659911e-09,-1.1574885761364573e-05
4_10um.csv,4,10,-0.1200008,-6.432248e-09,-8.069252616659911e-09,-1.1415657253321204e-05
4_10um.csv,4,10,-0.1100004,-6.210487e-09,-7.84749161665991e-09,-1.1101929614787854e-05
4_10um.csv,4,10,-0.09999994,-5.972011e-09,-7.609015616659911e-09,-1.0764555088487562e-05
4_10um.csv,4,10,-0.08999952,-5.71459e-09,-7.351594616659912e-09,-1.0400378869770597e-05
4_10um.csv,4,10,-0.08000042,-5.362448e-09,-6.999452616659912e-09,-9.902199847812675e-06
4_10um.csv,4,10,-0.07,-4.991361e-09,-6.628365616659912e-09,-9.377219133438078e-06
4_10um.csv,4,10,-0.06000091,-4.435288e-09,-6.072292616659912e-09,-8.590536763038616e-06
4_10um.csv,4,10,-0.05000048,-3.991766e-09,-5.628770616659912e-09,-7.963081485971917e-06
4_10um.csv,4,10,-0.03999872,-3.192759e-09,-4.829763616659912e-09,-6.832717809393909e-06
4_10um.csv,4,10,-0.03000097,-2.403782e-09,-4.0407866166599116e-09,-5.71654368018667e-06
4_10um.csv,4,10,-0.02000121,-1.322838e-09,-2.9598426166599118e-09,-4.187320739693109e-06
4_10um.csv,4,10,-0.009999447,-1.839462e-10,-1.8209508166599118e-09,-2.576118431987987e-06
4_10um.csv,4,10,-3.555944e-07,1.636943e-09,-6.1616659911768e-14,-8.716974223795647e-11
4_10um.csv,4,10,0.01000007,3.369796e-09,1.7327913833400882e-09,2.451398346716607e-06
4_10um.csv,4,10,0.01999983,5.845938e-09,4.208933383340088e-09,5.954422694249512e-06
4_10um.csv,4,10,0.02999959,8.824663e-09,7.187658383340088e-09,1.0168456541906452e-05
4_10um.csv,4,10,0.04000001,1.247536e-08,1.0838355383340088e-08,1.5333136304402034e-05
4_10um.csv,4,10,0.05000044,1.672113e-08,1.5084125383340088e-08,2.1339672150902265e-05
4_10um.csv,4,10,0.05999886,2.233423e-08,2.069722538334009e-08,2.9280584249294422e-05
4_10um.csv,4,10,0.06999996,2.865051e-08,2.7013505383340087e-08,3.821629255109421e-05
4_10um.csv,4,10,0.08000105,3.68122e-08,3.5175195383340094e-08,4.9762721950949254e-05
4_10um.csv,4,10,0.09000014,4.680257e-08,4.516556538334009e-08,6.38962043404335e-05
4_10um.csv,4,10,0.0999999,5.812351e-08,5.648650538334009e-08,7.991205821996027e-05
4_10um.csv,4,10,0.1100003,7.152164e-08,6.988463538334009e-08,9.886653482162973e-05
4_10um.csv,4,10,0.1199994,8.88056e-08,8.716859538334009e-08,0.00012331833633454168
4_10um.csv,4,10,0.1299998,1.105983e-07,1.0896129538334009e-07,0.00015414870014181944
4_10um.csv,4,10,0.1399989,1.328647e-07,1.3122769538334008e-07,0.00018564921236280944
4_10um.csv,4,10,0.1499994,1.616244e-07,1.5998739538334008e-07,0.0002263358649569426
4_10um.csv,4,10,0.1600011,1.958324e-07,1.941953953833401e-07,0.0002747302853417209
4_10um.csv,4,10,0.1699995,2.383102e-07,2.366731953833401e-07,0.00033482407948988896
4_10um.csv,4,10,0.1799986,2.821842e-07,2.8054719538334006e-07,0.00039689309258512283
4_10um.csv,4,10,0.1900004,3.36256e-07,3.346189953833401e-07,0.0004733890414906904
4_10um.csv,4,10,0.1999988,3.955831e-07,3.939460953833401e-07,0.0005573197190400876
4_10um.csv,4,10,0.2099999,4.677366e-07,4.6609959538334004e-07,0.000659396040696808
4_10um.csv,4,10,0.2200003,5.465876e-07,5.449505953833401e-07,0.0007709473866322663
4_10um.csv,4,10,0.2299994,6.336303e-07,6.319932953833401e-07,0.0008940876174328432
4_10um.csv,4,10,0.2399999,7.384128e-07,7.367757953833402e-07,0.0010423245314286347
4_10um.csv,4,10,0.2500009,8.506671e-07,8.490300953833402e-07,0.0012011318801248172
4_10um.csv,4,10,0.26,9.757836e-07,9.7414659538334e-07,0.0013781355195679914
4_10um.csv,4,10,0.2700005,1.118026e-06,1.11638899538334e-06,0.0015793673513658103
4_10um.csv,4,10,0.2800002,1.270643e-06,1.26900599538334e-06,0.0017952762398089728
4_10um.csv,4,10,0.29,1.440045e-06,1.43840799538334e-06,0.002034931045761446
4_10um.csv,4,10,0.3000004,1.618815e-06,1.61717799538334e-06,0.002287838860664007
4_10um.csv,4,10,0.3100002,1.818489e-06,1.81685199538334e-06,0.0025703197860589503
4_10um.csv,4,10,0.3199993,2.022263e-06,2.02062599538334e-06,0.002858601024935465
4_10um.csv,4,10,0.330001,2.251656e-06,2.25001899538334e-06,0.003183125734808168
4_10um.csv,4,10,0.3400008,2.489047e-06,2.48740999538334e-06,0.0035189653001017514
4_10um.csv,4,10,0.3499999,2.752009e-06,2.75037199538334e-06,0.003890980430282471
4_10um.csv,4,10,0.3599996,3.016667e-06,3.01502999538334e-06,0.004265394909649714
4_10um.csv,4,10,0.3700007,3.303769e-06,3.30213199538334e-06,0.004671561153841441
4_10um.csv,4,10,0.3799991,3.589366e-06,3.58772899538334e-06,0.00507559825857225
4_10um.csv,4,10,0.3900002,3.903666e-06,3.90202899538334e-06,0.005520241801805875
4_10um.csv,4,10,0.4000007,4.221328e-06,4.21969099538334e-06,0.005969641602094387
4_10um.csv,4,10,0.4099997,4.556554e-06,4.55491699538334e-06,0.006443889379453708
4_10um.csv,4,10,0.4199995,4.906969e-06,4.90533199538334e-06,0.006939625196196344
4_10um.csv,4,10,0.4299999,5.258174e-06,5.25653699538334e-06,0.007436478634317136
4_10um.csv,4,10,0.439999,5.628601e-06,5.6269639953833405e-06,0.00796052563969226
4_10um.csv,4,10,0.4500001,6.001142e-06,5.99950499538334e-06,0.008487563343286908
4_10um.csv,4,10,0.4600012,6.395207e-06,6.393569995383341e-06,0.009045051277949199
4_10um.csv,4,10,0.469999,6.783506e-06,6.7818689953833405e-06,0.009594381991261553
4_10um.csv,4,10,0.4799981,7.194406e-06,7.19276899538334e-06,0.010175686578963417
4_10um.csv,4,10,0.4899992,7.598401e-06,7.596763995383341e-06,0.010747222589935953
4_10um.csv,4,10,0.4999996,8.034821e-06,8.033183995383341e-06,0.011364630592284087
4_10um.csv,4,10,0.5099993,8.455606e-06,8.453968995383341e-06,0.01195991959431896
4_10um.csv,4,10,0.5199984,8.878098e-06,8.87646099538334e-06,0.012557623507357013
4_10um.csv,4,10,0.5300009,9.340218e-06,9.33858099538334e-06,0.01321138957226036
4_10um.csv,4,10,0.5399993,9.787399e-06,9.78576199538334e-06,0.013844021275431708
4_10um.csv,4,10,0.549999,1.024875e-05,1.0247112995383341e-05,0.014496699427879614
4_10um.csv,4,10,0.5599995,1.069573e-05,1.069409299538334e-05,0.015129046774219305
4_10um.csv,4,10,0.5699999,1.116522e-05,1.1163582995383341e-05,0.01579323925628343
4_10um.csv,4,10,0.5800003,1.162816e-05,1.1626522995383341e-05,0.01644816538388309
4_10um.csv,4,10,0.5900014,1.211634e-05,1.2114702995383341e-05,0.017138798807159548
4_10um.csv,4,10,0.6000012,1.259304e-05,1.2591402995383341e-05,0.017813191352687607
4_10um.csv,4,10,0.6099989,1.306824e-05,1.3066602995383341e-05,0.018485461832307773
4_10um.csv,4,10,0.62,1.359682e-05,1.359518299538334e-05,0.019233249564036783
4_10um.csv,4,10,0.6299998,1.40658e-05,1.406416299538334e-05,0.019896720543692226
4_10um.csv,4,10,0.6399989,1.460848e-05,1.460684299538334e-05,0.02066445569495542
4_10um.csv,4,10,0.65,1.507225e-05,1.507061299538334e-05,0.02132055603235745
4_10um.csv,4,10,0.6599997,1.563215e-05,1.563051299538334e-05,0.022112652500243246
4_10um.csv,4,10,0.6700001,1.610658e-05,1.610494299538334e-05,0.022783833652697365
4_10um.csv,4,10,0.6799992,1.663766e-05,1.663602299538334e-05,0.02353515816093953
4_10um.csv,4,10,0.6899997,1.715968e-05,1.715804299538334e-05,0.02427366539109803
4_10um.csv,4,10,0.6999994,1.771164e-05,1.771000299538334e-05,0.025054529056778053
4_10um.csv,4,10,0.7099998,1.817474e-05,1.817310299538334e-05,0.025709681538074555
4_10um.csv,4,10,0.7200003,1.873834e-05,1.873670299538334e-05,0.02650701243519982
4_10um.csv,4,10,0.7299987,1.928806e-05,1.928642299538334e-05,0.02728470714912406
4_10um.csv,4,10,0.7400005,1.978593e-05,1.978429299538334e-05,0.027989049118165493
4_10um.csv,4,10,0.7500002,2.034808e-05,2.034644299538334e-05,0.028784328684913135
4_10um.csv,4,10,0.7599993,2.08541e-05,2.085246299538334e-05,0.02950020054538745
4_10um.csv,4,10,0.7700004,2.144348e-05,2.144184299538334e-05,0.030334002681916352
4_10um.csv,4,10,0.7800008,2.193434e-05,2.193270299538334e-05,0.03102842752961491
4_10um.csv,4,10,0.7899999,2.254208e-05,2.254044299538334e-05,0.031888203752856406
4_10um.csv,4,10,0.799999,2.301658e-05,2.301494299538334e-05,0.03255948393505289
4_10um.csv,4,10,0.8100008,2.367364e-05,2.367200299538334e-05,0.03348903368534587
4_10um.csv,4,10,0.8199985,2.420947e-05,2.420783299538334e-05,0.03424707806896303
4_10um.csv,4,10,0.8300003,2.481164e-05,2.481000299538334e-05,0.03509897435413322
4_10um.csv,4,10,0.839998,2.535207e-05,2.535043299538334e-05,0.035863526406534584
4_10um.csv,4,10,0.8499978,2.60188e-05,2.601716299538334e-05,0.036806756408380444
4_10um.csv,4,10,0.8600002,2.656747e-05,2.656583299538334e-05,0.03758296567616916
4_10um.csv,4,10,0.8699973,2.715356e-05,2.715192299538334e-05,0.03841211341480675
4_10um.csv,4,10,0.8799991,2.770239e-05,2.770075299538334e-05,0.0391885490362923
4_10um.csv,4,10,0.8899988,2.833485e-05,2.833321299538334e-05,0.040083296905695856
4_10um.csv,4,10,0.9000006,2.89656e-05,2.896396299538334e-05,0.040975625619964415
4_10um.csv,4,10,0.9100004,2.951293e-05,2.951129299538334e-05,0.04174993917554208
4_10um.csv,4,10,0.9200001,3.014243e-05,3.014079299538334e-05,0.04264049950155406
4_10um.csv,4,10,0.9299979,3.06827e-05,3.068106299538334e-05,0.043404825200258575
4_10um.csv,4,10,0.9400003,3.139892e-05,3.1397282995383344e-05,0.04441806922995883
4_10um.csv,4,10,0.9499987,3.190394e-05,3.190230299538334e-05,0.045132526379827884
4_10um.csv,4,10,0.9599991,3.258204e-05,3.258040299538334e-05,0.04609184164125556
4_10um.csv,4,10,0.9699969,3.308969e-05,3.308805299538334e-05,0.04681001948001646
4_10um.csv,4,10,0.9799973,3.372024e-05,3.371860299538334e-05,0.047702065252163965
4_10um.csv,4,10,0.9899984,3.420619e-05,3.420455299538334e-05,0.04838954387079068
4_10um.csv,4,10,0.9999988,3.494176e-05,3.494012299538334e-05,0.04943016255070274
4_15um.csv,4,15,-1.0,-1.616966e-08,-1.6239837397160252e-08,-2.297467019348154e-05
4_15um.csv,4,15,-0.9900005,-1.596127e-08,-1.6031447397160253e-08,-2.2679858650451137e-05
4_15um.csv,4,15,-0.98,-1.553446e-08,-1.5604637397160253e-08,-2.2076046017019568e-05
4_15um.csv,4,15,-0.9700003,-1.570942e-08,-1.5779597397160253e-08,-2.232356378451608e-05
4_15um.csv,4,15,-0.9599999,-1.547095e-08,-1.5541127397160253e-08,-2.198619774647942e-05
4_15um.csv,4,15,-0.9500001,-1.508426e-08,-1.5154437397160254e-08,-2.1439143302530936e-05
4_15um.csv,4,15,-0.940001,-1.501294e-08,-1.5083117397160254e-08,-2.13382461421637e-05
4_15um.csv,4,15,-0.9299999,-1.481458e-08,-1.4884757397160254e-08,-2.1057624146504068e-05
4_15um.csv,4,15,-0.9200002,-1.469311e-08,-1.4763287397160253e-08,-2.0885779249282977e-05
4_15um.csv,4,15,-0.9100011,-1.443123e-08,-1.4501407397160252e-08,-2.051529483597715e-05
4_15um.csv,4,15,-0.9,-1.334806e-08,-1.3418237397160254e-08,-1.898292274967628e-05
4_15um.csv,4,15,-0.8900002,-1.274964e-08,-1.2819817397160252e-08,-1.8136331629275816e-05
4_15um.csv,4,15,-0.8799998,-1.173556e-08,-1.1805737397160253e-08,-1.6701701898692446e-05
4_15um.csv,4,15,-0.87,-1.198629e-08,-1.2056467397160253e-08,-1.705641228874961e-05
4_15um.csv,4,15,-0.8599996,-1.186371e-08,-1.1933887397160253e-08,-1.688299706275668e-05
4_15um.csv,4,15,-0.8500005,-1.24521e-08,-1.2522277397160253e-08,-1.7715398635786374e-05
4_15um.csv,4,15,-0.8399994,-1.29714e-08,-1.3041577397160252e-08,-1.845005785309856e-05
4_15um.csv,4,15,-0.8299997,-1.283322e-08,-1.2903397397160253e-08,-1.8254573141663556e-05
4_15um.csv,4,15,-0.8199999,-1.287222e-08,-1.2942397397160253e-08,-1.8309746855268745e-05
4_15um.csv,4,15,-0.8099995,-1.296806e-08,-1.3038237397160253e-08,-1.844533271967699e-05
4_15um.csv,4,15,-0.7999997,-1.271398e-08,-1.2784157397160254e-08,-1.80858830490922e-05
4_15um.csv,4,15,-0.7900013,-1.260923e-08,-1.2679407397160252e-08,-1.7937692113191077e-05
4_15um.csv,4,15,-0.7800002,-1.251005e-08,-1.2580227397160253e-08,-1.7797381115361264e-05
4_15um.csv,4,15,-0.7699998,-1.224037e-08,-1.2310547397160252e-08,-1.74158619593344e-05
4_15um.csv,4,15,-0.7600007,-1.212671e-08,-1.2196887397160253e-08,-1.72550659519404e-05
4_15um.csv,4,15,-0.7500003,-1.210442e-08,-1.2174597397160253e-08,-1.7223532052549127e-05
4_15um.csv,4,15,-0.7399998,-1.186037e-08,-1.1930547397160253e-08,-1.6878271929335108e-05
4_15um.csv,4,15,-0.7300007,-1.180688e-08,-1.1877057397160252e-08,-1.6802599059059682e-05
4_15um.csv,4,15,-0.7199996,-1.157397e-08,-1.1644147397160253e-08,-1.6473098811988275e-05
4_15um.csv,4,15,-0.7099986,-1.150488e-08,-1.1575057397160252e-08,-1.637535645627077e-05
4_15um.csv,4,15,-0.7000015,-1.125749e-08,-1.1327667397160253e-08,-1.602537119963518e-05
4_15um.csv,4,15,-0.6899997,-1.123186e-08,-1.1302037397160252e-08,-1.598911216682233e-05
4_15um.csv,4,15,-0.6800006,-1.10413e-08,-1.1111477397160254e-08,-1.5719524913883742e-05
4_15um.csv,4,15,-0.6700009,-1.092652e-08,-1.0996697397160253e-08,-1.555714443061185e-05
4_15um.csv,4,15,-0.6599998,-1.07694e-08,-1.0839577397160253e-08,-1.5334865100313196e-05
4_15um.csv,4,15,-0.65,-1.062898e-08,-1.0699157397160253e-08,-1.5136211437122407e-05
4_15um.csv,4,15,-0.6400002,-1.056658e-08,-1.0636757397160253e-08,-1.5047933495354101e-05
4_15um.csv,4,15,-0.6300005,-1.035039e-08,-1.0420567397160253e-08,-1.4742087209602663e-05
4_15um.csv,4,15,-0.6200001,-1.026904e-08,-1.0339217397160253e-08,-1.4627000501864657e-05
4_15um.csv,4,15,-0.6100003,-1.013532e-08,-1.0205497397160253e-08,-1.4437825399729118e-05
4_15um.csv,4,15,-0.5999999,-9.954788e-09,-1.0024965397160254e-08,-1.4182424864740087e-05
4_15um.csv,4,15,-0.5900001,-9.907984e-09,-9.978161397160253e-09,-1.4116210749571435e-05
4_15um.csv,4,15,-0.5800004,-9.776488e-09,-9.846665397160252e-09,-1.3930181963821996e-05
4_15um.csv,4,15,-0.5699999,-9.539126e-09,-9.609303397160254e-09,-1.3594383425135967e-05
4_15um.csv,4,15,-0.5600002,-9.580358e-09,-9.650535397160253e-09,-1.3652714772812101e-05
4_15um.csv,4,15,-0.5500004,-9.324051e-09,-9.394228397160252e-09,-1.3290114541709393e-05
4_15um.csv,4,15,-0.54,-9.273905e-09,-9.344082397160253e-09,-1.3219172463697962e-05
4_15um.csv,4,15,-0.5300009,-9.244931e-09,-9.315108397160253e-09,-1.3178182638621122e-05
4_15um.csv,4,15,-0.5199998,-9.078889e-09,-9.149066397160254e-09,-1.2943281260302327e-05
4_15um.csv,4,15,-0.5099994,-8.930677e-09,-9.000854397160253e-09,-1.273360417207534e-05
4_15um.csv,4,15,-0.5000003,-8.905046e-09,-8.975223397160254e-09,-1.2697343724551887e-05
4_15um.csv,4,15,-0.4900005,-8.652083e-09,-8.722260397160253e-09,-1.2339474285713175e-05
4_15um.csv,4,15,-0.4800001,-8.562933e-09,-8.633110397160253e-09,-1.2213352835254132e-05
4_15um.csv,4,15,-0.470001,-8.57742e-09,-8.647597397160252e-09,-1.223384774779255e-05
4_15um.csv,4,15,-0.4599993,-8.359003e-09,-8.429180397160253e-09,-1.1924850901523195e-05
4_15um.csv,4,15,-0.4499995,-8.237536e-09,-8.307713397160253e-09,-1.1753010248433921e-05
4_15um.csv,4,15,-0.4400004,-8.143928e-09,-8.214105397160253e-09,-1.1620582018096623e-05
4_15um.csv,4,15,-0.4300006,-8.009089e-09,-8.079266397160252e-09,-1.1429823854793795e-05
4_15um.csv,4,15,-0.4199996,-7.916596e-09,-7.986773397160252e-09,-1.1298973026781362e-05
4_15um.csv,4,15,-0.4099998,-7.782871e-09,-7.853048397160252e-09,-1.1109790851092796e-05
4_15um.csv,4,15,-0.4,-7.65026e-09,-7.720437397160252e-09,-1.092218466301849e-05
4_15um.csv,4,15,-0.3900009,-7.653603e-09,-7.723780397160252e-09,-1.0926914040571879e-05
4_15um.csv,4,15,-0.3800012,-7.557767e-09,-7.627944397160254e-09,-1.079133383500606e-05
4_15um.csv,4,15,-0.3700001,-7.333777e-09,-7.403954397160252e-09,-1.0474452806533581e-05
4_15um.csv,4,15,-0.359999,-7.309261e-09,-7.379438397160252e-09,-1.0439769761334995e-05
4_15um.csv,4,15,-0.3500006,-7.122046e-09,-7.192223397160252e-09,-1.0174914715371003e-05
4_15um.csv,4,15,-0.3399988,-7.042925e-09,-7.113102397160252e-09,-1.0062981397572124e-05
4_15um.csv,4,15,-0.3300004,-6.882455e-09,-6.952632397160252e-09,-9.835962786745845e-06
4_15um.csv,4,15,-0.3200006,-6.788848e-09,-6.859025397160252e-09,-9.703535971119151e-06
4_15um.csv,4,15,-0.3100009,-6.732015e-09,-6.802192397160252e-09,-9.623133723290336e-06
4_15um.csv,4,15,-0.3000004,-6.561515e-09,-6.631692397160252e-09,-9.381925565093286e-06
4_15um.csv,4,15,-0.29,-6.460107e-09,-6.530284397160252e-09,-9.238462592034948e-06
4_15um.csv,4,15,-0.2800003,-6.403274e-09,-6.473451397160252e-09,-9.158060344206133e-06
4_15um.csv,4,15,-0.2699998,-6.250605e-09,-6.320782397160252e-09,-8.942077890811497e-06
4_15um.csv,4,15,-0.2600007,-6.109079e-09,-6.179256397160252e-09,-8.741859557691288e-06
4_15um.csv,4,15,-0.2499997,-6.151425e-09,-6.221602397160252e-09,-8.801766892981682e-06
4_15um.csv,4,15,-0.2400006,-5.977583e-09,-6.047760397160252e-09,-8.55583077194185e-06
4_15um.csv,4,15,-0.2300008,-5.898462e-09,-5.968639397160252e-09,-8.44389745414297e-06
4_15um.csv,4,15,-0.2200004,-5.756937e-09,-5.827114397160252e-09,-8.243680535733366e-06
4_15um.csv,4,15,-0.210002,-5.636584e-09,-5.706761397160252e-09,-8.073415870258354e-06
4_15um.csv,4,15,-0.1999995,-5.578636e-09,-5.648813397160252e-09,-7.991436220104672e-06
4_15um.csv,4,15,-0.1899998,-5.412595e-09,-5.482772397160252e-09,-7.756536256496482e-06
4_15um.csv,4,15,-0.1800013,-5.312301e-09,-5.382478397160252e-09,-7.614649271052406e-06
4_15um.csv,4,15,-0.1700009,-5.199749e-09,-5.269926397160252e-09,-7.455420763009037e-06
4_15um.csv,4,15,-0.1600005,-5.062681e-09,-5.132858397160252e-09,-7.261509209767082e-06
4_15um.csv,4,15,-0.1500007,-4.903325e-09,-4.973502397160252e-09,-7.036066586555065e-06
4_15um.csv,4,15,-0.1400003,-4.838691e-09,-4.908868397160252e-09,-6.9446281812946066e-06
4_15um.csv,4,15,-0.1300006,-4.709424e-09,-4.779601397160252e-09,-6.761752785484295e-06
4_15um.csv,4,15,-0.1200008,-4.557869e-09,-4.628046397160252e-09,-6.54734631970392e-06
4_15um.csv,4,15,-0.1099997,-4.437516e-09,-4.507693397160252e-09,-6.377081654228908e-06
4_15um.csv,4,15,-0.1000006,-4.256988e-09,-4.327165397160252e-09,-6.121686778082297e-06
4_15um.csv,4,15,-0.09000018,-4.128834e-09,-4.199011397160252e-09,-5.9403859551756415e-06
4_15um.csv,4,15,-0.08000109,-3.84244e-09,-3.912617397160252e-09,-5.53522132609244e-06
4_15um.csv,4,15,-0.07,-3.689771e-09,-3.759948397160252e-09,-5.319238872697803e-06
4_15um.csv,4,15,-0.06000024,-3.390004e-09,-3.460181397160252e-09,-4.895155318690442e-06
4_15um.csv,4,15,-0.05000115,-3.12924e-09,-3.199417397160252e-09,-4.526249722420086e-06
4_15um.csv,4,15,-0.03999939,-2.743666e-09,-2.813843397160252e-09,-3.9807740955070685e-06
4_15um.csv,4,15,-0.03000097,-2.285658e-09,-2.355835397160252e-09,-3.332825320612555e-06
4_15um.csv,4,15,-0.02000054,-1.700611e-09,-1.7707883971602523e-09,-2.5051531251362527e-06
4_15um.csv,4,15,-0.009999447,-1.001898e-09,-1.0720753971602522e-09,-1.51667643400232e-06
4_15um.csv,4,15,-3.555944e-07,7.013135e-11,-4.604716025219623e-14,-6.514340595094821e-11
4_15um.csv,4,15,0.009999403,1.365035e-09,1.2948576028397477e-09,1.8318487830406047e-06
4_15um.csv,4,15,0.01999983,3.130206e-09,3.060028602839748e-09,4.329054916840285e-06
4_15um.csv,4,15,0.03000025,5.559544e-09,5.489366602839748e-09,7.765865149204539e-06
4_15um.csv,4,15,0.04000001,8.869238e-09,8.799060602839747e-09,1.2448124351174203e-05
4_15um.csv,4,15,0.04999977,1.356967e-08,1.3499492602839748e-08,1.9097875350883748e-05
4_15um.csv,4,15,0.05999953,1.995281e-08,1.9882632602839746e-08,2.8128171203751306e-05
4_15um.csv,4,15,0.06999996,2.887673e-08,2.8806552602839748e-08,4.0752935468254656e-05
4_15um.csv,4,15,0.08000038,4.138113e-08,4.131095260283975e-08,5.844304276068395e-05
4_15um.csv,4,15,0.08999947,5.864838e-08,5.857820260283975e-08,8.287120445938199e-05
4_15um.csv,4,15,0.1000006,8.319583e-08,8.312565260283975e-08,0.00011759874230650327
4_15um.csv,4,15,0.1099997,1.163775e-07,1.1630732260283974e-07,0.00016454120275578372
4_15um.csv,4,15,0.1200001,1.62955e-07,1.6288482260283974e-07,0.0002304348859723415
4_15um.csv,4,15,0.1299998,2.260587e-07,2.2598852260283974e-07,0.0003197083595935685
4_15um.csv,4,15,0.1399989,3.113396e-07,3.112694226028398e-07,0.0004403561532497962
4_15um.csv,4,15,0.1499994,4.233678e-07,4.232976226028398e-07,0.0005988436358781293
4_15um.csv,4,15,0.1599998,5.68874e-07,5.688038226028398e-07,0.0008046928001493997
4_15um.csv,4,15,0.1699995,7.524127e-07,7.523425226028398e-07,0.0010643469455152703
4_15um.csv,4,15,0.1799993,9.77502e-07,9.774318226028397e-07,0.0013827831653561106
4_15um.csv,4,15,0.1900004,1.24423e-06,1.2441598226028397e-06,0.0017601260956762446
4_15um.csv,4,15,0.1999988,1.557963e-06,1.5578928226028397e-06,0.0022039674979966854
4_15um.csv,4,15,0.2099999,1.907532e-06,1.90746182260284e-06,0.00269850646956727
4_15um.csv,4,15,0.2200003,2.298074e-06,2.29800382260284e-06,0.0032510103787672254
4_15um.csv,4,15,0.2299994,2.720161e-06,2.7200908226028397e-06,0.003848141334010148
4_15um.csv,4,15,0.2400005,3.17593e-06,3.17585982260284e-06,0.0044929225718594815
4_15um.csv,4,15,0.2500003,3.655804e-06,3.6557338226028398e-06,0.005171805408848639
4_15um.csv,4,15,0.2599994,4.154909e-06,4.15483882260284e-06,0.005877894545487576
4_15um.csv,4,15,0.2699998,4.676794e-06,4.67672382260284e-06,0.006616210789714365
4_15um.csv,4,15,0.2799996,5.207142e-06,5.20707182260284e-06,0.007366499729793481
4_15um.csv,4,15,0.2899986,5.761512e-06,5.76144182260284e-06,0.008150772848032183
4_15um.csv,4,15,0.2999991,6.315377e-06,6.31530682260284e-06,0.008934331537415227
4_15um.csv,4,15,0.3100002,6.894362e-06,6.89429182260284e-06,0.009753427757202436
4_15um.csv,4,15,0.3199993,7.46656e-06,7.46648982260284e-06,0.010562922336111738
4_15um.csv,4,15,0.3300003,8.061621e-06,8.061550822602839e-06,0.011404761443589125
4_15um.csv,4,15,0.3400001,8.633286e-06,8.633215822602838e-06,0.01221350198174582
4_15um.csv,4,15,0.3500005,9.245433e-06,9.245362822602839e-06,0.013079512834624706
4_15um.csv,4,15,0.359999,9.837263e-06,9.83719282260284e-06,0.013916781012136496
4_15um.csv,4,15,0.3700014,1.04219e-05,1.0421829822602838e-05,0.01474387317626464
4_15um.csv,4,15,0.3800005,1.10522e-05,1.105212982260284e-05,0.015635565270760834
4_15um.csv,4,15,0.3900009,1.164506e-05,1.164498982260284e-05,0.016474290600196045
4_15um.csv,4,15,0.4,1.230138e-05,1.230130982260284e-05,0.017402793464641134
4_15um.csv,4,15,0.4099991,1.28953e-05,1.2895229822602839e-05,0.01824301838731792
4_15um.csv,4,15,0.4200008,1.356836e-05,1.3568289822602838e-05,0.019195203507295085
4_15um.csv,4,15,0.4300006,1.414822e-05,1.4148149822602838e-05,0.020015537598861897
4_15um.csv,4,15,0.4399997,1.478493e-05,1.4784859822602839e-05,0.020916297988337815
4_15um.csv,4,15,0.4499995,1.540073e-05,1.5400659822602838e-05,0.021787476779057714
4_15um.csv,4,15,0.4599999,1.602202e-05,1.602194982260284e-05,0.022666422331000507
4_15um.csv,4,15,0.469999,1.666027e-05,1.666019982260284e-05,0.02356936137480853
4_15um.csv,4,15,0.4800007,1.727699e-05,1.727691982260284e-05,0.024441841699285267
4_15um.csv,4,15,0.4899998,1.793683e-05,1.793675982260284e-05,0.025375324345060877
4_15um.csv,4,15,0.5000009,1.856422e-05,1.8564149822602838e-05,0.02626289963169576
4_15um.csv,4,15,0.5100007,1.923049e-05,1.923041982260284e-05,0.0272054788666632
4_15um.csv,4,15,0.5199991,1.983654e-05,1.983646982260284e-05,0.02806286422898181
4_15um.csv,4,15,0.5299995,2.053076e-05,2.053068982260284e-05,0.029044984625366303
4_15um.csv,4,15,0.5399999,2.114673e-05,2.114665982260284e-05,0.0299164039168891
4_15um.csv,4,15,0.549999,2.180368e-05,2.180360982260284e-05,0.030845798049015508
4_15um.csv,4,15,0.5599995,2.243016e-05,2.243008982260284e-05,0.0317320859489996
4_15um.csv,4,15,0.5700006,2.310158e-05,2.310150982260284e-05,0.032681950943584136
4_15um.csv,4,15,0.579999,2.375689e-05,2.3756819822602838e-05,0.03360902495031791
4_15um.csv,4,15,0.5899987,2.438069e-05,2.438061982260284e-05,0.034491521425879905
4_15um.csv,4,15,0.5999985,2.507265e-05,2.507257982260284e-05,0.03547044457629651
4_15um.csv,4,15,0.6099996,2.5693e-05,2.569292982260284e-05,0.03634806030027035
4_15um.csv,4,15,0.619998,2.638632e-05,2.638624982260284e-05,0.03732890745711011
4_15um.csv,4,15,0.6299998,2.701431e-05,2.701423982260284e-05,0.03821733157010815
4_15um.csv,4,15,0.6399989,2.770783e-05,2.770775982260284e-05,0.039198461669068964
4_15um.csv,4,15,0.6499986,2.835492e-05,2.835484982260284e-05,0.04011390675462749
4_15um.csv,4,15,0.659999,2.909761e-05,2.909753982260284e-05,0.041164598174049
4_15um.csv,4,15,0.6699995,2.971796e-05,2.971788982260284e-05,0.04204221389802284
4_15um.csv,4,15,0.6800006,3.041619e-05,3.041611982260284e-05,0.043030007283934434
4_15um.csv,4,15,0.6899997,3.103181e-05,3.103173982260284e-05,0.043900931426745386
4_15um.csv,4,15,0.7000008,3.173429e-05,3.173421982260284e-05,0.04489473733272934
4_15um.csv,4,15,0.7100005,3.235238e-05,3.235230982260284e-05,0.04576915581073529
4_15um.csv,4,15,0.7200003,3.306778e-05,3.306770982260284e-05,0.04678123977773922
4_15um.csv,4,15,0.7299994,3.370353e-05,3.3703459822602845e-05,0.04768064204503409
4_15um.csv,4,15,0.7399998,3.442048e-05,3.442040982260284e-05,0.04869491881347617
4_15um.csv,4,15,0.7500009,3.504419e-05,3.504411982260284e-05,0.04957728796508369
4_15um.csv,4,15,0.759998,3.575553e-05,3.5755459822602845e-05,0.05058362820703026
4_15um.csv,4,15,0.7700004,3.647994e-05,3.647986982260284e-05,0.05160845871658759
4_15um.csv,4,15,0.7800002,3.714653e-05,3.7146459822602845e-05,0.05255149065894872
4_15um.csv,4,15,0.7900012,3.791673e-05,3.791665982260284e-05,0.05364110076712096
4_15um.csv,4,15,0.7999983,3.854742e-05,3.854734982260284e-05,0.054533344598753204
4_15um.csv,4,15,0.8100028,3.929569e-05,3.9295619822602846e-05,0.05559193010335208
4_15um.csv,4,15,0.8199999,3.993622e-05,3.993614982260284e-05,0.056498094687340086
4_15um.csv,4,15,0.8299996,4.072727e-05,4.072719982260284e-05,0.05761720151163203
4_15um.csv,4,15,0.84,4.134507e-05,4.1344999822602845e-05,0.05849120972356246
4_15um.csv,4,15,0.8499991,4.215251e-05,4.215243982260284e-05,0.05963350365467464
4_15um.csv,4,15,0.8600022,4.275954e-05,4.275946982260284e-05,0.060492275433386394
4_15um.csv,4,15,0.8699973,4.349927e-05,4.349919982260284e-05,0.06153877930941633
4_15um.csv,4,15,0.8799997,4.416945e-05,4.4169379822602844e-05,0.062486890062850346
4_15um.csv,4,15,0.8899988,4.490816e-05,4.4908089822602844e-05,0.06353195093406291
4_15um.csv,4,15,0.8999999,4.560456e-05,4.560448982260284e-05,0.06451715539956687
4_15um.csv,4,15,0.9099997,4.637263e-05,4.637255982260284e-05,0.06560375217414992
4_15um.csv,4,15,0.9199988,4.7095e-05,4.7094929822602845e-05,0.06662569667407252
4_15um.csv,4,15,0.9300005,4.781336e-05,4.7813289822602845e-05,0.06764196818446802
4_15um.csv,4,15,0.940001,4.857841e-05,4.8578339822602845e-05,0.06872429253302317
4_15um.csv,4,15,0.9499974,4.926427e-05,4.926419982260284e-05,0.06969458594874768
4_15um.csv,4,15,0.9599991,5.009952e-05,5.009944982260284e-05,0.07087622298179216
4_15um.csv,4,15,0.9700016,5.078038e-05,5.078030982260284e-05,0.07183944284449037
4_15um.csv,4,15,0.980002,5.164332e-05,5.1643249822602845e-05,0.07306025321419456
4_15um.csv,4,15,0.9899971,5.216668e-05,5.2166609822602844e-05,0.0738006561565641
4_15um.csv,4,15,1.0,5.298807e-05,5.298799982260284e-05,0.07496268530061968
4_20um.csv,4,20,-0.9999989,-6.563744e-09,-6.585956377877412e-09,-9.317222333571417e-06
4_20um.csv,4,20,-0.9899998,-6.454535e-09,-6.476747377877412e-09,-9.162723203081437e-06
4_20um.csv,4,20,-0.9799994,-6.305209e-09,-6.3274213778774115e-09,-8.951470127240188e-06
4_20um.csv,4,20,-0.9700003,-6.145853e-09,-6.168065377877412e-09,-8.726027504028171e-06
4_20um.csv,4,20,-0.9599999,-6.033302e-09,-6.0555143778774115e-09,-8.566800410695406e-06
4_20um.csv,4,20,-0.9500001,-5.862802e-09,-5.885014377877412e-09,-8.325592252498357e-06
4_20um.csv,4,20,-0.9400003,-5.729077e-09,-5.751289377877412e-09,-8.136410076809791e-06
4_20um.csv,4,20,-0.9299999,-5.705675e-09,-5.727887377877412e-09,-8.103303019225465e-06
4_20um.csv,4,20,-0.9200002,-5.433768e-09,-5.4559803778774116e-09,-7.718633302680682e-06
4_20um.csv,4,20,-0.9100004,-5.414823e-09,-5.437035377877412e-09,-7.691831610264009e-06
4_20um.csv,4,20,-0.9000006,-5.216465e-09,-5.238677377877412e-09,-7.41121244402559e-06
4_20um.csv,4,20,-0.8899989,-5.167432e-09,-5.1896443778774115e-09,-7.341844938917812e-06
4_20um.csv,4,20,-0.8800005,-5.020335e-09,-5.0425473778774116e-09,-7.133745253015692e-06
4_20um.csv,4,20,-0.87,-4.881038e-09,-4.9032503778774116e-09,-6.936680309834609e-06
4_20um.csv,4,20,-0.8599996,-4.752884e-09,-4.775096377877412e-09,-6.755379486927954e-06
4_20um.csv,4,20,-0.8499998,-4.667078e-09,-4.689290377877412e-09,-6.633988828732904e-06
4_20um.csv,4,20,-0.8399994,-4.498807e-09,-4.521019377877412e-09,-6.395934060474981e-06
4_20um.csv,4,20,-0.8299997,-4.474291e-09,-4.496503377877412e-09,-6.361251015276396e-06
4_20um.csv,4,20,-0.8200012,-4.331651e-09,-4.353863377877412e-09,-6.159456694541925e-06
4_20um.csv,4,20,-0.8100008,-4.187896e-09,-4.210108377877412e-09,-5.956084971482588e-06
4_20um.csv,4,20,-0.7999997,-4.135521e-09,-4.157733377877412e-09,-5.881989503532028e-06
4_20um.csv,4,20,-0.7900013,-4.004024e-09,-4.026236377877412e-09,-5.695959303071984e-06
4_20um.csv,4,20,-0.7800002,-3.988423e-09,-4.010635377877412e-09,-5.673888402919302e-06
4_20um.csv,4,20,-0.7699998,-3.844669e-09,-3.866881377877412e-09,-5.470518094570571e-06
4_20um.csv,4,20,-0.76,-3.741032e-09,-3.7632443778774115e-09,-5.3239017315731055e-06
4_20um.csv,4,20,-0.7500003,-3.617336e-09,-3.639548377877412e-09,-5.148907688544706e-06
4_20um.csv,4,20,-0.7400005,-3.543787e-09,-3.5659993778774124e-09,-5.044857138238343e-06
4_20um.csv,4,20,-0.7300014,-3.401147e-09,-3.423359377877412e-09,-4.843062817503872e-06
4_20um.csv,4,20,-0.7200003,-3.37886e-09,-3.4010723778774123e-09,-4.811533162244414e-06
4_20um.csv,4,20,-0.7099999,-3.241792e-09,-3.2640043778774123e-09,-4.617621609002459e-06
4_20um.csv,4,20,-0.7000008,-3.160442e-09,-3.1826543778774124e-09,-4.502534901264454e-06
4_20um.csv,4,20,-0.6899997,-3.099152e-09,-3.121364377877412e-09,-4.4158272882679885e-06
4_20um.csv,4,20,-0.6799999,-2.991057e-09,-3.0132693778774124e-09,-4.26290414539227e-06
4_20um.csv,4,20,-0.6700002,-2.95874e-09,-2.9809523778774123e-09,-4.217184942762041e-06
4_20um.csv,4,20,-0.6600004,-2.777097e-09,-2.7993093778774124e-09,-3.960212664290564e-06
4_20um.csv,4,20,-0.6499993,-2.713578e-09,-2.735790377877412e-09,-3.870351661354971e-06
4_20um.csv,4,20,-0.6400002,-2.644487e-09,-2.6666993778774124e-09,-3.772607890926864e-06
4_20um.csv,4,20,-0.6300005,-2.567595e-09,-2.5898073778774125e-09,-3.6638279630671124e-06
4_20um.csv,4,20,-0.6200001,-2.484017e-09,-2.5062293778774124e-09,-3.5455892801005844e-06
4_20um.csv,4,20,-0.6099996,-2.409353e-09,-2.431565377877412e-09,-3.439961327469355e-06
4_20um.csv,4,20,-0.5999999,-2.34472e-09,-2.3669323778774124e-09,-3.348524336919502e-06
4_20um.csv,4,20,-0.5900001,-2.248883e-09,-2.271095377877412e-09,-3.2129427166430756e-06
4_20um.csv,4,20,-0.5800004,-2.25557e-09,-2.277782377877412e-09,-3.2224028864604576e-06
4_20um.csv,4,20,-0.5699993,-2.072812e-09,-2.095024377877412e-09,-2.9638532056641146e-06
4_20um.csv,4,20,-0.5600002,-2.098443e-09,-2.1206553778774125e-09,-3.000113653187567e-06
4_20um.csv,4,20,-0.5500004,-2.002607e-09,-2.024819377877412e-09,-2.8645334476217456e-06
4_20um.csv,4,20,-0.54,-1.991463e-09,-2.0136753778774125e-09,-2.848767912636714e-06
4_20um.csv,4,20,-0.5300009,-1.841022e-09,-1.863234377877412e-09,-2.6359374344705997e-06
4_20um.csv,4,20,-0.5200005,-1.824306e-09,-1.8465183778774123e-09,-2.612289131993052e-06
4_20um.csv,4,20,-0.51,-1.708411e-09,-1.7306233778774123e-09,-2.448331246396295e-06
4_20um.csv,4,20,-0.5000003,-1.708411e-09,-1.7306233778774123e-09,-2.448331246396295e-06
4_20um.csv,4,20,-0.4899999,-1.62149e-09,-1.6437023778774122e-09,-2.325363185876378e-06
4_20um.csv,4,20,-0.4800001,-1.561314e-09,-1.5835263778774124e-09,-2.2402315604941746e-06
4_20um.csv,4,20,-0.4700003,-1.498909e-09,-1.5211213778774123e-09,-2.1519465451728437e-06
4_20um.csv,4,20,-0.4599999,-1.463249e-09,-1.4854613778774123e-09,-2.101497964989226e-06
4_20um.csv,4,20,-0.4499995,-1.408645e-09,-1.4308573778774122e-09,-2.0242491070995386e-06
4_20um.csv,4,20,-0.4400004,-1.322838e-09,-1.3450503778774122e-09,-1.9028570341938827e-06
4_20um.csv,4,20,-0.43,-1.312808e-09,-1.3350203778774122e-09,-1.888667486823112e-06
4_20um.csv,4,20,-0.4199989,-1.199142e-09,-1.2213543778774124e-09,-1.7278629911654822e-06
4_20um.csv,4,20,-0.4099998,-1.216972e-09,-1.2391843778774123e-09,-1.753087281257291e-06
4_20um.csv,4,20,-0.4,-1.218086e-09,-1.2402983778774123e-09,-1.754663268871552e-06
4_20um.csv,4,20,-0.3899996,-1.164596e-09,-1.1868083778774123e-09,-1.6789903985961257e-06
4_20um.csv,4,20,-0.3799999,-1.043129e-09,-1.0653413778774123e-09,-1.5071497455068523e-06
4_20um.csv,4,20,-0.3700001,-1.009698e-09,-1.0319103778774122e-09,-1.4598545552623619e-06
4_20um.csv,4,20,-0.3599997,-9.76267e-10,-9.984793778774123e-10,-1.4125593650178719e-06
4_20um.csv,4,20,-0.3499999,-9.829532e-10,-1.0051655778774123e-09,-1.4220184030667698e-06
4_20um.csv,4,20,-0.3400002,-9.205482e-10,-9.427605778774122e-10,-1.3337333877454389e-06
4_20um.csv,4,20,-0.3300004,-8.492282e-10,-8.714405778774123e-10,-1.2328362273782037e-06
4_20um.csv,4,20,-0.3200006,-8.481138e-10,-8.703261778774122e-10,-1.2312596738797004e-06
4_20um.csv,4,20,-0.3100002,-8.280551e-10,-8.502674778774123e-10,-1.2028824182619457e-06
4_20um.csv,4,20,-0.2999998,-7.366763e-10,-7.588886778774123e-10,-1.0736078608058952e-06
4_20um.csv,4,20,-0.2900007,-7.244182e-10,-7.466305778774123e-10,-1.0562661967355417e-06
4_20um.csv,4,20,-0.2800003,-6.843007e-10,-7.065130778774123e-10,-9.99511544028972e-07
4_20um.csv,4,20,-0.2700005,-6.898725e-10,-7.120848778774123e-10,-1.0073940285793667e-06
4_20um.csv,4,20,-0.2600001,-6.742713e-10,-6.964836778774123e-10,-9.853228454845643e-07
4_20um.csv,4,20,-0.2499997,-6.163238e-10,-6.385361778774123e-10,-9.033439026861856e-07
4_20um.csv,4,20,-0.2400012,-6.118663e-10,-6.340786778774123e-10,-8.970378301632335e-07
4_20um.csv,4,20,-0.2300001,-6.040656e-10,-6.262779778774123e-10,-8.860020971447718e-07
4_20um.csv,4,20,-0.2200004,-5.505756e-10,-5.727879778774123e-10,-8.103292268693452e-07
4_20um.csv,4,20,-0.2100006,-5.037719e-10,-5.259842778774123e-10,-7.441155361138773e-07
4_20um.csv,4,20,-0.2000002,-4.547394e-10,-4.769517778774122e-10,-6.74748738361403e-07
4_20um.csv,4,20,-0.1899998,-4.380237e-10,-4.602360778774122e-10,-6.511008602970367e-07
4_20um.csv,4,20,-0.1800007,-4.413669e-10,-4.635792778774122e-10,-6.558305207925463e-07
4_20um.csv,4,20,-0.1699996,-3.633606e-10,-3.8557297787741224e-10,-5.454741809053525e-07
4_20um.csv,4,20,-0.1599998,-4.112787e-10,-4.3349107787741223e-10,-6.132644251593235e-07
4_20um.csv,4,20,-0.1500001,-3.622462e-10,-3.844585778774122e-10,-5.438976274068493e-07
4_20um.csv,4,20,-0.1400003,-3.332725e-10,-3.5548487787741223e-10,-5.029082267431902e-07
4_20um.csv,4,20,-0.1299999,-3.009556e-10,-3.2316797787741224e-10,-4.5718916558402156e-07
4_20um.csv,4,20,-0.1200008,-3.366156e-10,-3.5882797787741225e-10,-5.076377457676392e-07
4_20um.csv,4,20,-0.1099997,-2.775537e-10,-2.997660778774122e-10,-4.240822494707573e-07
4_20um.csv,4,20,-0.09999994,-2.708675e-10,-2.930798778774122e-10,-4.1462321142185924e-07
4_20um.csv,4,20,-0.09000152,-2.452368e-10,-2.674491778774122e-10,-3.7836318831158867e-07
4_20um.csv,4,20,-0.08000042,-2.04005e-10,-2.2621737787741227e-10,-3.200321235775762e-07
4_20um.csv,4,20,-0.07000067,-2.173775e-10,-2.3958987787741224e-10,-3.389503411464328e-07
4_20um.csv,4,20,-0.06000024,-1.527437e-10,-1.7495607787741225e-10,-2.4751221882809554e-07
4_20um.csv,4,20,-0.04999915,-1.527437e-10,-1.7495607787741225e-10,-2.4751221882809554e-07
4_20um.csv,4,20,-0.03999939,-1.304562e-10,-1.5266857787741227e-10,-2.1598185621333453e-07
4_20um.csv,4,20,-0.0300003,-1.126262e-10,-1.3483857787741224e-10,-1.9075756612152565e-07
4_20um.csv,4,20,-0.02000054,-6.582243e-11,-8.803480787741226e-11,-1.2454377633631543e-07
4_20um.csv,4,20,-0.01000011,-4.531792e-12,-2.674416987741225e-11,-3.783526075448468e-08
4_20um.csv,4,20,3.111451e-07,2.221321e-11,8.321225877487986e-16,1.177212649765695e-12
4_20um.csv,4,20,0.01000074,2.016276e-10,1.7941522212258773e-10,2.5382061748213517e-07
4_20um.csv,4,20,0.0200005,3.074933e-10,2.852809221225878e-10,4.035899460055455e-07
4_20um.csv,4,20,0.02999959,4.991658e-10,4.769534221225878e-10,6.747510644924904e-07
4_20um.csv,4,20,0.03999935,6.763514e-10,6.541390221225877e-10,9.254174119120755e-07
4_20um.csv,4,20,0.04999977,9.783471e-10,9.561347221225877e-10,1.3526539314453829e-06
4_20um.csv,4,20,0.05999953,1.292601e-09,1.2703886221225877e-09,1.7972322565201043e-06
4_20um.csv,4,20,0.06999929,1.802985e-09,1.7807726221225878e-09,2.5192779140757835e-06
4_20um.csv,4,20,0.07999971,2.460466e-09,2.4382536221225876e-09,3.4494232575335824e-06
4_20um.csv,4,20,0.09000014,3.228271e-09,3.2060586221225877e-09,4.535645133806228e-06
4_20um.csv,4,20,0.09999923,4.348218e-09,4.3260056221225884e-09,6.120046032036798e-06
4_20um.csv,4,20,0.1099997,5.717785e-09,5.695572622122588e-09,8.057586991552688e-06
4_20um.csv,4,20,0.1199994,7.612223e-09,7.590010622122589e-09,1.0737668521162679e-05
4_20um.csv,4,20,0.1300005,1.025552e-08,1.0233307622122588e-08,1.4477168819918035e-05
4_20um.csv,4,20,0.1399989,1.384827e-08,1.3826057622122588e-08,1.955987034697054e-05
4_20um.csv,4,20,0.1500007,1.796031e-08,1.7938097622122588e-08,2.537721694422918e-05
4_20um.csv,4,20,0.1599984,2.392556e-08,2.390334762212259e-08,3.38163193822641e-05
4_20um.csv,4,20,0.1699989,3.177856e-08,3.175634762212259e-08,4.4926041765381026e-05
4_20um.csv,4,20,0.1799993,4.241527e-08,4.239305762212259e-08,5.997390820746986e-05
4_20um.csv,4,20,0.1899991,5.661464e-08,5.659242762212259e-08,8.006190753449888e-05
4_20um.csv,4,20,0.1999995,7.541415e-08,7.539193762212259e-08,0.0001066577737052146
4_20um.csv,4,20,0.2099992,1.000474e-07,1.0002518762212259e-07,0.0001415066937222673
4_20um.csv,4,20,0.219999,1.294357e-07,1.2941348762212258e-07,0.0001830826334028677
4_20um.csv,4,20,0.2299981,1.742771e-07,1.742548876221226e-07,0.0002465202375376314
4_20um.csv,4,20,0.2399992,2.313409e-07,2.3131868762212258e-07,0.00032724900057414067
4_20um.csv,4,20,0.2499976,2.967647e-07,2.967424876221226e-07,0.00041980474427063435
4_20um.csv,4,20,0.259998,3.821582e-07,3.8213598762212257e-07,0.0005406118343410144
4_20um.csv,4,20,0.2699998,4.797819e-07,4.797596876221226e-07,0.0006787211180558613
4_20um.csv,4,20,0.2799976,6.229022e-07,6.228799876221227e-07,0.000881194924294039
4_20um.csv,4,20,0.289998,7.588649e-07,7.588426876221226e-07,0.0010735427979039983
4_20um.csv,4,20,0.2999991,9.338096e-07,9.337873876221226e-07,0.0013210389203282534
4_20um.csv,4,20,0.3099982,1.12996e-06,1.1299377876221225e-06,0.0015985349714344977
4_20um.csv,4,20,0.3199959,1.338739e-06,1.3387167876221226e-06,0.001893896836890345
4_20um.csv,4,20,0.3300003,1.577455e-06,1.5774327876221226e-06,0.0022316108937358993
4_20um.csv,4,20,0.3399981,1.835799e-06,1.8357767876221227e-06,0.002597092890341523
4_20um.csv,4,20,0.3499985,2.09838e-06,2.0983577876221224e-06,0.0029685690157816376
4_20um.csv,4,20,0.359997,2.390758e-06,2.3907357876221226e-06,0.0033821992731267237
4_20um.csv,4,20,0.3699974,2.686288e-06,2.6862657876221225e-06,0.003800288698299593
4_20um.csv,4,20,0.3799945,2.994231e-06,2.9942087876221223e-06,0.00423593892621557
4_20um.csv,4,20,0.3899982,3.305903e-06,3.3058807876221223e-06,0.004676864609978568
4_20um.csv,4,20,0.3999967,3.629863e-06,3.629840787622122e-06,0.005135174257659016
4_20um.csv,4,20,0.4099984,3.973981e-06,3.973958787622123e-06,0.005622001641720322
4_20um.csv,4,20,0.4199962,4.305555e-06,4.305532787622123e-06,0.006091082895949229
4_20um.csv,4,20,0.4299979,4.657658e-06,4.657635787622122e-06,0.0065892067441935456
4_20um.csv,4,20,0.4399977,4.999144e-06,4.9991217876221225e-06,0.007072310609941803
4_20um.csv,4,20,0.4500001,5.366411e-06,5.366388787622123e-06,0.007591887129804302
4_20um.csv,4,20,0.4599959,5.728173e-06,5.728150787622123e-06,0.008103675667784837
4_20um.csv,4,20,0.469999,6.098339e-06,6.0983167876221225e-06,0.008627353433691988
4_20um.csv,4,20,0.4799967,6.471776e-06,6.471753787622123e-06,0.00915565871798895
4_20um.csv,4,20,0.4899992,6.836774e-06,6.836751787622123e-06,0.00967202525948811
4_20um.csv,4,20,0.4999936,7.219665e-06,7.219642787622123e-06,0.01021370521784721
4_20um.csv,4,20,0.5100027,7.612017e-06,7.611994787622123e-06,0.01076876975324269
4_20um.csv,4,20,0.5199991,7.96942e-06,7.969397787622123e-06,0.011274391567694891
4_20um.csv,4,20,0.5300002,8.363166e-06,8.363143787622123e-06,0.011831428209674104
4_20um.csv,4,20,0.5400006,8.759832e-06,8.759809787622122e-06,0.01239259580662068
4_20um.csv,4,20,0.5500017,9.154897e-06,9.154874787622122e-06,0.01295149845188823
4_20um.csv,4,20,0.5600015,9.534251e-06,9.534228787622123e-06,0.013488174578836524
4_20um.csv,4,20,0.5699999,9.938519e-06,9.938496787622123e-06,0.014060096805804296
4_20um.csv,4,20,0.5799996,1.032563e-05,1.0325607787622123e-05,0.0146077468429176
4_20um.csv,4,20,0.5899987,1.072286e-05,1.0722837787622122e-05,0.015169712336645541
4_20um.csv,4,20,0.5999998,1.115732e-05,1.1157297787622123e-05,0.015784347506207365
4_20um.csv,4,20,0.6099996,1.155948e-05,1.1559457787622123e-05,0.016353287523219243
4_20um.csv,4,20,0.620002,1.192484e-05,1.1924817787622124e-05,0.01687016618995751
4_20um.csv,4,20,0.6299978,1.234195e-05,1.2341927787622122e-05,0.017460256130518045
4_20um.csv,4,20,0.6399969,1.276455e-05,1.2764527787622122e-05,0.01805811283230147
4_20um.csv,4,20,0.649998,1.319379e-05,1.3193767787622123e-05,0.018665363212503824
4_20um.csv,4,20,0.6599997,1.359477e-05,1.3594747787622123e-05,0.0192326338710015
4_20um.csv,4,20,0.6699955,1.400892e-05,1.4008897787622123e-05,0.019818536268170463
4_20um.csv,4,20,0.6799986,1.445393e-05,1.4453907787622122e-05,0.020448096634617788
4_20um.csv,4,20,0.6900003,1.485114e-05,1.4851117787622123e-05,0.021010033834133628
4_20um.csv,4,20,0.6999994,1.5314e-05,1.531397778762212e-05,0.021664846784884863
4_20um.csv,4,20,0.7100012,1.576683e-05,1.5766807787622123e-05,0.022305470188265338
4_20um.csv,4,20,0.7199983,1.619345e-05,1.619342778762212e-05,0.02290901402668191
4_20um.csv,4,20,0.729998,1.662698e-05,1.662695778762212e-05,0.023522333515380838
4_20um.csv,4,20,0.7399985,1.709157e-05,1.709154778762212e-05,0.024179593915479178
4_20um.csv,4,20,0.7499989,1.751563e-05,1.7515607787622122e-05,0.024779516094746285
4_20um.csv,4,20,0.7599986,1.797154e-05,1.797151778762212e-05,0.025424496806790955
4_20um.csv,4,20,0.7699957,1.842432e-05,1.842429778762212e-05,0.026065049474641167
4_20um.csv,4,20,0.7799982,1.889582e-05,1.8895797787622122e-05,0.026732085525021865
4_20um.csv,4,20,0.7899979,1.938078e-05,1.9380757787622122e-05,0.027418163580149382
4_20um.csv,4,20,0.7999977,1.977505e-05,1.977502778762212e-05,0.02797594153048575
4_20um.csv,4,20,0.8100001,2.025093e-05,2.0250907787622123e-05,0.028649174013317496
4_20um.csv,4,20,0.8199979,2.072532e-05,2.0725297787622122e-05,0.0293202985773474
4_20um.csv,4,20,0.8299969,2.121476e-05,2.121473778762212e-05,0.030012714535986484
4_20um.csv,4,20,0.8399974,2.166706e-05,2.166703778762212e-05,0.030652588142746164
4_20um.csv,4,20,0.8499971,2.213415e-05,2.213412778762212e-05,0.031313385319357664
4_20um.csv,4,20,0.8600002,2.257864e-05,2.257861778762212e-05,0.031942210036290254
4_20um.csv,4,20,0.8700006,2.30758e-05,2.307577778762212e-05,0.03264554756080196
4_20um.csv,4,20,0.8799991,2.354526e-05,2.354523778762212e-05,0.03330969760154792
4_20um.csv,4,20,0.8900002,2.400153e-05,2.400150778762212e-05,0.03395518760941049
4_20um.csv,4,20,0.8999979,2.453867e-05,2.4538647787622122e-05,0.034715085263920545
4_20um.csv,4,20,0.9100004,2.502508e-05,2.5025057787622122e-05,0.03540321464942569
4_20um.csv,4,20,0.9200001,2.546829e-05,2.5468267787622122e-05,0.036030228536783546
4_20um.csv,4,20,0.9299992,2.597301e-05,2.5972987787622122e-05,0.036744261273471024
4_20um.csv,4,20,0.9399976,2.650642e-05,2.650639778762212e-05,0.03749888205742345
4_20um.csv,4,20,0.9499987,2.691903e-05,2.691900778762212e-05,0.038082605800260315
4_20um.csv,4,20,0.9599991,2.742455e-05,2.7424527787622123e-05,0.038797770305432
4_20um.csv,4,20,0.9699989,2.789983e-05,2.789980778762212e-05,0.03947015396190059
4_20um.csv,4,20,0.9799993,2.841132e-05,2.8411297787622123e-05,0.04019376428938569
4_20um.csv,4,20,0.9899971,2.887288e-05,2.8872857787622122e-05,0.04084673811635009
4_20um.csv,4,20,0.9999988,2.933068e-05,2.933065778762212e-05,0.041494392631438705
4_25um.csv,4,25,-1.0,-1.143423e-09,-1.029683469944305e-09,-1.4567041249924546e-06
4_25um.csv,4,25,-0.9900011,-1.142309e-09,-1.028569469944305e-09,-1.4551281373781934e-06
4_25um.csv,4,25,-0.9800007,-1.101077e-09,-9.873374699443048e-10,-1.3967967897020597e-06
4_25um.csv,4,25,-0.9700009,-1.06876e-09,-9.550204699443048e-10,-1.3510775870718305e-06
4_25um.csv,4,25,-0.9599999,-1.005241e-09,-8.915014699443049e-10,-1.2612165841362388e-06
4_25um.csv,4,25,-0.9500001,-1.150109e-09,-1.0363694699443048e-09,-1.4661628800992315e-06
4_25um.csv,4,25,-0.9400003,-1.14008e-09,-1.026340469944305e-09,-1.451974747439066e-06
4_25um.csv,4,25,-0.9300006,-1.137851e-09,-1.024111469944305e-09,-1.4488213574999386e-06
4_25um.csv,4,25,-0.9199995,-1.06876e-09,-9.550204699443048e-10,-1.3510775870718305e-06
4_25um.csv,4,25,-0.9100004,-1.096619e-09,-9.828794699443048e-10,-1.390490009823805e-06
4_25um.csv,4,25,-0.9000006,-1.146766e-09,-1.0330264699443048e-09,-1.461433502545843e-06
4_25um.csv,4,25,-0.8899995,-1.06876e-09,-9.550204699443048e-10,-1.3510775870718305e-06
4_25um.csv,4,25,-0.8800005,-1.060959e-09,-9.472194699443048e-10,-1.3400414296401872e-06
4_25um.csv,4,25,-0.8700007,-1.097734e-09,-9.839944699443048e-10,-1.3920674121486711e-06
4_25um.csv,4,25,-0.8600003,-1.034214e-09,-9.204744699443048e-10,-1.302204994502474e-06
4_25um.csv,4,25,-0.8499998,-1.025299e-09,-9.115594699443049e-10,-1.2895928494565697e-06
4_25um.csv,4,25,-0.8400001,-1.143423e-09,-1.029683469944305e-09,-1.4567041249924546e-06
4_25um.csv,4,25,-0.8299997,-1.024185e-09,-9.104454699443049e-10,-1.2880168618423087e-06
4_25um.csv,4,25,-0.8199992,-1.0331e-09,-9.193604699443049e-10,-1.300629006888213e-06
4_25um.csv,4,25,-0.8100001,-1.008584e-09,-8.948444699443049e-10,-1.2659459616896273e-06
4_25um.csv,4,25,-0.7999997,-1.0331e-09,-9.193604699443049e-10,-1.300629006888213e-06
4_25um.csv,4,25,-0.79,-1.019728e-09,-9.059884699443048e-10,-1.281711496674659e-06
4_25um.csv,4,25,-0.7800009,-1.031986e-09,-9.182464699443049e-10,-1.299053019273952e-06
4_25um.csv,4,25,-0.7699998,-1.036443e-09,-9.227034699443048e-10,-1.3053583844416013e-06
4_25um.csv,4,25,-0.76,-9.974401e-10,-8.837005699443049e-10,-1.250180568175656e-06
4_25um.csv,4,25,-0.7500003,-9.94097e-10,-8.803574699443048e-10,-1.2454510491512068e-06
4_25um.csv,4,25,-0.7400005,-1.047587e-09,-9.338474699443048e-10,-1.3211239194266333e-06
4_25um.csv,4,25,-0.7300007,-9.595513e-10,-8.458117699443049e-10,-1.196578880995032e-06
4_25um.csv,4,25,-0.7200003,-9.907538e-10,-8.770142699443049e-10,-1.2407213886556974e-06
4_25um.csv,4,25,-0.7099986,-9.640088e-10,-8.50269269944305e-10,-1.2028849535179843e-06
4_25um.csv,4,25,-0.7000001,-9.662376e-10,-8.524980699443049e-10,-1.2060380605149905e-06
4_25um.csv,4,25,-0.6899997,-9.729238e-10,-8.591842699443048e-10,-1.2154970985638884e-06
4_25um.csv,4,25,-0.6799993,-9.539795e-10,-8.40239969944305e-10,-1.188696396444637e-06
4_25um.csv,4,25,-0.6699995,-9.740382e-10,-8.602986699443048e-10,-1.2170736520623915e-06
4_25um.csv,4,25,-0.6600004,-9.640088e-10,-8.50269269944305e-10,-1.2028849535179843e-06
4_25um.csv,4,25,-0.65,-9.550938e-10,-8.413542699443049e-10,-1.1902728084720797e-06
4_25um.csv,4,25,-0.6400002,-9.172051e-10,-8.034655699443048e-10,-1.136671262762516e-06
4_25um.csv,4,25,-0.6300005,-9.472932e-10,-8.335536699443048e-10,-1.1792372169246783e-06
4_25um.csv,4,25,-0.6200001,-9.094044e-10,-7.956648699443049e-10,-1.1256355297440544e-06
4_25um.csv,4,25,-0.6100003,-8.915744e-10,-7.778348699443049e-10,-1.1004112396522455e-06
4_25um.csv,4,25,-0.6000005,-9.383782e-10,-8.246386699443049e-10,-1.166625071878774e-06
4_25um.csv,4,25,-0.5900001,-8.748588e-10,-7.611192699443049e-10,-1.07676350305894e-06
4_25um.csv,4,25,-0.5799997,-8.726301e-10,-7.588905699443049e-10,-1.0736105375329942e-06
4_25um.csv,4,25,-0.5699999,-8.826594e-10,-7.689198699443049e-10,-1.0877990946063412e-06
4_25um.csv,4,25,-0.5600002,-8.982607e-10,-7.845211699443048e-10,-1.109870419172204e-06
4_25um.csv,4,25,-0.5499997,-8.336269e-10,-7.198873699443048e-10,-1.0184322968538667e-06
4_25um.csv,4,25,-0.5400007,-8.425419e-10,-7.288023699443048e-10,-1.0310444418997712e-06
4_25um.csv,4,25,-0.5300002,-8.559144e-10,-7.421748699443048e-10,-1.0499626594686278e-06
4_25um.csv,4,25,-0.5200005,-8.391988e-10,-7.254592699443048e-10,-1.0263149228753223e-06
4_25um.csv,4,25,-0.5099994,-7.912807e-10,-6.775411699443049e-10,-9.585246786213511e-07
4_25um.csv,4,25,-0.5000003,-8.001957e-10,-6.864561699443048e-10,-9.711368236672555e-07
4_25um.csv,4,25,-0.4899999,-7.03245e-10,-5.895054699443048e-10,-8.339796401897496e-07
4_25um.csv,4,25,-0.4800001,-7.801369e-10,-6.663973699443049e-10,-9.427594265784404e-07
4_25um.csv,4,25,-0.4700003,-7.556207e-10,-6.418811699443049e-10,-9.080760984377335e-07
4_25um.csv,4,25,-0.4599999,-7.868232e-10,-6.730836699443048e-10,-9.522186060983989e-07
4_25um.csv,4,25,-0.4500008,-7.701075e-10,-6.563679699443048e-10,-9.285707280340327e-07
4_25um.csv,4,25,-0.4400004,-7.344475e-10,-6.207079699443049e-10,-8.781221478504151e-07
4_25um.csv,4,25,-0.4299993,-7.689932e-10,-6.552536699443049e-10,-9.269943160065901e-07
4_25um.csv,4,25,-0.4200002,-7.38905e-10,-6.251654699443049e-10,-8.844282203733674e-07
4_25um.csv,4,25,-0.4099991,-7.311044e-10,-6.173648699443049e-10,-8.733926288259661e-07
4_25um.csv,4,25,-0.3999994,-7.623069e-10,-6.485673699443048e-10,-9.175351364866315e-07
4_25um.csv,4,25,-0.3899996,-7.1216e-10,-5.984204699443049e-10,-8.465917852356541e-07
4_25um.csv,4,25,-0.3800005,-6.575557e-10,-5.438161699443049e-10,-7.69342502932785e-07
4_25um.csv,4,25,-0.3700001,-6.263531e-10,-5.126135699443048e-10,-7.251998538010589e-07
4_25um.csv,4,25,-0.360001,-6.486407e-10,-5.349011699443048e-10,-7.567303578868804e-07
4_25um.csv,4,25,-0.3499999,-6.452975e-10,-5.315579699443048e-10,-7.520006973913709e-07
4_25um.csv,4,25,-0.3400002,-6.776144e-10,-5.638748699443048e-10,-7.977197585505395e-07
4_25um.csv,4,25,-0.3300004,-6.542125e-10,-5.404729699443049e-10,-7.646128424372754e-07
4_25um.csv,4,25,-0.32,-6.308106e-10,-5.170710699443049e-10,-7.315059263240112e-07
4_25um.csv,4,25,-0.3099995,-6.486407e-10,-5.349011699443048e-10,-7.567303578868804e-07
4_25um.csv,4,25,-0.3000004,-6.519838e-10,-5.382442699443049e-10,-7.614598769113296e-07
4_25um.csv,4,25,-0.29,-5.884644e-10,-4.747248699443049e-10,-6.715983080914955e-07
4_25um.csv,4,25,-0.2800003,-5.940363e-10,-4.802967699443049e-10,-6.794809341129509e-07
4_25um.csv,4,25,-0.2699998,-6.0518e-10,-4.914404699443048e-10,-6.95246044684801e-07
4_25um.csv,4,25,-0.2600001,-6.0518e-10,-4.914404699443048e-10,-6.95246044684801e-07
4_25um.csv,4,25,-0.2500003,-5.60605e-10,-4.468654699443049e-10,-6.321853194552791e-07
4_25um.csv,4,25,-0.2399999,-5.3386e-10,-4.201204699443048e-10,-5.943488843175657e-07
4_25um.csv,4,25,-0.2300001,-5.840069e-10,-4.702673699443048e-10,-6.652922355685432e-07
4_25um.csv,4,25,-0.2199997,-5.773206e-10,-4.6358106994430487e-10,-6.558330560485846e-07
4_25um.csv,4,25,-0.2100013,-5.1603e-10,-4.022904699443049e-10,-5.69124594225757e-07
4_25um.csv,4,25,-0.2000002,-5.360888e-10,-4.2234926994430484e-10,-5.975019913145721e-07
4_25um.csv,4,25,-0.1899998,-5.282881e-10,-4.145485699443048e-10,-5.864662582961103e-07
4_25um.csv,4,25,-0.1800007,-4.903994e-10,-3.7665986994430485e-10,-5.328647125865469e-07
4_25um.csv,4,25,-0.1700003,-5.104581e-10,-3.967185699443049e-10,-5.612419682043016e-07
4_25um.csv,4,25,-0.1599998,-4.982e-10,-3.8446046994430485e-10,-5.439003041339481e-07
4_25um.csv,4,25,-0.1500007,-4.681119e-10,-3.543723699443049e-10,-5.013343499717859e-07
4_25um.csv,4,25,-0.1399996,-4.736837e-10,-3.5994416994430486e-10,-5.092168345221807e-07
4_25um.csv,4,25,-0.1299999,-4.480531e-10,-3.3431356994430493e-10,-4.729569528829708e-07
4_25um.csv,4,25,-0.1200008,-4.135075e-10,-2.9976796994430484e-10,-4.2408492619785615e-07
4_25um.csv,4,25,-0.1099997,-4.324519e-10,-3.1871236994430483e-10,-4.5088576978816817e-07
4_25um.csv,4,25,-0.09999994,-4.313375e-10,-3.1759796994430487e-10,-4.4930921628966505e-07
4_25um.csv,4,25,-0.09000085,-4.692262e-10,-3.5548666994430483e-10,-5.029107619992284e-07
4_25um.csv,4,25,-0.07999976,-4.346806e-10,-3.2094106994430483e-10,-4.54038735314114e-07
4_25um.csv,4,25,-0.07000067,-3.522169e-10,-2.3847736994430485e-10,-3.3737646437502845e-07
4_25um.csv,4,25,-0.06000024,-4.235369e-10,-3.0979736994430487e-10,-4.382736247422638e-07
4_25um.csv,4,25,-0.04999982,-4.00135e-10,-2.8639546994430484e-10,-4.051667086289995e-07
4_25um.csv,4,25,-0.04000006,-2.586093e-10,-1.4486976994430487e-10,-2.049487999219716e-07
4_25um.csv,4,25,-0.0300003,-2.062337e-10,-9.24941699443049e-11,-1.3085248314504835e-07
4_25um.csv,4,25,-0.02000054,-2.764393e-10,-1.626997699443049e-10,-2.3017309001378047e-07
4_25um.csv,4,25,-0.009999447,-2.318643e-10,-1.1812476994430487e-10,-1.6711236478425837e-07
4_25um.csv,4,25,-3.555944e-07,-1.137406e-10,-1.0699443048797447e-15,-1.5136615551522955e-12
4_25um.csv,4,25,0.009999403,-8.365243e-11,3.008710005569512e-11,4.256453953034948e-08
4_25um.csv,4,25,0.0200005,9.799072e-11,2.1173025005569513e-10,2.995370302084171e-07
4_25um.csv,4,25,0.03000025,3.576401e-10,4.713796300556951e-10,6.668657617439361e-07
4_25um.csv,4,25,0.04000068,6.005739e-10,7.143134300556952e-10,1.0105467849803618e-06
4_25um.csv,4,25,0.05000044,8.379358e-10,9.516753300556952e-10,1.3463451821953319e-06
4_25um.csv,4,25,0.05999886,1.193422e-09,1.3071615300556952e-09,1.8492552793593684e-06
4_25um.csv,4,25,0.07000129,1.805214e-09,1.918953530055695e-09,2.714763909973384e-06
4_25um.csv,4,25,0.07999971,2.643224e-09,2.756963530055695e-09,3.900305544288399e-06
4_25um.csv,4,25,0.09000014,3.727511e-09,3.841250530055695e-09,5.434257862335349e-06
4_25um.csv,4,25,0.0999999,5.25309e-09,5.366829530055695e-09,7.592510652799265e-06
4_25um.csv,4,25,0.109999,7.326943e-09,7.440682530055695e-09,1.0526412485652211e-05
4_25um.csv,4,25,0.1200001,1.014408e-08,1.0257819530055696e-08,1.451184607602619e-05
4_25um.csv,4,25,0.1300005,1.441103e-08,1.4524769530055696e-08,2.054834549314586e-05
4_25um.csv,4,25,0.1400003,1.933879e-08,1.9452529530055696e-08,2.751969982532824e-05
4_25um.csv,4,25,0.15,2.668921e-08,2.6802949530055694e-08,3.791841695245294e-05
4_25um.csv,4,25,0.1599998,3.523535e-08,3.5349089530055695e-08,5.000873184450068e-05
4_25um.csv,4,25,0.1700009,5.078312e-08,5.089685953005569e-08,7.200432695166402e-05
4_25um.csv,4,25,0.1799993,6.398623e-08,6.40999695300557e-08,9.068290669109545e-05
4_25um.csv,4,25,0.1899997,8.278574e-08,8.289947953005569e-08,0.00011727877286181114
4_25um.csv,4,25,0.1999988,1.05626e-07,1.057397395300557e-07,0.0001495911309107364
4_25um.csv,4,25,0.2099992,1.34953e-07,1.350667395300557e-07,0.00019108034883123432
4_25um.csv,4,25,0.2199997,1.758728e-07,1.759865395300557e-07,0.0002489700238564053
4_25um.csv,4,25,0.2299988,2.258615e-07,2.259752395300557e-07,0.00031968956788963046
4_25um.csv,4,25,0.2399992,2.89109e-07,2.8922273953005567e-07,0.00040916647689589396
4_25um.csv,4,25,0.2499996,3.634534e-07,3.6356713953005566e-07,0.0005143422880176815
4_25um.csv,4,25,0.2599987,4.595694e-07,4.596831395300557e-07,0.0006503186125529759
4_25um.csv,4,25,0.2700011,5.705489e-07,5.706626395300557e-07,0.0008073224881695714
4_25um.csv,4,25,0.2799996,6.956642e-07,6.957779395300557e-07,0.0009843244299600194
4_25um.csv,4,25,0.2900006,8.408417e-07,8.409554395300558e-07,0.0011897085788553407
4_25um.csv,4,25,0.2999984,1.016007e-06,1.0161207395300557e-06,0.0014375167864391163
4_25um.csv,4,25,0.3099995,1.1949e-06,1.1950137395300556e-06,0.0016905986107461244
4_25um.csv,4,25,0.3199993,1.406837e-06,1.4069507395300556e-06,0.0019904281322933866
4_25um.csv,4,25,0.329997,1.628673e-06,1.6287867395300557e-06,0.0023042618741221307
4_25um.csv,4,25,0.3400008,1.865018e-06,1.8651317395300556e-06,0.0026386216521226105
4_25um.csv,4,25,0.3499979,2.113503e-06,2.1136167395300557e-06,0.002990156016870963
4_25um.csv,4,25,0.3600003,2.380381e-06,2.3804947395300554e-06,0.0033677111537818855
4_25um.csv,4,25,0.3700014,2.643853e-06,2.6439667395300556e-06,0.0037404477863712884
4_25um.csv,4,25,0.3799985,2.93675e-06,2.9368637395300555e-06,0.004154812278520505
4_25um.csv,4,25,0.3899996,3.231247e-06,3.2313607395300555e-06,0.004571440307638139
4_25um.csv,4,25,0.4,3.528615e-06,3.528728739530056e-06,0.00499212997090348
4_25um.csv,4,25,0.4100004,3.853152e-06,3.853265739530056e-06,0.0054512559066031635
4_25um.csv,4,25,0.4199968,4.16413e-06,4.164243739530056e-06,0.005891199781206109
4_25um.csv,4,25,0.4299993,4.501024e-06,4.501137739530055e-06,0.006367807295855006
4_25um.csv,4,25,0.439999,4.83138e-06,4.831493739530056e-06,0.006835165432566706
4_25um.csv,4,25,0.4500001,5.167417e-06,5.167530739530055e-06,0.007310560540226894
4_25um.csv,4,25,0.4599992,5.524815e-06,5.524928739530056e-06,0.00781617528112607
4_25um.csv,4,25,0.4700003,5.882719e-06,5.8828327395300555e-06,0.008322505865591507
4_25um.csv,4,25,0.4800021,6.231187e-06,6.231300739530056e-06,0.008815487240785699
4_25um.csv,4,25,0.4899992,6.601991e-06,6.602104739530056e-06,0.009340067592059006
4_25um.csv,4,25,0.4999989,6.957357e-06,6.957470739530056e-06,0.009842807641008292
4_25um.csv,4,25,0.51,7.306141e-06,7.3062547395300555e-06,0.010336236064753744
4_25um.csv,4,25,0.5199991,7.712372e-06,7.712485739530055e-06,0.010910935368639643
4_25um.csv,4,25,0.5299969,8.088594e-06,8.088707739530055e-06,0.011443180621972257
4_25um.csv,4,25,0.5399993,8.464392e-06,8.464505739530055e-06,0.011974826038008242
4_25um.csv,4,25,0.549999,8.86496e-06,8.865073739530055e-06,0.012541513835736547
4_25um.csv,4,25,0.5600015,9.230824e-06,9.230937739530056e-06,0.013059105516619865
4_25um.csv,4,25,0.5699986,9.608098e-06,9.608211739530056e-06,0.013592839045509212
4_25um.csv,4,25,0.579999,1.004469e-05,1.0044803739530055e-05,0.014210490378081449
4_25um.csv,4,25,0.5899981,1.041937e-05,1.0419483739530056e-05,0.014740554147660751
4_25um.csv,4,25,0.6000025,1.086777e-05,1.0867883739530056e-05,0.015374910383059916
4_25um.csv,4,25,0.6100009,1.126186e-05,1.1261973739530056e-05,0.015932433685487336
4_25um.csv,4,25,0.619998,1.16452e-05,1.1645313739530056e-05,0.016474748848908198
4_25um.csv,4,25,0.6299978,1.205244e-05,1.2052553739530055e-05,0.017050875595794806
4_25um.csv,4,25,0.6400002,1.24784e-05,1.2478513739530056e-05,0.017653485725211908
4_25um.csv,4,25,0.6500006,1.289694e-05,1.2897053739530055e-05,0.018245598701937968
4_25um.csv,4,25,0.6599997,1.332282e-05,1.3322933739530056e-05,0.01884809565450665
4_25um.csv,4,25,0.6699981,1.372364e-05,1.3723753739530055e-05,0.01941513995930748
4_25um.csv,4,25,0.6799999,1.414344e-05,1.4143553739530056e-05,0.02000903547139617
4_25um.csv,4,25,0.6900017,1.457679e-05,1.4576903739530056e-05,0.02062210031218615
4_25um.csv,4,25,0.7000001,1.506816e-05,1.5068273739530055e-05,0.02131724666229339
4_25um.csv,4,25,0.7099985,1.545279e-05,1.5452903739530057e-05,0.021861386802395043
4_25um.csv,4,25,0.7199996,1.594245e-05,1.5942563739530054e-05,0.022554113997367283
4_25um.csv,4,25,0.7299987,1.642506e-05,1.6425173739530056e-05,0.023236867482572438
4_25um.csv,4,25,0.7400018,1.686802e-05,1.6868133739530055e-05,0.02386352769227898
4_25um.csv,4,25,0.7499995,1.736833e-05,1.7368443739530055e-05,0.024571321555197256
4_25um.csv,4,25,0.7599993,1.784881e-05,1.7848923739530057e-05,0.025251061706813203
4_25um.csv,4,25,0.7699991,1.831004e-05,1.8310153739530054e-05,0.025903568679277865
4_25um.csv,4,25,0.7800015,1.874792e-05,1.8748033739530054e-05,0.026523042159109677
4_25um.csv,4,25,0.7899999,1.918685e-05,1.9186963739530056e-05,0.02714400108507702
4_25um.csv,4,25,0.800001,1.967806e-05,1.9678173739530057e-05,0.02783892108148742
4_25um.csv,4,25,0.8100021,2.01717e-05,2.0171813739530054e-05,0.0285372788246686
4_25um.csv,4,25,0.8199985,2.064685e-05,2.0646963739530056e-05,0.029209478568758506
4_25um.csv,4,25,0.8300003,2.114451e-05,2.1144623739530057e-05,0.02991352344857284
4_25um.csv,4,25,0.8399994,2.162839e-05,2.1628503739530056e-05,0.030598073616246675
4_25um.csv,4,25,0.8499978,2.205976e-05,2.2059873739530055e-05,0.031208337330038236
4_25um.csv,4,25,0.8599989,2.249256e-05,2.2492673739530055e-05,0.03182062407999532
4_25um.csv,4,25,0.8699973,2.298576e-05,2.2985873739530056e-05,0.032518359350510194
4_25um.csv,4,25,0.8800017,2.349248e-05,2.3492593739530057e-05,0.03323522150840819
4_25um.csv,4,25,0.8900002,2.397804e-05,2.3978153739530055e-05,0.03392214838989886
4_25um.csv,4,25,0.8999973,2.456858e-05,2.4568693739530055e-05,0.034757591590729865
4_25um.csv,4,25,0.909997,2.515508e-05,2.5155193739530057e-05,0.035587319360715616
4_25um.csv,4,25,0.9200014,2.56743e-05,2.5674413739530055e-05,0.03632186540117938
4_25um.csv,4,25,0.9299979,2.615915e-05,2.6159263739530054e-05,0.03700778783814032
4_25um.csv,4,25,0.940003,2.671932e-05,2.6719433739530057e-05,0.037800266277889544
4_25um.csv,4,25,0.9500007,2.723516e-05,2.7235273739530056e-05,0.038530030596507524
4_25um.csv,4,25,0.9600025,2.771279e-05,2.7712903739530055e-05,0.039205738822898475
4_25um.csv,4,25,0.9700009,2.82681e-05,2.8268213739530057e-05,0.039991341769106126
4_25um.csv,4,25,0.9800013,2.877642e-05,2.8776533739530055e-05,0.04071046746397254
4_25um.csv,4,25,0.9899951,2.933832e-05,2.9338433739530057e-05,0.04150539335306887
4_25um.csv,4,25,1.0,2.993015e-05,2.9930263739530056e-05,0.04234266153058065
4_30um.csv,4,30,-0.9999996,-2.915659e-08,-2.996349976448731e-08,-4.2389680887564406e-05
4_30um.csv,4,30,-0.9899998,-2.887799e-08,-2.9684899764487305e-08,-4.1995542512938605e-05
4_30um.csv,4,30,-0.98,-2.864175e-08,-2.9448659764487305e-08,-4.1661331279551676e-05
4_30um.csv,4,30,-0.9700009,-2.828737e-08,-2.9094279764487305e-08,-4.115998613525918e-05
4_30um.csv,4,30,-0.9599999,-2.797201e-08,-2.8778919764487307e-08,-4.071384299878399e-05
4_30um.csv,4,30,-0.9500001,-2.777253e-08,-2.8579439764487305e-08,-4.043163652724646e-05
4_30um.csv,4,30,-0.9400003,-2.732344e-08,-2.8130349764487307e-08,-3.9796304141529666e-05
4_30um.csv,4,30,-0.9299999,-2.721869e-08,-2.8025599764487307e-08,-3.964811320562855e-05
4_30um.csv,4,30,-0.9200002,-2.701253e-08,-2.7819439764487307e-08,-3.935645646724788e-05
4_30um.csv,4,30,-0.9100004,-2.664701e-08,-2.7453919764487306e-08,-3.883935144681277e-05
4_30um.csv,4,30,-0.9000006,-2.641299e-08,-2.7219899764487306e-08,-3.8508280870969526e-05
4_30um.csv,4,30,-0.8899995,-2.622355e-08,-2.7030459764487305e-08,-3.824027809390882e-05
4_30um.csv,4,30,-0.8800005,-2.587252e-08,-2.6679429764487305e-08,-3.7743672230143954e-05
4_30um.csv,4,30,-0.8700007,-2.553821e-08,-2.6345119764487307e-08,-3.727072032769905e-05
4_30um.csv,4,30,-0.8600003,-2.534542e-08,-2.6152329764487307e-08,-3.699797827011073e-05
4_30um.csv,4,30,-0.8500012,-2.491193e-08,-2.5718839764487305e-08,-3.638471536983601e-05
4_30um.csv,4,30,-0.8400001,-2.483058e-08,-2.5637489764487307e-08,-3.626962866209801e-05
4_30um.csv,4,30,-0.8300003,-2.45063e-08,-2.5313209764487307e-08,-3.5810866307023876e-05
4_30um.csv,4,30,-0.8200006,-2.424331e-08,-2.5050219764487306e-08,-3.543881156494621e-05
4_30um.csv,4,30,-0.8099995,-2.401486e-08,-2.4821769764487305e-08,-3.511562092717426e-05
4_30um.csv,4,30,-0.8000004,-2.36694e-08,-2.4476309764487306e-08,-3.46268950014807e-05
4_30um.csv,4,30,-0.7899993,-2.34209e-08,-2.4227809764487306e-08,-3.4275339416073263e-05
4_30um.csv,4,30,-0.7800002,-2.314119e-08,-2.3948099764487306e-08,-3.387963071267563e-05
4_30um.csv,4,30,-0.7699998,-2.290048e-08,-2.3707389764487307e-08,-3.3539095722883184e-05
4_30um.csv,4,30,-0.7599993,-2.259515e-08,-2.3402059764487306e-08,-3.310714213377875e-05
4_30um.csv,4,30,-0.7499996,-2.237116e-08,-2.3178069764487306e-08,-3.279026110530628e-05
4_30um.csv,4,30,-0.7399998,-2.20413e-08,-2.2848209764487308e-08,-3.232360466505479e-05
4_30um.csv,4,30,-0.7300001,-2.18552e-08,-2.2662109764487307e-08,-3.2060327021415665e-05
4_30um.csv,4,30,-0.7200003,-2.148634e-08,-2.2293249764487307e-08,-3.153849686755898e-05
4_30um.csv,4,30,-0.7099986,-2.136153e-08,-2.2168439764487305e-08,-3.136192683691632e-05
4_30um.csv,4,30,-0.7000008,-2.103279e-08,-2.1839699764487306e-08,-3.0896854872542727e-05
4_30um.csv,4,30,-0.6899997,-2.076868e-08,-2.1575589764487306e-08,-3.0523215654587164e-05
4_30um.csv,4,30,-0.6799999,-2.051349e-08,-2.1320399764487307e-08,-3.0162195655230536e-05
4_30um.csv,4,30,-0.6700002,-2.013906e-08,-2.0945969764487305e-08,-2.9632485563302548e-05
4_30um.csv,4,30,-0.6600004,-2.00254e-08,-2.0832309764487307e-08,-2.947168955590855e-05
4_30um.csv,4,30,-0.6499993,-1.976129e-08,-2.0568199764487307e-08,-2.909805033795299e-05
4_30um.csv,4,30,-0.6399996,-1.951056e-08,-2.0317469764487307e-08,-2.8743339947895828e-05
4_30um.csv,4,30,-0.6299998,-1.923308e-08,-2.0039989764487306e-08,-2.8350786049147926e-05
4_30um.csv,4,30,-0.6200007,-1.8979e-08,-1.9785909764487307e-08,-2.7991336378563137e-05
4_30um.csv,4,30,-0.6100003,-1.864246e-08,-1.9449369764487306e-08,-2.75152296714685e-05
4_30um.csv,4,30,-0.5999992,-1.849647e-08,-1.9303379764487306e-08,-2.7308696070206404e-05
4_30um.csv,4,30,-0.5899995,-1.820116e-08,-1.9008069764487306e-08,-2.6890917881366693e-05
4_30um.csv,4,30,-0.5799997,-1.790028e-08,-1.8707189764487308e-08,-2.646525975445568e-05
4_30um.csv,4,30,-0.5700006,-1.769524e-08,-1.8502149764487307e-08,-2.61751874919529e-05
4_30um.csv,4,30,-0.5600015,-1.742333e-08,-1.8230239764487305e-08,-2.5790513531276302e-05
4_30um.csv,4,30,-0.5499991,-1.726843e-08,-1.8075339764487307e-08,-2.557137485852133e-05
4_30um.csv,4,30,-0.5400007,-1.696421e-08,-1.7771119764487306e-08,-2.514099159818874e-05
4_30um.csv,4,30,-0.5300009,-1.666333e-08,-1.7470239764487307e-08,-2.471533347127772e-05
4_30um.csv,4,30,-0.5200005,-1.653629e-08,-1.7343199764487306e-08,-2.4535608635985325e-05
4_30um.csv,4,30,-0.5100007,-1.618972e-08,-1.6996629764487308e-08,-2.4045312381519924e-05
4_30um.csv,4,30,-0.500001,-1.588884e-08,-1.6695749764487306e-08,-2.3619654254608903e-05
4_30um.csv,4,30,-0.4899999,-1.572837e-08,-1.6535279764487305e-08,-2.3392635643782624e-05
4_30um.csv,4,30,-0.4800001,-1.533053e-08,-1.6137439764487305e-08,-2.282980717658547e-05
4_30um.csv,4,30,-0.4700003,-1.51344e-08,-1.5941309764487306e-08,-2.2552339985575575e-05
4_30um.csv,4,30,-0.4600006,-1.49093e-08,-1.5716209764487307e-08,-2.2233888628331257e-05
4_30um.csv,4,30,-0.4500002,-1.462068e-08,-1.5427589764487306e-08,-2.1825574853440743e-05
4_30um.csv,4,30,-0.4399997,-1.442455e-08,-1.5231459764487307e-08,-2.1548107662430848e-05
4_30um.csv,4,30,-0.4300006,-1.40646e-08,-1.4871509764487307e-08,-2.1038882580067045e-05
4_30um.csv,4,30,-0.4200009,-1.386513e-08,-1.4672039764487307e-08,-2.0756690255635577e-05
4_30um.csv,4,30,-0.4100005,-1.365674e-08,-1.4463649764487305e-08,-2.0461878712605174e-05
4_30um.csv,4,30,-0.3999994,-1.337592e-08,-1.4182829764487306e-08,-2.0064599680435697e-05
4_30um.csv,4,30,-0.3900009,-1.307727e-08,-1.3884179764487306e-08,-1.9642096358174413e-05
4_30um.csv,4,30,-0.3800005,-1.289674e-08,-1.3703649764487306e-08,-1.9386698652606593e-05
4_30um.csv,4,30,-0.3699994,-1.263152e-08,-1.3438429764487306e-08,-1.9011489105879192e-05
4_30um.csv,4,30,-0.3599997,-1.23663e-08,-1.3173209764487306e-08,-1.863627955915179e-05
4_30um.csv,4,30,-0.3500006,-1.212113e-08,-1.2928039764487306e-08,-1.8289434960059883e-05
4_30um.csv,4,30,-0.3400002,-1.18782e-08,-1.2685109764487306e-08,-1.7945759312723756e-05
4_30um.csv,4,30,-0.3299997,-1.165867e-08,-1.2465579764487306e-08,-1.7635187893550744e-05
4_30um.csv,4,30,-0.32,-1.126195e-08,-1.2068859764487307e-08,-1.7073943902231486e-05
4_30um.csv,4,30,-0.3100009,-1.107473e-08,-1.1881639764487306e-08,-1.6809081782714465e-05
4_30um.csv,4,30,-0.2999998,-1.07928e-08,-1.1599709764487306e-08,-1.641023242177315e-05
4_30um.csv,4,30,-0.29,-1.066353e-08,-1.1470439764487306e-08,-1.6227352781831023e-05
4_30um.csv,4,30,-0.2800003,-1.035262e-08,-1.1159529764487306e-08,-1.5787505107549235e-05
4_30um.csv,4,30,-0.2699992,-1.0103e-08,-1.0909909764487306e-08,-1.543436504626391e-05
4_30um.csv,4,30,-0.2600007,-9.854494e-09,-1.0661403764487307e-08,-1.508280097259285e-05
4_30um.csv,4,30,-0.2499997,-9.617132e-09,-1.0424041764487306e-08,-1.4747002433906818e-05
4_30um.csv,4,30,-0.2400006,-9.42546e-09,-1.0232369764487306e-08,-1.4475842022775175e-05
4_30um.csv,4,30,-0.2300008,-9.088918e-09,-9.895827764487306e-09,-1.3999732486259331e-05
4_30um.csv,4,30,-0.2199997,-8.882759e-09,-9.689668764487306e-09,-1.3708077162589269e-05
4_30um.csv,4,30,-0.2100006,-8.569619e-09,-9.376528764487305e-09,-1.3265074683657746e-05
4_30um.csv,4,30,-0.2000002,-8.284339e-09,-9.091248764487307e-09,-1.2861486042188807e-05
4_30um.csv,4,30,-0.1900011,-8.043634e-09,-8.850543764487306e-09,-1.2520958125949387e-05
4_30um.csv,4,30,-0.1800007,-7.73941e-09,-8.546319764487307e-09,-1.2090569206774377e-05
4_30um.csv,4,30,-0.1699996,-7.493133e-09,-8.300042764487307e-09,-1.1742158523042441e-05
4_30um.csv,4,30,-0.1599998,-7.252428e-09,-8.059337764487306e-09,-1.140163060680302e-05
4_30um.csv,4,30,-0.1499994,-7.104216e-09,-7.911125764487306e-09,-1.1191953518576034e-05
4_30um.csv,4,30,-0.1400003,-6.709727e-09,-7.516636764487307e-09,-1.0633865746617114e-05
4_30um.csv,4,30,-0.1299999,-6.518055e-09,-7.324964764487306e-09,-1.0362705335485471e-05
4_30um.csv,4,30,-0.1200001,-6.232775e-09,-7.039684764487306e-09,-9.95911669401653e-06
4_30um.csv,4,30,-0.1100004,-5.799283e-09,-6.6061927644873066e-09,-9.345850964320603e-06
4_30um.csv,4,30,-0.09999994,-5.636584e-09,-6.443493764487307e-09,-9.115678963555197e-06
4_30um.csv,4,30,-0.09000085,-5.239866e-09,-6.046775764487307e-09,-8.554437801657147e-06
4_30um.csv,4,30,-0.08000042,-4.872123e-09,-5.679032764487306e-09,-8.034187879546544e-06
4_30um.csv,4,30,-0.07000067,-4.57347e-09,-5.380379764487306e-09,-7.611680313153442e-06
4_30um.csv,4,30,-0.06000091,-4.132177e-09,-4.9390867644873065e-09,-6.9873784260258714e-06
4_30um.csv,4,30,-0.04999982,-3.639624e-09,-4.446533764487307e-09,-6.290558473272607e-06
4_30um.csv,4,30,-0.04000006,-3.042319e-09,-3.849228764487307e-09,-5.445544755197012e-06
4_30um.csv,4,30,-0.0300003,-2.360321e-09,-3.1672307644873065e-09,-4.48071495183002e-06
4_30um.csv,4,30,-0.01999987,-1.553513e-09,-2.3604227644873066e-09,-3.339315117820369e-06
4_30um.csv,4,30,-0.01000011,-4.970856e-10,-1.3039953644873066e-09,-1.844776071351756e-06
4_30um.csv,4,30,-1.022334e-06,8.067333e-10,-1.7646448730659443e-13,-2.496461816446357e-10
4_30um.csv,4,30,0.009999403,2.532901e-09,1.7259912355126935e-09,2.441778105467847e-06
4_30um.csv,4,30,0.0200005,4.720419e-09,3.913509235512694e-09,5.536483019267817e-06
4_30um.csv,4,30,0.02999959,7.730346e-09,6.923436235512694e-09,9.79465866723012e-06
4_30um.csv,4,30,0.04000001,1.133981e-08,1.0532900235512694e-08,1.4901005667338964e-05
4_30um.csv,4,30,0.04999977,1.637455e-08,1.5567640235512695e-08,2.20237057400722e-05
4_30um.csv,4,30,0.05999953,2.29906e-08,2.2183690235512693e-08,3.1383501840011164e-05
4_30um.csv,4,30,0.06999929,3.110214e-08,3.0295230235512695e-08,4.285898350301234e-05
4_30um.csv,4,30,0.08000038,4.173773e-08,4.0930820235512693e-08,5.790526546922328e-05
4_30um.csv,4,30,0.09000014,5.582455e-08,5.5017640235512695e-08,7.783403911763016e-05
4_30um.csv,4,30,0.1000006,7.188047e-08,7.107356023551269e-08,0.00010054851941885702
4_30um.csv,4,30,0.1099997,9.391612e-08,9.310921023551269e-08,0.00013172258716768302
4_30um.csv,4,30,0.1200001,1.206411e-07,1.1983419023551268e-07,0.0001695306997990789
4_30um.csv,4,30,0.1299998,1.520497e-07,1.512427902355127e-07,0.00021396477931548871
4_30um.csv,4,30,0.1399989,1.881588e-07,1.873518902355127e-07,0.0002650487060319292
4_30um.csv,4,30,0.1499994,2.367188e-07,2.359118902355127e-07,0.00033374705302341754
4_30um.csv,4,30,0.1600004,2.833432e-07,2.825362902355127e-07,0.00039970708616736216
4_30um.csv,4,30,0.1700002,3.410946e-07,3.402876902355127e-07,0.0004814086042160491
4_30um.csv,4,30,0.1800006,4.04439e-07,4.036320902355127e-07,0.0005710225986799625
4_30um.csv,4,30,0.1900011,4.774573e-07,4.766503902355127e-07,0.000674322362068113
4_30um.csv,4,30,0.1999995,5.527757e-07,5.519687902355127e-07,0.0007808761013194251
4_30um.csv,4,30,0.2100006,6.380588e-07,6.372518902355127e-07,0.0009015270073389844
4_30um.csv,4,30,0.2200017,7.315638e-07,7.307568902355127e-07,0.0010338095224839414
4_30um.csv,4,30,0.2299994,8.255201e-07,8.247131902355128e-07,0.001166730496525053
4_30um.csv,4,30,0.2400019,9.320399e-07,9.312329902355127e-07,0.0013174251872553647
4_30um.csv,4,30,0.2500016,1.038277e-06,1.0374700902355128e-06,0.0014677199392975691
4_30um.csv,4,30,0.2600007,1.154005e-06,1.1531980902355127e-06,0.0016314415682232477
4_30um.csv,4,30,0.2699985,1.268527e-06,1.2677200902355126e-06,0.0017934570561589811
4_30um.csv,4,30,0.2800022,1.394509e-06,1.3937020902355127e-06,0.0019716851276310094
4_30um.csv,4,30,0.29,1.519093e-06,1.5182860902355127e-06,0.0021479354336768823
4_30um.csv,4,30,0.3000011,1.651538e-06,1.6507310902355127e-06,0.002335306779790714
4_30um.csv,4,30,0.3100028,1.788494e-06,1.7876870902355127e-06,0.002529059885444879
4_30um.csv,4,30,0.3200013,1.926307e-06,1.9255000902355126e-06,0.0027240253980877534
4_30um.csv,4,30,0.3300023,2.066672e-06,2.0658650902355126e-06,0.0029226012521952546
4_30um.csv,4,30,0.3400014,2.210329e-06,2.2095220902355125e-06,0.003125834333615276
4_30um.csv,4,30,0.3500019,2.360568e-06,2.3597610902355124e-06,0.003338379040239127
4_30um.csv,4,30,0.360003,2.510854e-06,2.5100470902355125e-06,0.0035509902382614257
4_30um.csv,4,30,0.3700007,2.663683e-06,2.6628760902355127e-06,0.003767199045352904
4_30um.csv,4,30,0.3800018,2.819394e-06,2.8185870902355124e-06,0.003987485048408745
4_30um.csv,4,30,0.3900022,2.985681e-06,2.9848740902355127e-06,0.004222733030825829
4_30um.csv,4,30,0.4000013,3.137905e-06,3.1370980902355125e-06,0.004438085938001123
4_30um.csv,4,30,0.4100018,3.306687e-06,3.3058800902355124e-06,0.004676863623378335
4_30um.csv,4,30,0.4200008,3.468195e-06,3.4673880902355127e-06,0.004905350703812876
4_30um.csv,4,30,0.4300039,3.642555e-06,3.6417480902355124e-06,0.005152019644946234
4_30um.csv,4,30,0.440001,3.800377e-06,3.7995700902355126e-06,0.005375292102089782
4_30um.csv,4,30,0.4499988,3.973319e-06,3.9725120902355125e-06,0.00561995498358488
4_30um.csv,4,30,0.4600025,4.141001e-06,4.1401940902355126e-06,0.005857176487296304
4_30um.csv,4,30,0.470003,4.318624e-06,4.317817090235513e-06,0.0061084616291346315
4_30um.csv,4,30,0.4800007,4.489528e-06,4.488721090235512e-06,0.006350241330416206
4_30um.csv,4,30,0.4900012,4.672103e-06,4.671296090235513e-06,0.006608532119171787
4_30um.csv,4,30,0.5000029,4.840156e-06,4.839349090235513e-06,0.006846278480517763
4_30um.csv,4,30,0.509998,5.03001e-06,5.0292030902355125e-06,0.0071148669477690395
4_30um.csv,4,30,0.5200004,5.2071e-06,5.206293090235512e-06,0.007365398048854762
4_30um.csv,4,30,0.5300002,5.365124e-06,5.364317090235513e-06,0.007588956277540573
4_30um.csv,4,30,0.5400026,5.564294e-06,5.563487090235512e-06,0.007870724188790463
4_30um.csv,4,30,0.5500004,5.723575e-06,5.722768090235512e-06,0.008096060708707086
4_30um.csv,4,30,0.5600028,5.939042e-06,5.938235090235513e-06,0.008400884158690922
4_30um.csv,4,30,0.5700012,6.123153e-06,6.122346090235512e-06,0.008661347942936184
4_30um.csv,4,30,0.5800016,6.310377e-06,6.309570090235513e-06,0.008926215721295623
4_30um.csv,4,30,0.5900014,6.486836e-06,6.486029090235512e-06,0.009175854139989425
4_30um.csv,4,30,0.5999998,6.688556e-06,6.687749090235513e-06,0.009461229563282735
4_30um.csv,4,30,0.6099996,6.862317e-06,6.861510090235513e-06,0.009707051092763541
4_30um.csv,4,30,0.620002,7.082768e-06,7.081961090235513e-06,0.010018925460403998
4_30um.csv,4,30,0.6299991,7.265214e-06,7.264407090235513e-06,0.0102770337514915
4_30um.csv,4,30,0.6400035,7.459798e-06,7.458991090235512e-06,0.010552313799905663
4_30um.csv,4,30,0.65,7.663001e-06,7.662194090235514e-06,0.010839787239026575
4_30um.csv,4,30,0.659999,7.874795e-06,7.873988090235513e-06,0.011139414456957283
4_30um.csv,4,30,0.6700028,8.055043e-06,8.054236090235513e-06,0.011394413214134421
4_30um.csv,4,30,0.6799992,8.262101e-06,8.261294090235513e-06,0.011687340362638613
4_30um.csv,4,30,0.6900003,8.463586e-06,8.462779090235513e-06,0.011972383328939686
4_30um.csv,4,30,0.6999994,8.658799e-06,8.657992090235513e-06,0.012248553230324557
4_30um.csv,4,30,0.7100025,8.877303e-06,8.876496090235514e-06,0.012557673156416573
4_30um.csv,4,30,0.7200009,9.097138e-06,9.096331090235514e-06,0.012868676062324188
4_30um.csv,4,30,0.7300014,9.305014e-06,9.304207090235513e-06,0.013162760444103484
4_30um.csv,4,30,0.7399991,9.502809e-06,9.502002090235513e-06,0.01344258312827114
4_30um.csv,4,30,0.7500022,9.723511e-06,9.722704090235513e-06,0.013754812588273517
4_30um.csv,4,30,0.7600026,9.935748e-06,9.934941090235513e-06,0.014055066523002358
4_30um.csv,4,30,0.7700004,1.015653e-05,1.0155723090235514e-05,0.014367409159853158
4_30um.csv,4,30,0.7799808,1.036685e-05,1.0366043090235514e-05,0.014664951094351713
4_30um.csv,4,30,0.7899992,1.062046e-05,1.0619653090235513e-05,0.01502373585095203
4_30um.csv,4,30,0.800001,1.083982e-05,1.0839013090235514e-05,0.015334066769322146
4_30um.csv,4,30,0.8100014,1.107366e-05,1.1072853090235513e-05,0.015664882697256445
4_30um.csv,4,30,0.8199992,1.12895e-05,1.1288693090235513e-05,0.015970233834296042
4_30um.csv,4,30,0.8299996,1.152305e-05,1.1522243090235513e-05,0.016300639496154817
4_30um.csv,4,30,0.8399994,1.17499e-05,1.1749093090235514e-05,0.01662156659695834
4_30um.csv,4,30,0.8500018,1.196151e-05,1.1960703090235513e-05,0.016920933508137684
4_30um.csv,4,30,0.8600002,1.21826e-05,1.2181793090235513e-05,0.0172337118758549
4_30um.csv,4,30,0.8700013,1.241232e-05,1.2411513090235513e-05,0.017558699196095526
4_30um.csv,4,30,0.8800004,1.266919e-05,1.2668383090235513e-05,0.017922095909268992
4_30um.csv,4,30,0.8900002,1.287287e-05,1.2872063090235513e-05,0.018210244165348614
4_30um.csv,4,30,0.8999999,1.31312e-05,1.3130393090235514e-05,0.018575706356005764
4_30um.csv,4,30,0.909999,1.335124e-05,1.3350433090235513e-05,0.018886999277587458
4_30um.csv,4,30,0.9200014,1.360648e-05,1.3605673090235513e-05,0.01924809001247435
4_30um.csv,4,30,0.9299992,1.383498e-05,1.3834173090235514e-05,0.019571351385776557
4_30um.csv,4,30,0.9399996,1.408977e-05,1.4088963090235513e-05,0.01993180550089108
4_30um.csv,4,30,0.9500014,1.432829e-05,1.4327483090235514e-05,0.020269242274458005
4_30um.csv,4,30,0.9599965,1.457175e-05,1.4570943090235513e-05,0.020613667718414917
4_30um.csv,4,30,0.9700009,1.481463e-05,1.4813823090235514e-05,0.02095727263022078
4_30um.csv,4,30,0.9800013,1.506391e-05,1.5063103090235514e-05,0.021309931689900315
4_30um.csv,4,30,0.9899991,1.530841e-05,1.5307603090235515e-05,0.0216558284328867
4_30um.csv,4,30,1.0,1.556364e-05,1.5562833090235514e-05,0.02201690502066754
4_35um.csv,4,35,-1.0,-3.796305e-11,-1.6269875e-10,-2.3017164708775557e-07
4_35um.csv,4,35,-0.9900005,-7.13943e-11,-1.9613e-10,-2.774671910098971e-07
4_35um.csv,4,35,-0.98,-4.687805e-11,-1.7161375e-10,-2.4278379213365994e-07
4_35um.csv,4,35,-0.9699996,-6.470805e-11,-1.8944375e-10,-2.680080822254688e-07
4_35um.csv,4,35,-0.9600005,-4.531792e-12,-1.29267492e-10,-1.8287609184792918e-07
4_35um.csv,4,35,-0.9499994,-6.470805e-11,-1.8944375e-10,-2.680080822254688e-07
4_35um.csv,4,35,-0.9400003,-8.142368e-11,-2.0615938000000002e-10,-2.916558612600926e-07
4_35um.csv,4,35,-0.9299999,-3.684867e-11,-1.6158437e-10,-2.2859512188346447e-07
4_35um.csv,4,35,-0.9199995,-3.796305e-11,-1.6269875e-10,-2.3017164708775557e-07
4_35um.csv,4,35,-0.9099997,-7.473743e-11,-1.9947313e-10,-2.8219675247566426e-07
4_35um.csv,4,35,-0.9000006,-2.68193e-11,-1.51555e-10,-2.1440646578037504e-07
4_35um.csv,4,35,-0.8900002,-1.790429e-11,-1.4263999e-10,-2.0179430658736455e-07
4_35um.csv,4,35,-0.8800005,6.611959e-12,-1.18123741e-10,-1.6711090912583805e-07
4_35um.csv,4,35,-0.8700007,-2.570492e-11,-1.5044062e-10,-2.1282994057608397e-07
4_35um.csv,4,35,-0.8600003,-6.69368e-11,-1.916725e-10,-2.711611184869449e-07
4_35um.csv,4,35,-0.8500005,-1.456117e-11,-1.3929687e-10,-1.9706475926870344e-07
4_35um.csv,4,35,-0.8400001,-3.239117e-11,-1.5712687e-10,-2.2228904936051226e-07
4_35um.csv,4,35,-0.8299997,-3.12768e-11,-1.560125e-10,-2.2071253830332725e-07
4_35um.csv,4,35,-0.8200019,-6.359368e-11,-1.8832938e-10,-2.6643157116828376e-07
4_35um.csv,4,35,-0.8100008,-1.678992e-11,-1.4152562e-10,-2.0021779553017957e-07
4_35um.csv,4,35,-0.799999,-7.250868e-11,-1.9724438e-10,-2.790437162141882e-07
4_35um.csv,4,35,-0.7899993,-6.470805e-11,-1.8944375e-10,-2.680080822254688e-07
4_35um.csv,4,35,-0.7799989,-3.57343e-11,-1.6047000000000002e-10,-2.2701861082627947e-07
4_35um.csv,4,35,-0.7700004,-2.570492e-11,-1.5044062e-10,-2.1282994057608397e-07
4_35um.csv,4,35,-0.76,-3.461992e-11,-1.5935561999999998e-10,-2.2544208562198837e-07
4_35um.csv,4,35,-0.7500003,1.218384e-11,-1.1255186e-10,-1.5922830998388415e-07
4_35um.csv,4,35,-0.7399998,-2.904805e-11,-1.5378375e-10,-2.1755950204185112e-07
4_35um.csv,4,35,-0.7300007,4.383209e-12,-1.20352491e-10,-1.7026394538731413e-07
4_35um.csv,4,35,-0.7200003,-3.016242e-11,-1.5489812e-10,-2.1913601309903618e-07
4_35um.csv,4,35,-0.7099992,-1.010367e-11,-1.3483937e-10,-1.9075868674575125e-07
4_35um.csv,4,35,-0.7000001,4.383209e-12,-1.20352491e-10,-1.7026394538731413e-07
4_35um.csv,4,35,-0.6899997,-1.456117e-11,-1.3929687e-10,-1.9706475926870344e-07
4_35um.csv,4,35,-0.6799999,-2.793367e-11,-1.5266936999999999e-10,-2.1598297683756005e-07
4_35um.csv,4,35,-0.6700002,-7.429172e-14,-1.2480999172e-10,-1.76570018928858e-07
4_35um.csv,4,35,-0.6599998,-3.417417e-12,-1.28153117e-10,-1.812995737171911e-07
4_35um.csv,4,35,-0.65,-6.760543e-12,-1.31496243e-10,-1.8602912952411587e-07
4_35um.csv,4,35,-0.6399996,-4.242055e-11,-1.6715625000000001e-10,-2.3647771961070779e-07
4_35um.csv,4,35,-0.6299998,-1.790429e-11,-1.4263999e-10,-2.0179430658736455e-07
4_35um.csv,4,35,-0.6200007,-3.350555e-11,-1.5824125e-10,-2.2386557456480336e-07
4_35um.csv,4,35,-0.610001,-1.010367e-11,-1.3483937e-10,-1.9075868674575125e-07
4_35um.csv,4,35,-0.5999999,-5.244993e-11,-1.7718563e-10,-2.5066638986090326e-07
4_35um.csv,4,35,-0.5900001,-7.429172e-14,-1.2480999172e-10,-1.76570018928858e-07
4_35um.csv,4,35,-0.5800004,5.497584e-12,-1.19238116e-10,-1.686874272565761e-07
4_35um.csv,4,35,-0.5699993,-1.233242e-11,-1.3706812e-10,-1.9391172300722733e-07
4_35um.csv,4,35,-0.5600002,-2.68193e-11,-1.51555e-10,-2.1440646578037504e-07
4_35um.csv,4,35,-0.5500004,1.441259e-11,-1.1032311e-10,-1.5607527372240805e-07
4_35um.csv,4,35,-0.5400007,1.998446e-11,-1.0475123999999999e-10,-1.481926901422708e-07
4_35um.csv,4,35,-0.5300009,-8.989293e-12,-1.33724993e-10,-1.89182165785592e-07
4_35um.csv,4,35,-0.5200005,1.106946e-11,-1.1366624e-10,-1.6080483518817522e-07
4_35um.csv,4,35,-0.5100007,-2.013305e-11,-1.4486875e-10,-2.0494735699594672e-07
4_35um.csv,4,35,-0.500001,-2.303042e-12,-1.27038742e-10,-1.7972305558645304e-07
4_35um.csv,4,35,-0.4900005,-2.68193e-11,-1.51555e-10,-2.1440646578037504e-07
4_35um.csv,4,35,-0.4800001,2.332759e-11,-1.0140811e-10,-1.4346312867650362e-07
4_35um.csv,4,35,-0.4700003,-7.429172e-14,-1.2480999172e-10,-1.76570018928858e-07
4_35um.csv,4,35,-0.4600006,-6.760543e-12,-1.31496243e-10,-1.8602912952411587e-07
4_35um.csv,4,35,-0.4500002,9.955085e-12,-1.14780615e-10,-1.623813533189133e-07
4_35um.csv,4,35,-0.4399997,-6.760543e-12,-1.31496243e-10,-1.8602912952411587e-07
4_35um.csv,4,35,-0.43,-1.233242e-11,-1.3706812e-10,-1.9391172300722733e-07
4_35um.csv,4,35,-0.4200002,1.775571e-11,-1.0697999e-10,-1.513457264037469e-07
4_35um.csv,4,35,-0.4099998,-4.242055e-11,-1.6715625000000001e-10,-2.3647771961070779e-07
4_35um.csv,4,35,-0.4,1.106946e-11,-1.1366624e-10,-1.6080483518817522e-07
4_35um.csv,4,35,-0.3899996,2.667071e-11,-9.806499e-11,-1.387335813578425e-07
4_35um.csv,4,35,-0.3800012,2.109884e-11,-1.0363686e-10,-1.4661616493797973e-07
4_35um.csv,4,35,-0.3700001,2.109884e-11,-1.0363686e-10,-1.4661616493797973e-07
4_35um.csv,4,35,-0.3599997,-1.344679e-11,-1.3818249e-10,-1.954882340644124e-07
4_35um.csv,4,35,-0.3499999,-1.790429e-11,-1.4263999e-10,-2.0179430658736455e-07
4_35um.csv,4,35,-0.3400002,-1.010367e-11,-1.3483937e-10,-1.9075868674575125e-07
4_35um.csv,4,35,-0.3300004,-3.417417e-12,-1.28153117e-10,-1.812995737171911e-07
4_35um.csv,4,35,-0.32,-1.188667e-12,-1.25924367e-10,-1.7814653745571503e-07
4_35um.csv,4,35,-0.3100009,-7.429172e-14,-1.2480999172e-10,-1.76570018928858e-07
4_35um.csv,4,35,-0.2999991,-3.016242e-11,-1.5489812e-10,-2.1913601309903618e-07
4_35um.csv,4,35,-0.2899994,2.154459e-12,-1.22581241e-10,-1.7341698164879024e-07
4_35um.csv,4,35,-0.2800003,5.118697e-11,-7.354873e-11,-1.0405016833449932e-07
4_35um.csv,4,35,-0.2699998,4.383209e-12,-1.20352491e-10,-1.7026394538731413e-07
4_35um.csv,4,35,-0.2599987,-2.570492e-11,-1.5044062e-10,-2.1282994057608397e-07
4_35um.csv,4,35,-0.2500003,-1.010367e-11,-1.3483937e-10,-1.9075868674575125e-07
4_35um.csv,4,35,-0.2400006,6.611959e-12,-1.18123741e-10,-1.6711090912583805e-07
4_35um.csv,4,35,-0.2300008,3.268834e-12,-1.21466866e-10,-1.718404635180522e-07
4_35um.csv,4,35,-0.2200004,-1.567554e-11,-1.4041124e-10,-1.9864127032588847e-07
4_35um.csv,4,35,-0.2100013,-2.013305e-11,-1.4486875e-10,-2.0494735699594672e-07
4_35um.csv,4,35,-0.2000002,-8.989293e-12,-1.33724993e-10,-1.89182165785592e-07
4_35um.csv,4,35,-0.1899991,-1.567554e-11,-1.4041124e-10,-1.9864127032588847e-07
4_35um.csv,4,35,-0.18,5.497584e-12,-1.19238116e-10,-1.686874272565761e-07
4_35um.csv,4,35,-0.1699996,3.558571e-11,-8.914999e-11,-1.261214363119381e-07
4_35um.csv,4,35,-0.1600005,-8.989293e-12,-1.33724993e-10,-1.89182165785592e-07
4_35um.csv,4,35,-0.1500007,1.218384e-11,-1.1255186e-10,-1.5922830998388415e-07
4_35um.csv,4,35,-0.1400003,-1.188667e-12,-1.25924367e-10,-1.7814653745571503e-07
4_35um.csv,4,35,-0.1300006,-2.793367e-11,-1.5266936999999999e-10,-2.1598297683756005e-07
4_35um.csv,4,35,-0.1200008,3.268834e-12,-1.21466866e-10,-1.718404635180522e-07
4_35um.csv,4,35,-0.1100004,-1.121804e-11,-1.3595374e-10,-1.9233519780293626e-07
4_35um.csv,4,35,-0.09999994,3.670009e-11,-8.803561e-11,-1.24544911107647e-07
4_35um.csv,4,35,-0.09000085,5.341572e-11,-7.131998000000001e-11,-1.0089713207302322e-07
4_35um.csv,4,35,-0.08000042,5.898759e-11,-6.574811e-11,-9.301454849288597e-08
4_35um.csv,4,35,-0.07000067,4.227197e-11,-8.246373e-11,-1.1666231338040373e-07
4_35um.csv,4,35,-0.06000091,7.726335e-12,-1.17009365e-10,-1.655343895803894e-07
4_35um.csv,4,35,-0.04999982,4.561509e-11,-7.912061e-11,-1.119327660617426e-07
4_35um.csv,4,35,-0.04000006,1.040083e-12,-1.23695617e-10,-1.749935011942389e-07
4_35um.csv,4,35,-0.03000097,3.892884e-11,-8.580686000000001e-11,-1.2139187484617093e-07
4_35um.csv,4,35,-0.02000054,6.010197e-11,-6.463373e-11,-9.143802328859489e-08
4_35um.csv,4,35,-0.009999447,7.347447e-11,-5.126123e-11,-7.251980571973828e-08
4_35um.csv,4,35,-3.555944e-07,1.247357e-10,0.0,0.0
4_35um.csv,4,35,0.01000074,1.247357e-10,0.0,0.0
4_35um.csv,4,35,0.0200005,1.347651e-10,1.0029400000000006e-11,1.4188698544407605e-08
4_35um.csv,4,35,0.02999959,2.11657e-10,8.69213e-11,1.229684849330983e-07
4_35um.csv,4,35,0.03999935,3.052645e-10,1.8052879999999998e-10,2.5539600791509463e-07
4_35um.csv,4,35,0.04999977,4.623914e-10,3.376557e-10,4.776850997169251e-07
4_35um.csv,4,35,0.05999886,6.462633e-10,5.215276e-10,7.378106266564688e-07
4_35um.csv,4,35,0.06999996,8.903115e-10,7.655758e-10,1.0830682033913974e-06
4_35um.csv,4,35,0.07999971,1.100928e-09,9.761923e-10,1.3810295995844124e-06
4_35um.csv,4,35,0.08999947,1.711606e-09,1.5868703e-09,2.2449622425841674e-06
4_35um.csv,4,35,0.1000012,2.398061e-09,2.2733253e-09,3.2160974111188074e-06
4_35um.csv,4,35,0.109999,3.210441e-09,3.0857053e-09,4.365380012620975e-06
4_35um.csv,4,35,0.1200001,5.058075e-09,4.933339299999999e-09,6.979247427062316e-06
4_35um.csv,4,35,0.1299998,6.894565e-09,6.7698293000000006e-09,9.577349306518626e-06
4_35um.csv,4,35,0.1399996,9.289357e-09,9.1646213e-09,1.2965286946313524e-05
4_35um.csv,4,35,0.15,1.412129e-08,1.39965543e-08,1.980107380532553e-05
4_35um.csv,4,35,0.1600004,1.949035e-08,1.93656143e-08,2.7396739927609723e-05
4_35um.csv,4,35,0.1699989,2.645519e-08,2.63304543e-08,3.724997293955778e-05
4_35um.csv,4,35,0.1800006,3.732815e-08,3.7203414300000004e-08,5.2632064762139594e-05
4_35um.csv,4,35,0.1899997,4.973226e-08,4.96075243e-08,7.018029072796724e-05
4_35um.csv,4,35,0.1999988,7.016322e-08,7.003848429999999e-08,9.908418651563645e-05
4_35um.csv,4,35,0.2099992,8.914325e-08,8.90185143e-08,0.00012593543624481393
4_35um.csv,4,35,0.2200003,1.231217e-07,1.229969643e-07,0.00017400510981015448
4_35um.csv,4,35,0.2299981,1.59749e-07,1.5962426430000002e-07,0.0002258221395622414
4_35um.csv,4,35,0.2400005,1.990162e-07,1.988914643e-07,0.0002813738638411576
4_35um.csv,4,35,0.2500009,2.540273e-07,2.539025643e-07,0.000359198650418247
4_35um.csv,4,35,0.2599987,3.158618e-07,3.157370643e-07,0.0004466765733392763
4_35um.csv,4,35,0.2699991,3.750373e-07,3.749125643e-07,0.0005303927807609159
4_35um.csv,4,35,0.2799989,4.517554e-07,4.516306643e-07,0.0006389266904464122
4_35um.csv,4,35,0.2900006,5.335427e-07,5.334179643e-07,0.000754632051132099
4_35um.csv,4,35,0.3000004,6.166327e-07,6.165079642999999e-07,0.0008721803553232596
4_35um.csv,4,35,0.3100008,7.012473e-07,7.011225643e-07,0.0009918855273032018
4_35um.csv,4,35,0.3199979,7.996109e-07,7.994861642999999e-07,0.0011310415553948813
4_35um.csv,4,35,0.3299983,8.940732e-07,8.939484643e-07,0.0012646783730022552
4_35um.csv,4,35,0.3400008,9.941853e-07,9.940605643e-07,0.0014063080225872342
4_35um.csv,4,35,0.3499972,1.091702e-06,1.0915772643e-06,0.0015442659322673178
4_35um.csv,4,35,0.3600003,1.198519e-06,1.1983942643e-06,0.0016953810749895132
4_35um.csv,4,35,0.3700027,1.308869e-06,1.3087442643000001e-06,0.0018514943902800968
4_35um.csv,4,35,0.3799991,1.406139e-06,1.4060142643e-06,0.0019891032908538626
4_35um.csv,4,35,0.3900002,1.523233e-06,1.5231082643e-06,0.002154757414466328
4_35um.csv,4,35,0.4000007,1.625751e-06,1.6256262643000001e-06,0.0022997907162965055
4_35um.csv,4,35,0.4099984,1.735531e-06,1.7354062643e-06,0.00245509764654209
4_35um.csv,4,35,0.4200002,1.850848e-06,1.8507232643e-06,0.002618237829409006
4_35um.csv,4,35,0.4300006,1.96452e-06,1.9643952643e-06,0.0027790508133302676
4_35um.csv,4,35,0.439999,2.074511e-06,2.0743862642999997e-06,0.002934656247513562
4_35um.csv,4,35,0.4500028,2.189258e-06,2.1891332643e-06,0.0030969900453354797
4_35um.csv,4,35,0.4600005,2.305909e-06,2.3057842642999997e-06,0.0032620174521498144
4_35um.csv,4,35,0.4700003,2.416385e-06,2.4162602643e-06,0.0034183090209766614
4_35um.csv,4,35,0.4800001,2.535411e-06,2.5352862643e-06,0.0035866963654784915
4_35um.csv,4,35,0.4899998,2.650519e-06,2.6503942643e-06,0.0037495408738289085
4_35um.csv,4,35,0.4999996,2.77657e-06,2.7764452642999997e-06,0.003927866560332699
4_35um.csv,4,35,0.5099987,2.887732e-06,2.8876072642999998e-06,0.004085128620634755
4_35um.csv,4,35,0.5200004,3.019636e-06,3.0195112643e-06,0.00427173460831114
4_35um.csv,4,35,0.5299982,3.12529e-06,3.1251652643e-06,0.004421204442599417
4_35um.csv,4,35,0.5399999,3.253035e-06,3.2529102642999998e-06,0.004601926648868521
4_35um.csv,4,35,0.5499997,3.37504e-06,3.3749152643e-06,0.004774528416263425
4_35um.csv,4,35,0.5599995,3.501024e-06,3.5008992642999997e-06,0.004952759317156663
4_35um.csv,4,35,0.5700012,3.620999e-06,3.6208742642999998e-06,0.005122489222022886
4_35um.csv,4,35,0.5799996,3.752476e-06,3.7523512642999997e-06,0.005308491128270825
4_35um.csv,4,35,0.5899967,3.878821e-06,3.8786962643e-06,0.005487232739692564
4_35um.csv,4,35,0.6000005,4.007848e-06,4.0077232643e-06,0.005669768604957612
4_35um.csv,4,35,0.6099989,4.133834e-06,4.1337092643e-06,0.0058480023352720616
4_35um.csv,4,35,0.6199993,4.255379e-06,4.2552542643e-06,0.006019953335788545
4_35um.csv,4,35,0.6299951,4.396716e-06,4.3965912643000005e-06,0.006219904288604361
4_35um.csv,4,35,0.6399995,4.526077e-06,4.5259522643000004e-06,0.0064029126672115666
4_35um.csv,4,35,0.6500026,4.652522e-06,4.6523972643e-06,0.006581795749693831
4_35um.csv,4,35,0.6599997,4.788184e-06,4.7880592643e-06,0.0067737182198247875
4_35um.csv,4,35,0.6700021,4.942229e-06,4.9421042643e-06,0.006991647315012264
4_35um.csv,4,35,0.6800026,5.070933e-06,5.0708082643000006e-06,0.007173726228751813
4_35um.csv,4,35,0.690005,5.209403e-06,5.209278264300001e-06,0.007369621206262344
4_35um.csv,4,35,0.6999988,5.348697e-06,5.3485722643000005e-06,0.007566681905311611
4_35um.csv,4,35,0.7099998,5.497592e-06,5.4974672643000006e-06,0.00777732524088199
4_35um.csv,4,35,0.7200003,5.626951e-06,5.6268262643e-06,0.007960330790067985
4_35um.csv,4,35,0.7300034,5.791872e-06,5.7917472643e-06,0.008193646277798283
4_35um.csv,4,35,0.7400005,5.941667e-06,5.9415422643e-06,0.008405562852913398
4_35um.csv,4,35,0.7500002,6.090418e-06,6.0902932643000005e-06,0.008616002470156621
4_35um.csv,4,35,0.7600006,6.218192e-06,6.2180672643e-06,0.008796765703033277
4_35um.csv,4,35,0.7700011,6.387254e-06,6.3871292643e-06,0.00903593950737996
4_35um.csv,4,35,0.7800008,6.520564e-06,6.5204392643e-06,0.009224534578167343
4_35um.csv,4,35,0.7899972,6.680857e-06,6.6807322643e-06,0.009451302785216492
4_35um.csv,4,35,0.7999957,6.845196e-06,6.8450712643e-06,0.009683794911374527
4_35um.csv,4,35,0.8099981,6.986153e-06,6.9860282643e-06,0.009883208274160343
4_35um.csv,4,35,0.8199999,7.148115e-06,7.1479902643e-06,0.010112337633209673
4_35um.csv,4,35,0.8299976,7.317062e-06,7.3169372643e-06,0.010351348745836752
4_35um.csv,4,35,0.839998,7.478149e-06,7.478024264300001e-06,0.010579240233106479
4_35um.csv,4,35,0.8499985,7.659707e-06,7.6595822643e-06,0.010836092261176508
4_35um.csv,4,35,0.8599996,7.794476e-06,7.794351264300001e-06,0.011026751394736967
4_35um.csv,4,35,0.8699973,7.981338e-06,7.9812132643e-06,0.011291107047857301
4_35um.csv,4,35,0.8800004,8.164617e-06,8.1644922643e-06,0.011550393792878986
4_35um.csv,4,35,0.8900015,8.33262e-06,8.3324952643e-06,0.011788069418694699
4_35um.csv,4,35,0.8999999,8.496644e-06,8.4965192643e-06,0.012020115911012076
4_35um.csv,4,35,0.9100017,8.694014e-06,8.6938892643e-06,0.012299337343172498
4_35um.csv,4,35,0.9200001,8.854557e-06,8.854432264300001e-06,0.012526459227872962
4_35um.csv,4,35,0.9299985,9.048599e-06,9.048474264300001e-06,0.012800972503139075
4_35um.csv,4,35,0.9400036,9.234734e-06,9.2346092643e-06,0.013064299661649383
4_35um.csv,4,35,0.9500007,9.403599e-06,9.4034742643e-06,0.01330319476800683
4_35um.csv,4,35,0.9599985,9.632239e-06,9.632114264300001e-06,0.013626654200793774
4_35um.csv,4,35,0.9700002,9.835524e-06,9.8353992643e-06,0.013914243646184314
4_35um.csv,4,35,0.9800027,9.989259e-06,9.989134264300001e-06,0.01413173418108416
4_35um.csv,4,35,0.9899944,1.020602e-05,1.02058952643e-05,0.014438388266591202
4_35um.csv,4,35,1.000001,1.04443e-05,1.04441752643e-05,0.014775485509612862
5_10um.csv,5,10,-0.9999996,-2.007681e-07,-2.0153171293804946e-07,-0.0002851090515899328
5_10um.csv,5,10,-0.9899998,-1.95174e-07,-1.9593761293804946e-07,-0.00027719501899304064
5_10um.csv,5,10,-0.98,-1.919189e-07,-1.9268251293804945e-07,-0.00027258999450185457
5_10um.csv,5,10,-0.9700009,-1.967196e-07,-1.9748321293804947e-07,-0.0002793815957045325
5_10um.csv,5,10,-0.9600005,-2.067913e-07,-2.0755491293804945e-07,-0.0002936301365075426
5_10um.csv,5,10,-0.9499994,-2.1318e-07,-2.1394361293804947e-07,-0.00030266829815137547
5_10um.csv,5,10,-0.9399997,-2.154255e-07,-2.1618911293804946e-07,-0.00030584503081548966
5_10um.csv,5,10,-0.9299999,-2.236596e-07,-2.2442321293804947e-07,-0.0003174938994102717
5_10um.csv,5,10,-0.9199995,-1.985795e-07,-1.9934311293804947e-07,-0.00028201281595925795
5_10um.csv,5,10,-0.9100004,-2.050462e-07,-2.0580981293804946e-07,-0.00029116132503030114
5_10um.csv,5,10,-0.8999993,-1.982797e-07,-1.9904331293804945e-07,-0.0002815886857198006
5_10um.csv,5,10,-0.8900009,-1.955116e-07,-1.9627521293804945e-07,-0.00027767262529337683
5_10um.csv,5,10,-0.8800005,-1.877411e-07,-1.8850471293804946e-07,-0.00026667961653519396
5_10um.csv,5,10,-0.87,-1.880063e-07,-1.8876991293804946e-07,-0.00026705479778770923
5_10um.csv,5,10,-0.8599996,-1.93625e-07,-1.9438861293804945e-07,-0.00027500363226549084
5_10um.csv,5,10,-0.8500005,-1.929954e-07,-1.9375901293804947e-07,-0.00027411293046841837
5_10um.csv,5,10,-0.8400001,-1.917172e-07,-1.9248081293804946e-07,-0.0002723046473727734
5_10um.csv,5,10,-0.829999,-1.890483e-07,-1.8981191293804945e-07,-0.0002685289262383915
5_10um.csv,5,10,-0.8199999,-1.888934e-07,-1.8965701293804945e-07,-0.00026830978756563656
5_10um.csv,5,10,-0.8100001,-1.867939e-07,-1.8755751293804946e-07,-0.00026533960264989046
5_10um.csv,5,10,-0.7999997,-1.830496e-07,-1.8381321293804945e-07,-0.0002600425017306106
5_10um.csv,5,10,-0.79,-1.795103e-07,-1.8027391293804946e-07,-0.00025503541648540934
5_10um.csv,5,10,-0.7800009,-1.850577e-07,-1.8582131293804947e-07,-0.0002628833820970358
5_10um.csv,5,10,-0.7699998,-1.797689e-07,-1.8053251293804947e-07,-0.00025540126064792993
5_10um.csv,5,10,-0.7600007,-2.114037e-07,-2.1216731293804946e-07,-0.0003001553477032498
5_10um.csv,5,10,-0.7500003,-2.134408e-07,-2.1420441293804946e-07,-0.0003030372546772276
5_10um.csv,5,10,-0.7399998,-1.870234e-07,-1.8778701293804945e-07,-0.0002656642787337979
5_10um.csv,5,10,-0.7300001,-1.837728e-07,-1.8453641293804946e-07,-0.0002610656204403356
5_10um.csv,5,10,-0.7199996,-1.891976e-07,-1.8996121293804946e-07,-0.000268740142531757
5_10um.csv,5,10,-0.7099999,-1.812454e-07,-1.8200901293804946e-07,-0.0002574900808565982
5_10um.csv,5,10,-0.6999995,-1.825403e-07,-1.8330391293804945e-07,-0.00025932198961935106
5_10um.csv,5,10,-0.689999,-1.780171e-07,-1.7878071293804945e-07,-0.00025292297060963313
5_10um.csv,5,10,-0.6799999,-1.847033e-07,-1.8546691293804947e-07,-0.0002623820086585312
5_10um.csv,5,10,-0.6700009,-1.800775e-07,-1.8084111293804945e-07,-0.00025583784034071354
5_10um.csv,5,10,-0.6600004,-1.67864e-07,-1.6862761293804946e-07,-0.00023855927236335475
5_10um.csv,5,10,-0.6500007,-1.662493e-07,-1.6701291293804946e-07,-0.00023627493914903935
5_10um.csv,5,10,-0.6400016,-1.636951e-07,-1.6445871293804946e-07,-0.00023266148532108096
5_10um.csv,5,10,-0.6300005,-1.70047e-07,-1.7081061293804945e-07,-0.00024164758561464014
5_10um.csv,5,10,-0.6200007,-1.588621e-07,-1.5962571293804946e-07,-0.00022582418896585312
5_10um.csv,5,10,-0.6099996,-1.535521e-07,-1.5431571293804945e-07,-0.00021831207565191566
5_10um.csv,5,10,-0.6000005,-1.519084e-07,-1.5267201293804947e-07,-0.0002159867158300477
5_10um.csv,5,10,-0.5900015,-1.46975e-07,-1.4773861293804946e-07,-0.00020900738253005165
5_10um.csv,5,10,-0.5800004,-1.579572e-07,-1.5872081293804946e-07,-0.0002245440173391522
5_10um.csv,5,10,-0.5699999,-1.52694e-07,-1.5345761293804946e-07,-0.00021709811248154097
5_10um.csv,5,10,-0.5600008,-1.496885e-07,-1.5045211293804946e-07,-0.00021284619975742814
5_10um.csv,5,10,-0.5500004,-1.5397e-07,-1.5473361293804945e-07,-0.00021890328321385436
5_10um.csv,5,10,-0.54,-1.466173e-07,-1.4738091293804946e-07,-0.00020850134054654966
5_10um.csv,5,10,-0.5300002,-1.467499e-07,-1.4751351293804945e-07,-0.0002086889311728073
5_10um.csv,5,10,-0.5200005,-1.410321e-07,-1.4179571293804947e-07,-0.0002005998988740443
5_10um.csv,5,10,-0.5100007,-1.340237e-07,-1.3478731293804946e-07,-0.00019068504106813108
5_10um.csv,5,10,-0.5000003,-1.39853e-07,-1.4061661293804946e-07,-0.00019893181359938072
5_10um.csv,5,10,-0.4899999,-1.301156e-07,-1.3087921293804946e-07,-0.0001851562105517094
5_10um.csv,5,10,-0.4800001,-1.263992e-07,-1.2716281293804946e-07,-0.00017989858005831635
5_10um.csv,5,10,-0.4700003,-1.391376e-07,-1.3990121293804945e-07,-0.00019791972963237677
5_10um.csv,5,10,-0.4599999,-1.373435e-07,-1.3810711293804946e-07,-0.0001953815973354775
5_10um.csv,5,10,-0.4499995,-1.295874e-07,-1.3035101293804946e-07,-0.0001844089604100104
5_10um.csv,5,10,-0.4399997,-1.281532e-07,-1.2891681293804946e-07,-0.00018237998245994465
5_10um.csv,5,10,-0.4300006,-1.533024e-07,-1.5406601293804946e-07,-0.00021795882241378194
5_10um.csv,5,10,-0.4200002,-1.566333e-07,-1.5739691293804946e-07,-0.00022267108196884677
5_10um.csv,5,10,-0.4099998,-1.278089e-07,-1.2857251293804947e-07,-0.0001818928975985532
5_10um.csv,5,10,-0.4,-1.222392e-07,-1.2300281293804946e-07,-0.00017401338394042938
5_10um.csv,5,10,-0.3899989,-1.174586e-07,-1.1822221293804947e-07,-0.00016725021842091726
5_10um.csv,5,10,-0.3799999,-1.184626e-07,-1.1922621293804946e-07,-0.00016867058786859958
5_10um.csv,5,10,-0.3699994,-1.128294e-07,-1.1359301293804948e-07,-0.0001607012400870417
5_10um.csv,5,10,-0.3599997,-1.154003e-07,-1.1616391293804948e-07,-0.00016433831958210794
5_10um.csv,5,10,-0.3500006,-1.143283e-07,-1.1509191293804948e-07,-0.00016282174981326785
5_10um.csv,5,10,-0.3400002,-1.043201e-07,-1.0508371293804947e-07,-0.0001486630431336918
5_10um.csv,5,10,-0.3299997,-1.020791e-07,-1.0284271293804947e-07,-0.00014549267666730123
5_10um.csv,5,10,-0.3200006,-1.021381e-07,-1.0290171293804947e-07,-0.00014557614459301165
5_10um.csv,5,10,-0.3099995,-9.948146e-08,-1.0024507293804947e-07,-0.0001418177678106503
5_10um.csv,5,10,-0.3000011,-9.656403e-08,-9.732764293804948e-08,-0.00013769044864954286
5_10um.csv,5,10,-0.2900007,-8.903197e-08,-8.979558293804947e-08,-0.00012703476348807847
5_10um.csv,5,10,-0.2800003,-8.617917e-08,-8.694278293804947e-08,-0.00012299887707338907
5_10um.csv,5,10,-0.2699992,-8.31893e-08,-8.395291293804947e-08,-0.00011876907627603647
5_10um.csv,5,10,-0.2600007,-7.944388e-08,-8.020749293804947e-08,-0.00011347039088087873
5_10um.csv,5,10,-0.2500003,-7.661337e-08,-7.737698293804948e-08,-0.00010946603836558061
5_10um.csv,5,10,-0.2400006,-7.406256e-08,-7.482617293804947e-08,-0.00010585738040657404
5_10um.csv,5,10,-0.2300001,-6.879826e-08,-6.956187293804947e-08,-9.840991936729701e-05
5_10um.csv,5,10,-0.2200004,-6.593765e-08,-6.670126293804948e-08,-9.436298406278052e-05
5_10um.csv,5,10,-0.2100013,-6.214878e-08,-6.291239293804948e-08,-8.900282949182419e-05
5_10um.csv,5,10,-0.1999995,-6.015739e-08,-6.092100293804947e-08,-8.618558893961289e-05
5_10um.csv,5,10,-0.1899998,-5.711403e-08,-5.787764293804947e-08,-8.188011527198489e-05
5_10um.csv,5,10,-0.1800007,-5.581133e-08,-5.657494293804947e-08,-8.0037171766511e-05
5_10um.csv,5,10,-0.1700003,-5.13672e-08,-5.213081293804947e-08,-7.375001392435114e-05
5_10um.csv,5,10,-0.1600005,-4.715152e-08,-4.791513293804947e-08,-6.778604671996322e-05
5_10um.csv,5,10,-0.1500014,-4.362229e-08,-4.438590293804947e-08,-6.27932076105569e-05
5_10um.csv,5,10,-0.1399996,-4.022568e-08,-4.0989292938049474e-08,-5.798798742162035e-05
5_10um.csv,5,10,-0.1299999,-3.821757e-08,-3.898118293804947e-08,-5.51470929080891e-05
5_10um.csv,5,10,-0.1200008,-3.286523e-08,-3.362884293804947e-08,-4.757508074712487e-05
5_10um.csv,5,10,-0.1100004,-2.918667e-08,-2.995028293804947e-08,-4.23709829030349e-05
5_10um.csv,5,10,-0.09999994,-2.676179e-08,-2.7525402938049472e-08,-3.89404794505489e-05
5_10um.csv,5,10,-0.09000085,-2.446952e-08,-2.523313293804947e-08,-3.56975807714266e-05
5_10um.csv,5,10,-0.08000109,-2.179168e-08,-2.2555292938049473e-08,-3.190921212423371e-05
5_10um.csv,5,10,-0.06999933,-1.865137e-08,-1.9414982938049473e-08,-2.7466582263425617e-05
5_10um.csv,5,10,-0.06000091,-1.642708e-08,-1.7190692938049472e-08,-2.431985561124898e-05
5_10um.csv,5,10,-0.04999982,-1.351745e-08,-1.4281062938049472e-08,-2.0203571192862566e-05
5_10um.csv,5,10,-0.04000006,-1.132658e-08,-1.209019293804947e-08,-1.710412416911376e-05
5_10um.csv,5,10,-0.03000097,-8.404692e-09,-9.16830493804947e-09,-1.2970498228128055e-05
5_10um.csv,5,10,-0.01999987,-5.321216e-09,-6.0848289380494715e-09,-8.60827202985939e-06
5_10um.csv,5,10,-0.009999447,-2.497389e-09,-3.261001938049471e-09,-4.613374025536212e-06
5_10um.csv,5,10,-1.022334e-06,7.632727e-10,-3.402380494709492e-13,-4.813383768999678e-10
5_10um.csv,5,10,0.01000074,4.091911e-09,3.328298061950529e-09,4.708578565712016e-06
5_10um.csv,5,10,0.02000116,7.694686e-09,6.931073061950528e-09,9.805462566582265e-06
5_10um.csv,5,10,0.02999959,1.171758e-08,1.0953967061950528e-08,1.5496693372224283e-05
5_10um.csv,5,10,0.04000068,1.6905e-08,1.614138706195053e-08,2.2835391460168816e-05
5_10um.csv,5,10,0.0500011,2.183276e-08,2.106914706195053e-08,2.9806745792351197e-05
5_10um.csv,5,10,0.05999953,2.732441e-08,2.6560797061950528e-08,3.757584128773437e-05
5_10um.csv,5,10,0.06999996,3.313253e-08,3.236891706195053e-08,4.579265024836458e-05
5_10um.csv,5,10,0.08000038,4.120172e-08,4.0438107061950526e-08,5.720821891723294e-05
5_10um.csv,5,10,0.08999881,4.945924e-08,4.8695627061950526e-08,6.889022003439016e-05
5_10um.csv,5,10,0.1000006,5.897489e-08,5.821127706195053e-08,8.235211100534477e-05
5_10um.csv,5,10,0.1099997,6.967178e-08,6.890816706195053e-08,9.748511473165822e-05
5_10um.csv,5,10,0.1200001,8.466904e-08,8.390542706195053e-08,0.00011870189750351919
5_10um.csv,5,10,0.1299998,9.87592e-08,9.799558706195053e-08,0.00013863539628534763
5_10um.csv,5,10,0.1399996,1.183031e-07,1.1753948706195053e-07,0.00016628435888351378
5_10um.csv,5,10,0.1499994,1.37886e-07,1.3712238706195054e-07,0.00019398849519528514
5_10um.csv,5,10,0.1599991,1.603429e-07,1.5957928706195055e-07,0.00022575850978657746
5_10um.csv,5,10,0.1700002,1.900544e-07,1.8929078706195055e-07,0.0002677916839347983
5_10um.csv,5,10,0.18,2.188755e-07,2.1811188706195054e-07,0.0003085651997600945
5_10um.csv,5,10,0.1899997,2.533888e-07,2.526251870619505e-07,0.00035739153129265904
5_10um.csv,5,10,0.2000002,2.999017e-07,2.991380870619505e-07,0.00042319382420411694
5_10um.csv,5,10,0.2099992,3.471367e-07,3.4637308706195053e-07,0.000490017679643634
5_10um.csv,5,10,0.2199997,4.040178e-07,4.032541870619505e-07,0.0005704879750525621
5_10um.csv,5,10,0.2300001,4.742045e-07,4.7344088706195053e-07,0.0006697818438908548
5_10um.csv,5,10,0.2399992,5.443109e-07,5.435472870619505e-07,0.0007689621114675449
5_10um.csv,5,10,0.2500003,6.295606e-07,6.287969870619505e-07,0.0008895657661528886
5_10um.csv,5,10,0.2599994,7.297552e-07,7.289915870619505e-07,0.0010313121293628014
5_10um.csv,5,10,0.2699998,8.283373e-07,8.275736870619505e-07,0.0011707772717217306
5_10um.csv,5,10,0.2800002,9.715178e-07,9.707541870619505e-07,0.001373336243538345
5_10um.csv,5,10,0.2900006,1.115288e-06,1.1145243870619506e-06,0.0015767294701988822
5_10um.csv,5,10,0.3000004,1.296978e-06,1.2962143870619507e-06,0.0018337682400688064
5_10um.csv,5,10,0.3100008,1.490577e-06,1.4898133870619506e-06,0.002107654798536787
5_10um.csv,5,10,0.3199993,1.732687e-06,1.7319233870619506e-06,0.0024501703831765983
5_10um.csv,5,10,0.329999,1.992727e-06,1.9919633870619507e-06,0.0028180517289687445
5_10um.csv,5,10,0.3399994,2.27489e-06,2.274126387061951e-06,0.0032172307174810864
5_10um.csv,5,10,0.3499999,2.593742e-06,2.5929783870619508e-06,0.0036683140233898597
5_10um.csv,5,10,0.3599996,2.972356e-06,2.971592387061951e-06,0.004203943264490259
5_10um.csv,5,10,0.3700007,3.341009e-06,3.3402453870619505e-06,0.004725480573251649
5_10um.csv,5,10,0.3799978,3.785306e-06,3.7845423870619508e-06,0.005354032251037426
5_10um.csv,5,10,0.3899996,4.264956e-06,4.2641923870619505e-06,0.0060325981928510035
5_10um.csv,5,10,0.3999993,4.758617e-06,4.7578533870619505e-06,0.006730985644954898
5_10um.csv,5,10,0.4099984,5.281297e-06,5.28053338706195e-06,0.00747042658411287
5_10um.csv,5,10,0.4199995,5.861265e-06,5.86050138706195e-06,0.008290913464425051
5_10um.csv,5,10,0.4300006,6.424537e-06,6.42377338706195e-06,0.009087780336471788
5_10um.csv,5,10,0.4399997,7.039228e-06,7.03846438706195e-06,0.009957390213130458
5_10um.csv,5,10,0.4500015,7.656909e-06,7.656145387061952e-06,0.01083123007449886
5_10um.csv,5,10,0.4600005,8.308885e-06,8.308121387061951e-06,0.011753587436074693
5_10um.csv,5,10,0.4699996,8.955623e-06,8.954859387061952e-06,0.012668534543500172
5_10um.csv,5,10,0.4800007,9.652541e-06,9.651777387061951e-06,0.01365447182909766
5_10um.csv,5,10,0.4899992,1.032221e-05,1.0321446387061951e-05,0.014601859665412383
5_10um.csv,5,10,0.4999996,1.099954e-05,1.099877638706195e-05,0.015560085599674015
5_10um.csv,5,10,0.5100013,1.170876e-05,1.170799638706195e-05,0.016563426655137426
5_10um.csv,5,10,0.5199991,1.241566e-05,1.241489638706195e-05,0.017563485581996635
5_10um.csv,5,10,0.5299995,1.319106e-05,1.3190296387061951e-05,0.01866045218531624
5_10um.csv,5,10,0.5400006,1.392343e-05,1.3922666387061951e-05,0.019696543791291453
5_10um.csv,5,10,0.5500004,1.467375e-05,1.4672986387061951e-05,0.020758029452631103
5_10um.csv,5,10,0.5599995,1.540537e-05,1.5404606387061952e-05,0.021793060025652372
5_10um.csv,5,10,0.5700006,1.617493e-05,1.617416638706195e-05,0.02288176471903725
5_10um.csv,5,10,0.580001,1.692995e-05,1.692918638706195e-05,0.02394989952022163
5_10um.csv,5,10,0.5900014,1.76895e-05,1.768873638706195e-05,0.025024442960447844
5_10um.csv,5,10,0.5999998,1.84463e-05,1.844553638706195e-05,0.026095095946509588
5_10um.csv,5,10,0.6099989,1.923294e-05,1.923217638706195e-05,0.027207963897032332
5_10um.csv,5,10,0.62,1.999972e-05,1.999895638706195e-05,0.028292735694934585
5_10um.csv,5,10,0.6300004,2.07703e-05,2.076953638706195e-05,0.02938288339313683
5_10um.csv,5,10,0.6400009,2.161207e-05,2.161130638706195e-05,0.03057374433932763
5_10um.csv,5,10,0.65,2.236256e-05,2.236179638706195e-05,0.03163547050147018
5_10um.csv,5,10,0.6599997,2.31888e-05,2.3188036387061952e-05,0.03280436099196127
5_10um.csv,5,10,0.6699988,2.397464e-05,2.397387638706195e-05,0.0339160971739998
5_10um.csv,5,10,0.6800006,2.486893e-05,2.486816638706195e-05,0.03518125872117892
5_10um.csv,5,10,0.689999,2.562563e-05,2.562486638706195e-05,0.03625177023618014
5_10um.csv,5,10,0.6999994,2.649269e-05,2.649192638706195e-05,0.03747840921357799
5_10um.csv,5,10,0.7099998,2.728687e-05,2.728610638706195e-05,0.0386019440820644
5_10um.csv,5,10,0.7199989,2.814383e-05,2.814306638706195e-05,0.03981429448234912
5_10um.csv,5,10,0.73,2.893699e-05,2.893622638706195e-05,0.04093638634601817
5_10um.csv,5,10,0.7399991,2.984694e-05,2.984617638706195e-05,0.042223702261275683
5_10um.csv,5,10,0.7500009,3.057918e-05,3.0578416387061946e-05,0.0432596099548722
5_10um.csv,5,10,0.76,3.147308e-05,3.147231638706195e-05,0.044524219764915274
5_10um.csv,5,10,0.7700011,3.226985e-05,3.2269086387061945e-05,0.04565141873386931
5_10um.csv,5,10,0.7799988,3.316205e-05,3.316128638706195e-05,0.046913623535883436
5_10um.csv,5,10,0.7900006,3.4019e-05,3.401823638706195e-05,0.0481259597890621
5_10um.csv,5,10,0.7999983,3.484606e-05,3.484529638706195e-05,0.04929601034224951
5_10um.csv,5,10,0.8100014,3.571031e-05,3.570954638706195e-05,0.05051867398284658
5_10um.csv,5,10,0.8199999,3.657678e-05,3.6576016387061945e-05,0.05174447828098732
5_10um.csv,5,10,0.8300009,3.75282e-05,3.7527436387061945e-05,0.053090462245045024
5_10um.csv,5,10,0.8399974,3.830667e-05,3.830590638706195e-05,0.054191772009922784
5_10um.csv,5,10,0.8500005,3.925604e-05,3.925527638706195e-05,0.055534855817239694
5_10um.csv,5,10,0.8599989,4.004944e-05,4.004867638706195e-05,0.056657287211454
5_10um.csv,5,10,0.8700026,4.102621e-05,4.1025446387061945e-05,0.05803913408935507
5_10um.csv,5,10,0.8800011,4.181978e-05,4.181901638706195e-05,0.05916180598437228
5_10um.csv,5,10,0.8899995,4.2813e-05,4.2812236387061946e-05,0.060566924851729896
5_10um.csv,5,10,0.8999993,4.358402e-05,4.358325638706195e-05,0.06165769502259846
5_10um.csv,5,10,0.910001,4.459744e-05,4.4596676387061945e-05,0.06309139104418235
5_10um.csv,5,10,0.9199994,4.544902e-05,4.544825638706195e-05,0.06429613030141076
5_10um.csv,5,10,0.9299979,4.643043e-05,4.6429666387061945e-05,0.06568454143652025
5_10um.csv,5,10,0.9399963,4.725449e-05,4.7253726387061947e-05,0.06685034785789187
5_10um.csv,5,10,0.9499994,4.824025e-05,4.823948638706195e-05,0.06824491298413425
5_10um.csv,5,10,0.9599998,4.919201e-05,4.919124638706195e-05,0.06959137794979774
5_10um.csv,5,10,0.9699996,5.001137e-05,5.0010606387061946e-05,0.07075053523132462
5_10um.csv,5,10,0.9799987,5.095188e-05,5.095111638706195e-05,0.07208108470267892
5_10um.csv,5,10,0.9899971,5.187939e-05,5.187862638706195e-05,0.07339324293616482
5_10um.csv,5,10,1.000001,5.283071e-05,5.282994638706195e-05,0.074739085429162
5_15um.csv,5,15,-1.0,-4.789659e-09,-4.897688412466948e-09,-6.92881173838233e-06
5_15um.csv,5,15,-0.9899998,-4.738398e-09,-4.846427412466948e-09,-6.8562922580460316e-06
5_15um.csv,5,15,-0.98,-4.757342e-09,-4.865371412466948e-09,-6.883092535752101e-06
5_15um.csv,5,15,-0.9700003,-4.735054e-09,-4.843083412466948e-09,-6.851561465782037e-06
5_15um.csv,5,15,-0.9599999,-4.740626e-09,-4.848655412466948e-09,-6.859444233274554e-06
5_15um.csv,5,15,-0.9499994,-4.630303e-09,-4.738332412466948e-09,-6.703369115170311e-06
5_15um.csv,5,15,-0.9399997,-4.667078e-09,-4.775107412466948e-09,-6.755395097678795e-06
5_15um.csv,5,15,-0.9299999,-4.592414e-09,-4.700443412466948e-09,-6.649767145047567e-06
5_15um.csv,5,15,-0.9199995,-4.654819e-09,-4.762848412466948e-09,-6.738052160368898e-06
5_15um.csv,5,15,-0.9100004,-4.55564e-09,-4.663669412466948e-09,-6.597742577249688e-06
5_15um.csv,5,15,-0.9000006,-4.601329e-09,-4.709358412466948e-09,-6.662379290093471e-06
5_15um.csv,5,15,-0.8899995,-4.546725e-09,-4.654754412466948e-09,-6.5851304322037836e-06
5_15um.csv,5,15,-0.8800005,-4.491006e-09,-4.599035412466948e-09,-6.506304171989229e-06
5_15um.csv,5,15,-0.87,-4.458689e-09,-4.566718412466948e-09,-6.460584969359e-06
5_15um.csv,5,15,-0.8600003,-4.407428e-09,-4.515457412466948e-09,-6.388065489022702e-06
5_15um.csv,5,15,-0.8499998,-4.402971e-09,-4.511000412466948e-09,-6.381760123855052e-06
5_15um.csv,5,15,-0.8400008,-4.503264e-09,-4.611293412466948e-09,-6.523645694588522e-06
5_15um.csv,5,15,-0.8300003,-4.390713e-09,-4.498742412466948e-09,-6.364418601255759e-06
5_15um.csv,5,15,-0.8200006,-4.401856e-09,-4.509885412466948e-09,-6.380182721530186e-06
5_15um.csv,5,15,-0.8099995,-4.313821e-09,-4.421850412466948e-09,-6.255638673396007e-06
5_15um.csv,5,15,-0.8000004,-4.274818e-09,-4.382847412466948e-09,-6.200460715659002e-06
5_15um.csv,5,15,-0.7900013,-4.326079e-09,-4.434108412466948e-09,-6.2729801959953e-06
5_15um.csv,5,15,-0.7800009,-4.281504e-09,-4.389533412466948e-09,-6.209919470765778e-06
5_15um.csv,5,15,-0.7699998,-4.283733e-09,-4.391762412466948e-09,-6.213072860704906e-06
5_15um.csv,5,15,-0.7600007,-4.294876e-09,-4.402905412466948e-09,-6.228836980979332e-06
5_15um.csv,5,15,-0.7500003,-4.229128e-09,-4.337157412466948e-09,-6.135822588104613e-06
5_15um.csv,5,15,-0.7399998,-4.220213e-09,-4.328242412466948e-09,-6.123210443058709e-06
5_15um.csv,5,15,-0.7300007,-4.154465e-09,-4.262494412466948e-09,-6.030196050183989e-06
5_15um.csv,5,15,-0.7199996,-4.10989e-09,-4.217919412466948e-09,-5.967135324954467e-06
5_15um.csv,5,15,-0.7100012,-4.226899e-09,-4.334928412466948e-09,-6.132669198165486e-06
5_15um.csv,5,15,-0.7000001,-4.141092e-09,-4.249121412466948e-09,-6.01127712525983e-06
5_15um.csv,5,15,-0.6900004,-4.135521e-09,-4.243550412466948e-09,-6.00339577247792e-06
5_15um.csv,5,15,-0.6799999,-4.0564e-09,-4.164429412466948e-09,-5.891462454679041e-06
5_15um.csv,5,15,-0.6699995,-4.045256e-09,-4.153285412466948e-09,-5.875696919694009e-06
5_15um.csv,5,15,-0.6599998,-4.014054e-09,-4.122083412466948e-09,-5.831555119388646e-06
5_15um.csv,5,15,-0.65,-3.96725e-09,-4.075279412466948e-09,-5.765341004219997e-06
5_15um.csv,5,15,-0.6399996,-3.936047e-09,-4.044076412466948e-09,-5.721197789204028e-06
5_15um.csv,5,15,-0.6299998,-3.927132e-09,-4.035161412466948e-09,-5.708585644158124e-06
5_15um.csv,5,15,-0.6200007,-3.8781e-09,-3.986129412466948e-09,-5.639219553760952e-06
5_15um.csv,5,15,-0.6099996,-3.888129e-09,-3.9961584124669484e-09,-5.653407686421119e-06
5_15um.csv,5,15,-0.5999999,-3.900387e-09,-4.008416412466948e-09,-5.670749209020412e-06
5_15um.csv,5,15,-0.5900001,-3.795636e-09,-3.903665412466948e-09,-5.522556858408686e-06
5_15um.csv,5,15,-0.5800004,-3.820152e-09,-3.928181412466948e-09,-5.557239903607271e-06
5_15um.csv,5,15,-0.5699999,-3.714287e-09,-3.822316412466948e-09,-5.407471565381285e-06
5_15um.csv,5,15,-0.5600002,-3.745489e-09,-3.853518412466948e-09,-5.451613365686648e-06
5_15um.csv,5,15,-0.5499997,-3.689771e-09,-3.797800412466948e-09,-5.3727885201826986e-06
5_15um.csv,5,15,-0.54,-3.702029e-09,-3.810058412466948e-09,-5.390130042781992e-06
5_15um.csv,5,15,-0.5300009,-3.647424e-09,-3.755453412466948e-09,-5.312879770181698e-06
5_15um.csv,5,15,-0.5199998,-3.626251e-09,-3.734280412466948e-09,-5.282926102536502e-06
5_15um.csv,5,15,-0.51,-3.580562e-09,-3.6885914124669486e-09,-5.218289389692719e-06
5_15um.csv,5,15,-0.500001,-3.537101e-09,-3.6451304124669485e-09,-5.1568046520774585e-06
5_15um.csv,5,15,-0.4900005,-3.5215e-09,-3.6295294124669483e-09,-5.1347337519247765e-06
5_15um.csv,5,15,-0.4799994,-3.496984e-09,-3.6050134124669485e-09,-5.100050706726191e-06
5_15um.csv,5,15,-0.4699997,-3.530415e-09,-3.6384444124669484e-09,-5.1473458969706806e-06
5_15um.csv,5,15,-0.4599999,-3.489183e-09,-3.5972124124669483e-09,-5.089014549294547e-06
5_15um.csv,5,15,-0.4499988,-3.465781e-09,-3.5738104124669484e-09,-5.055907491710222e-06
5_15um.csv,5,15,-0.4400004,-3.417863e-09,-3.5258924124669486e-09,-4.988117388927313e-06
5_15um.csv,5,15,-0.4300006,-3.397804e-09,-3.5058334124669485e-09,-4.959739708896376e-06
5_15um.csv,5,15,-0.4199996,-3.338742e-09,-3.4467714124669483e-09,-4.876184071128433e-06
5_15um.csv,5,15,-0.4100005,-3.3432e-09,-3.4512294124669487e-09,-4.882490851006688e-06
5_15um.csv,5,15,-0.4000007,-3.287481e-09,-3.3955104124669483e-09,-4.803664590792134e-06
5_15um.csv,5,15,-0.3899996,-3.201674e-09,-3.3097034124669482e-09,-4.682272517886479e-06
5_15um.csv,5,15,-0.3800005,-3.141498e-09,-3.2495274124669486e-09,-4.597140892504275e-06
5_15um.csv,5,15,-0.3700008,-3.168243e-09,-3.2762724124669484e-09,-4.634977327641988e-06
5_15um.csv,5,15,-0.3599997,-3.067949e-09,-3.1759784124669485e-09,-4.493090342197913e-06
5_15um.csv,5,15,-0.3500006,-3.049005e-09,-3.1570344124669485e-09,-4.466290064491843e-06
5_15um.csv,5,15,-0.3400008,-3.017802e-09,-3.1258314124669483e-09,-4.4221468494758745e-06
5_15um.csv,5,15,-0.3299997,-2.952054e-09,-3.0600834124669484e-09,-4.329132456601155e-06
5_15um.csv,5,15,-0.3200006,-2.820558e-09,-2.9285874124669483e-09,-4.143103670851716e-06
5_15um.csv,5,15,-0.3100002,-2.852875e-09,-2.9609044124669483e-09,-4.1888228734819455e-06
5_15um.csv,5,15,-0.2999998,-2.787127e-09,-2.8951564124669484e-09,-4.095808480607226e-06
5_15um.csv,5,15,-0.29,-2.68349e-09,-2.7915194124669483e-09,-3.9491921176097616e-06
5_15um.csv,5,15,-0.2800003,-2.687947e-09,-2.7959764124669483e-09,-3.955497482777411e-06
5_15um.csv,5,15,-0.2699998,-2.586539e-09,-2.6945684124669486e-09,-3.8120345097190745e-06
5_15um.csv,5,15,-0.2600001,-2.614398e-09,-2.7224274124669486e-09,-3.851446932471049e-06
5_15um.csv,5,15,-0.2499997,-2.47733e-09,-2.5853594124669486e-09,-3.657535379229094e-06
5_15um.csv,5,15,-0.2400006,-2.491817e-09,-2.5998464124669485e-09,-3.6780302917675144e-06
5_15um.csv,5,15,-0.2300001,-2.355863e-09,-2.4638924124669483e-09,-3.4856947261398202e-06
5_15um.csv,5,15,-0.2199997,-2.377037e-09,-2.4850664124669486e-09,-3.5156498084956232e-06
5_15um.csv,5,15,-0.21,-2.235511e-09,-2.3435404124669486e-09,-3.315431475375414e-06
5_15um.csv,5,15,-0.2000002,-2.165305e-09,-2.2733344124669484e-09,-3.216110302622439e-06
5_15um.csv,5,15,-0.1899991,-2.136332e-09,-2.2443614124669485e-09,-3.175121892256204e-06
5_15um.csv,5,15,-0.1800007,-2.033809e-09,-2.1418384124669486e-09,-3.0300815168730007e-06
5_15um.csv,5,15,-0.1700003,-1.94243e-09,-2.0504594124669483e-09,-2.9008066764748288e-06
5_15um.csv,5,15,-0.1599998,-1.859966e-09,-1.967995412466948e-09,-2.7841439811225614e-06
5_15um.csv,5,15,-0.1500001,-1.776388e-09,-1.8844174124669485e-09,-2.6659052981560338e-06
5_15um.csv,5,15,-0.139999,-1.666065e-09,-1.7740944124669485e-09,-2.509830180051792e-06
5_15um.csv,5,15,-0.1299999,-1.601431e-09,-1.7094604124669485e-09,-2.4183917747913338e-06
5_15um.csv,5,15,-0.1199995,-1.498909e-09,-1.6069384124669485e-09,-2.2733528141187357e-06
5_15um.csv,5,15,-0.1100004,-1.358498e-09,-1.4665274124669485e-09,-2.0747118833233923e-06
5_15um.csv,5,15,-0.09999928,-1.279377e-09,-1.3874064124669485e-09,-1.962778565524514e-06
5_15um.csv,5,15,-0.08999952,-1.172397e-09,-1.2804264124669485e-09,-1.811432824973661e-06
5_15um.csv,5,15,-0.07999909,-1.06876e-09,-1.1767894124669484e-09,-1.6648164619761962e-06
5_15um.csv,5,15,-0.07,-9.517507e-10,-1.0597801124669484e-09,-1.4992821643519963e-06
5_15um.csv,5,15,-0.06000024,-8.469994e-10,-9.550288124669483e-10,-1.351089389327089e-06
5_15um.csv,5,15,-0.04999982,-6.698138e-10,-7.778432124669483e-10,-1.1004230419075038e-06
5_15um.csv,5,15,-0.04000006,-5.661769e-10,-6.742063124669484e-10,-9.538068203811e-07
5_15um.csv,5,15,-0.03000097,-4.369094e-10,-5.449388124669484e-10,-7.70930717215486e-07
5_15um.csv,5,15,-0.02000054,-2.463512e-10,-3.543806124669484e-10,-5.013460107559838e-07
5_15um.csv,5,15,-0.01000011,-8.030931e-11,-1.8833872246694838e-10,-2.66444788055355e-07
5_15um.csv,5,15,-3.555944e-07,1.080201e-10,-9.312466948378915e-15,-1.3174445753016908e-11
5_15um.csv,5,15,0.009999403,3.698983e-10,2.6186888753305166e-10,3.704686923809846e-07
5_15um.csv,5,15,0.01999983,6.284333e-10,5.204038875330516e-10,7.362208987122126e-07
5_15um.csv,5,15,0.03000025,9.103702e-10,8.023407875330516e-10,1.135080021156705e-06
5_15um.csv,5,15,0.04000068,1.242454e-09,1.1344245875330516e-09,1.6048824948521743e-06
5_15um.csv,5,15,0.05000044,1.667031e-09,1.5590015875330516e-09,2.205536079502198e-06
5_15um.csv,5,15,0.06000086,2.116124e-09,2.0080945875330515e-09,2.840872709350807e-06
5_15um.csv,5,15,0.06999996,2.639881e-09,2.5318515875330516e-09,3.5818372918306454e-06
5_15um.csv,5,15,0.08000038,3.324107e-09,3.2160775875330514e-09,4.5498190704261575e-06
5_15um.csv,5,15,0.08999947,4.025049e-09,3.917019587533052e-09,5.541449151499219e-06
5_15um.csv,5,15,0.0999999,5.020186e-09,4.912156587533052e-09,6.949280019087125e-06
5_15um.csv,5,15,0.1099997,6.061012e-09,5.952982587533052e-09,8.421747599518813e-06
5_15um.csv,5,15,0.1199994,7.207704e-09,7.099674587533052e-09,1.0043984932887094e-05
5_15um.csv,5,15,0.1300005,8.519324e-09,8.411294587533053e-09,1.1899547656959911e-05
5_15um.csv,5,15,0.1399989,1.023658e-08,1.0128550587533051e-08,1.4328967932108494e-05
5_15um.csv,5,15,0.15,1.24709e-08,1.2362870587533051e-08,1.7489884131655903e-05
5_15um.csv,5,15,0.1599998,1.452023e-08,1.4412200587533051e-08,2.0389093016336025e-05
5_15um.csv,5,15,0.1699995,1.698858e-08,1.688055058753305e-08,2.3881093938832733e-05
5_15um.csv,5,15,0.1799993,2.050889e-08,2.0400860587533052e-08,2.886131382964011e-05
5_15um.csv,5,15,0.1899997,2.366814e-08,2.356011058753305e-08,3.333073830931185e-05
5_15um.csv,5,15,0.2000002,2.765426e-08,2.7546230587533053e-08,3.896994454715599e-05
5_15um.csv,5,15,0.2099999,3.297094e-08,3.286291058753305e-08,4.6491508127936584e-05
5_15um.csv,5,15,0.2199997,3.786639e-08,3.775836058753305e-08,5.341715316046298e-05
5_15um.csv,5,15,0.2299994,4.582749e-08,4.571946058753305e-08,6.467980576000865e-05
5_15um.csv,5,15,0.2399992,5.155204e-08,5.1444010587533046e-08,7.277838735535717e-05
5_15um.csv,5,15,0.2500003,6.124599e-08,6.113796058753305e-08,8.649252122722987e-05
5_15um.csv,5,15,0.2599994,7.108815e-08,7.098012058753305e-08,0.00010041632935790835
5_15um.csv,5,15,0.2700005,8.261079e-08,8.250276058753306e-08,0.00011671753036651633
5_15um.csv,5,15,0.2799996,9.533695e-08,9.522892058753306e-08,0.00013472136388276837
5_15um.csv,5,15,0.29,1.115344e-07,1.1142637058753306e-07,0.00015763606817595786
5_15um.csv,5,15,0.3000004,1.263912e-07,1.2628317058753305e-07,0.0001786541406962038
5_15um.csv,5,15,0.3100002,1.477037e-07,1.4759567058753306e-07,0.0002088051604708351
5_15um.csv,5,15,0.3199999,1.712025e-07,1.7109447058753304e-07,0.00024204916204174912
5_15um.csv,5,15,0.330001,1.952685e-07,1.9516047058753307e-07,0.0002760955874679674
5_15um.csv,5,15,0.3400008,2.260732e-07,2.2596517058753305e-07,0.0003196753232498599
5_15um.csv,5,15,0.3499999,2.585807e-07,2.5847267058753303e-07,0.0003656640282503913
5_15um.csv,5,15,0.3599996,2.955088e-07,2.954007705875331e-07,0.0004179066029525408
5_15um.csv,5,15,0.3700007,3.371263e-07,3.3701827058753303e-07,0.00047678332156700256
5_15um.csv,5,15,0.3800005,3.84894e-07,3.8478597058753306e-07,0.0005443607933459425
5_15um.csv,5,15,0.3900002,4.32158e-07,4.320499705875331e-07,0.0006112256753930121
5_15um.csv,5,15,0.3999993,4.954678e-07,4.953597705875331e-07,0.0007007907208699835
5_15um.csv,5,15,0.4099997,5.563997e-07,5.56291670587533e-07,0.0007869917259987039
5_15um.csv,5,15,0.4199995,6.306003e-07,6.30492270587533e-07,0.0008919641017354549
5_15um.csv,5,15,0.4300006,7.130897e-07,7.129816705875331e-07,0.0010086627307370956
5_15um.csv,5,15,0.439999,8.036673e-07,8.03559270587533e-07,0.001136803822056211
5_15um.csv,5,15,0.4500001,8.960757e-07,8.959676705875331e-07,0.0012675349655514383
5_15um.csv,5,15,0.4600012,1.002502e-06,1.002393970587533e-06,0.0014180973808401581
5_15um.csv,5,15,0.4699996,1.115921e-06,1.115812970587533e-06,0.0015785524429782886
5_15um.csv,5,15,0.4800007,1.245705e-06,1.245596970587533e-06,0.00176215924417152
5_15um.csv,5,15,0.4900005,1.384834e-06,1.384725970587533e-06,0.001958986515970918
5_15um.csv,5,15,0.5000002,1.526204e-06,1.526095970587533e-06,0.0021589841542367073
5_15um.csv,5,15,0.51,1.6897e-06,1.6895919705875332e-06,0.0023902836793545075
5_15um.csv,5,15,0.5199991,1.850934e-06,1.850825970587533e-06,0.0026183831290832065
5_15um.csv,5,15,0.5300009,2.043099e-06,2.042990970587533e-06,0.0028902409925432426
5_15um.csv,5,15,0.5400006,2.210506e-06,2.210397970587533e-06,0.0031270734508382194
5_15um.csv,5,15,0.5499997,2.434356e-06,2.434247970587533e-06,0.0034437564198259597
5_15um.csv,5,15,0.5600001,2.643771e-06,2.643662970587533e-06,0.003740018041226753
5_15um.csv,5,15,0.5699999,2.875622e-06,2.875513970587533e-06,0.004068020109767189
5_15um.csv,5,15,0.5800003,3.092359e-06,3.0922509705875332e-06,0.004374640242219705
5_15um.csv,5,15,0.5900001,3.376669e-06,3.376560970587533e-06,0.004776856614401543
5_15um.csv,5,15,0.6000012,3.606117e-06,3.606008970587533e-06,0.005101459133357536
5_15um.csv,5,15,0.6099996,3.896489e-06,3.896380970587532e-06,0.005512251481228467
5_15um.csv,5,15,0.62,4.167166e-06,4.167057970587533e-06,0.0058951811037287775
5_15um.csv,5,15,0.6299998,4.478216e-06,4.478107970587533e-06,0.0063352268374953025
5_15um.csv,5,15,0.6400002,4.769844e-06,4.769735970587533e-06,0.0067477960618864425
5_15um.csv,5,15,0.65,5.079973e-06,5.079864970587533e-06,0.0071865388471855215
5_15um.csv,5,15,0.6600004,5.429245e-06,5.429136970587533e-06,0.007680657649706344
5_15um.csv,5,15,0.6700001,5.751986e-06,5.751877970587533e-06,0.008137242765158977
5_15um.csv,5,15,0.6799992,6.105984e-06,6.105875970587533e-06,0.008638047490000264
5_15um.csv,5,15,0.6900003,6.421346e-06,6.4212379705875325e-06,0.009084193455896675
5_15um.csv,5,15,0.7000001,6.826406e-06,6.826297970587533e-06,0.009657236133663814
5_15um.csv,5,15,0.7099998,7.153775e-06,7.153666970587533e-06,0.010120368529797598
5_15um.csv,5,15,0.7199996,7.567334e-06,7.567225970587533e-06,0.010705434832998854
5_15um.csv,5,15,0.73,7.933707e-06,7.933598970587533e-06,0.011223746601580249
5_15um.csv,5,15,0.7400011,8.351002e-06,8.350893970587533e-06,0.01181409826360276
5_15um.csv,5,15,0.7500002,8.704335e-06,8.704226970587532e-06,0.012313962205891546
5_15um.csv,5,15,0.7599993,9.166074e-06,9.165965970587533e-06,0.012967189266054292
5_15um.csv,5,15,0.7699997,9.537368e-06,9.537259970587533e-06,0.013492462825524177
5_15um.csv,5,15,0.7799995,9.981146e-06,9.981037970587532e-06,0.01412028026850582
5_15um.csv,5,15,0.7899992,1.040574e-05,1.0405631970587533e-05,0.014720957903236135
5_15um.csv,5,15,0.8000003,1.084485e-05,1.0844741970587533e-05,0.01534217147711242
5_15um.csv,5,15,0.8099988,1.126031e-05,1.1260201970587533e-05,0.015929927145174275
5_15um.csv,5,15,0.8199999,1.171566e-05,1.1715551970587532e-05,0.016574115619280003
5_15um.csv,5,15,0.8299996,1.21738e-05,1.2173691970587533e-05,0.017222251135974413
5_15um.csv,5,15,0.839998,1.25923e-05,1.2592191970587532e-05,0.017814307524276263
5_15um.csv,5,15,0.8500005,1.307133e-05,1.3071221970587533e-05,0.01849199634551458
5_15um.csv,5,15,0.8600002,1.344349e-05,1.3443381970587533e-05,0.019018495044368623
5_15um.csv,5,15,0.87,1.399928e-05,1.3999171970587533e-05,0.019804777051666795
5_15um.csv,5,15,0.8799997,1.435749e-05,1.4357381970587533e-05,0.020311540537577444
5_15um.csv,5,15,0.8900008,1.492419e-05,1.4924081970587532e-05,0.021113257037579016
5_15um.csv,5,15,0.9000006,1.534629e-05,1.5346181970587533e-05,0.02171040638405981
5_15um.csv,5,15,0.9099997,1.58506e-05,1.5850491970587535e-05,0.022423859089399135
5_15um.csv,5,15,0.9200001,1.629204e-05,1.6291931970587533e-05,0.023048368938985674
5_15um.csv,5,15,0.9299985,1.677488e-05,1.6774771970587534e-05,0.02373144780763004
5_15um.csv,5,15,0.9400003,1.726062e-05,1.7260511970587534e-05,0.02441862933702966
5_15um.csv,5,15,0.9500001,1.7745e-05,1.7744891970587535e-05,0.025103886860006124
5_15um.csv,5,15,0.9599985,1.822884e-05,1.8228731970587534e-05,0.025788380439255746
5_15um.csv,5,15,0.9700002,1.870488e-05,1.8704771970587534e-05,0.02646183927578433
5_15um.csv,5,15,0.9800013,1.923437e-05,1.9234261970587536e-05,0.027210914394164135
5_15um.csv,5,15,0.9899991,1.963958e-05,1.9639471970587534e-05,0.02778416927852206
5_15um.csv,5,15,0.9999995,2.022308e-05,2.0222971970587536e-05,0.028609652916692027
5_20um.csv,5,20,-1.0,-2.262925e-10,-2.4627620712750264e-10,-3.484095620468045e-07
5_20um.csv,5,20,-0.9899998,-1.761456e-10,-1.9612930712750267e-10,-2.77466210795827e-07
5_20um.csv,5,20,-0.98,-2.140343e-10,-2.340180071275027e-10,-3.3106775650539054e-07
5_20um.csv,5,20,-0.9700003,-2.173775e-10,-2.373612071275027e-10,-3.357974170009001e-07
5_20um.csv,5,20,-0.9599999,-2.04005e-10,-2.2398870712750268e-10,-3.1687919943204347e-07
5_20um.csv,5,20,-0.9500008,-2.084625e-10,-2.2844620712750266e-10,-3.231852719549957e-07
5_20um.csv,5,20,-0.9400003,-1.984331e-10,-2.1841680712750268e-10,-3.089965734105881e-07
5_20um.csv,5,20,-0.9299999,-2.006618e-10,-2.2064550712750266e-10,-3.121495389365339e-07
5_20um.csv,5,20,-0.9200002,-1.817174e-10,-2.0170110712750266e-10,-2.853486953462219e-07
5_20um.csv,5,20,-0.9100004,-1.572012e-10,-1.7718490712750268e-10,-2.5066536720551506e-07
5_20um.csv,5,20,-0.8999993,-1.884037e-10,-2.0838740712750268e-10,-2.948078748661805e-07
5_20um.csv,5,20,-0.8899995,-2.140343e-10,-2.340180071275027e-10,-3.3106775650539054e-07
5_20um.csv,5,20,-0.8799998,-2.21835e-10,-2.4181870712750266e-10,-3.4210348952385227e-07
5_20um.csv,5,20,-0.87,-1.705737e-10,-1.9055740712750267e-10,-2.6958358477437164e-07
5_20um.csv,5,20,-0.8599996,-1.917468e-10,-2.1173050712750267e-10,-2.9953739389062953e-07
5_20um.csv,5,20,-0.8500012,-1.850606e-10,-2.0504430712750266e-10,-2.9007835584173145e-07
5_20um.csv,5,20,-0.8399994,-1.761456e-10,-1.9612930712750267e-10,-2.77466210795827e-07
5_20um.csv,5,20,-0.8299997,-1.783743e-10,-1.9835800712750267e-10,-2.806191763217729e-07
5_20um.csv,5,20,-0.8200006,-1.783743e-10,-1.9835800712750267e-10,-2.806191763217729e-07
5_20um.csv,5,20,-0.8100008,-1.683449e-10,-1.8832860712750267e-10,-2.664304777773653e-07
5_20um.csv,5,20,-0.799999,-1.594299e-10,-1.7941360712750268e-10,-2.538183327314609e-07
5_20um.csv,5,20,-0.7900006,-1.349137e-10,-1.5489740712750267e-10,-2.19135004590754e-07
5_20um.csv,5,20,-0.7799995,-1.705737e-10,-1.9055740712750267e-10,-2.6958358477437164e-07
5_20um.csv,5,20,-0.7699998,-1.783743e-10,-1.9835800712750267e-10,-2.806191763217729e-07
5_20um.csv,5,20,-0.7600007,-1.460574e-10,-1.6604110712750268e-10,-2.3490011516260427e-07
5_20um.csv,5,20,-0.7500003,-1.494006e-10,-1.6938430712750268e-10,-2.396297756581138e-07
5_20um.csv,5,20,-0.7399998,-1.728024e-10,-1.9278610712750268e-10,-2.727365503003175e-07
5_20um.csv,5,20,-0.7300001,-1.349137e-10,-1.5489740712750267e-10,-2.19135004590754e-07
5_20um.csv,5,20,-0.7200003,-1.661162e-10,-1.8609990712750267e-10,-2.6327751225141943e-07
5_20um.csv,5,20,-0.7099992,-1.159693e-10,-1.3595300712750267e-10,-1.92334161000442e-07
5_20um.csv,5,20,-0.7000001,-1.872893e-10,-2.0727300712750266e-10,-2.9323132136767727e-07
5_20um.csv,5,20,-0.6900004,-1.427143e-10,-1.6269800712750266e-10,-2.3017059613815522e-07
5_20um.csv,5,20,-0.6799993,-1.672306e-10,-1.8721430712750268e-10,-2.6485406574992265e-07
5_20um.csv,5,20,-0.6700009,-1.750312e-10,-1.9501490712750268e-10,-2.7588965729732385e-07
5_20um.csv,5,20,-0.6599998,-1.672306e-10,-1.8721430712750268e-10,-2.6485406574992265e-07
5_20um.csv,5,20,-0.65,-1.583156e-10,-1.7829930712750267e-10,-2.5224192070401823e-07
5_20um.csv,5,20,-0.6400002,-1.482862e-10,-1.6826990712750266e-10,-2.380532221596106e-07
5_20um.csv,5,20,-0.6299998,-1.126262e-10,-1.3260990712750265e-10,-1.8760464197599293e-07
5_20um.csv,5,20,-0.6200007,-1.438287e-10,-1.6381240712750268e-10,-2.3174714963665842e-07
5_20um.csv,5,20,-0.610001,-1.850606e-10,-2.0504430712750266e-10,-2.9007835584173145e-07
5_20um.csv,5,20,-0.5999999,-1.471718e-10,-1.6715550712750267e-10,-2.3647666866110744e-07
5_20um.csv,5,20,-0.5900001,-1.259987e-10,-1.4598240712750268e-10,-2.065228595448496e-07
5_20um.csv,5,20,-0.580001,-1.460574e-10,-1.6604110712750268e-10,-2.3490011516260427e-07
5_20um.csv,5,20,-0.5700013,-1.349137e-10,-1.5489740712750267e-10,-2.19135004590754e-07
5_20um.csv,5,20,-0.5600002,-1.939756e-10,-2.1395930712750268e-10,-3.026905008876359e-07
5_20um.csv,5,20,-0.5500004,-1.170837e-10,-1.3706740712750266e-10,-1.9391071449894517e-07
5_20um.csv,5,20,-0.5400007,-1.661162e-10,-1.8609990712750267e-10,-2.6327751225141943e-07
5_20um.csv,5,20,-0.5300002,-1.349137e-10,-1.5489740712750267e-10,-2.19135004590754e-07
5_20um.csv,5,20,-0.5199998,-1.115118e-10,-1.3149550712750266e-10,-1.8602808847748976e-07
5_20um.csv,5,20,-0.51,-1.014824e-10,-1.2146610712750266e-10,-1.7183938993308217e-07
5_20um.csv,5,20,-0.500001,-1.248843e-10,-1.4486800712750266e-10,-2.049463060463464e-07
5_20um.csv,5,20,-0.4900005,-8.922431e-11,-1.0920801712750266e-10,-1.544977400098348e-07
5_20um.csv,5,20,-0.4799988,-2.124742e-11,-4.123112712750266e-11,-5.8330112814154546e-08
5_20um.csv,5,20,-0.470001,-8.142368e-11,-1.0140738712750267e-10,-1.434621060211154e-07
5_20um.csv,5,20,-0.4599999,-1.103974e-10,-1.3038110712750267e-10,-1.844515349789866e-07
5_20um.csv,5,20,-0.4500002,-1.259987e-10,-1.4598240712750268e-10,-2.065228595448496e-07
5_20um.csv,5,20,-0.4400004,-1.583156e-10,-1.7829930712750267e-10,-2.5224192070401823e-07
5_20um.csv,5,20,-0.43,-1.248843e-10,-1.4486800712750266e-10,-2.049463060463464e-07
5_20um.csv,5,20,-0.4199996,-1.415999e-10,-1.6158360712750267e-10,-2.2859404263965205e-07
5_20um.csv,5,20,-0.4099998,-1.037112e-10,-1.2369490712750266e-10,-1.7499249693008853e-07
5_20um.csv,5,20,-0.4,-1.148549e-10,-1.3483860712750265e-10,-1.9075760750193878e-07
5_20um.csv,5,20,-0.3899996,-1.404856e-10,-1.6046930712750266e-10,-2.2701763061220938e-07
5_20um.csv,5,20,-0.3799999,-1.159693e-10,-1.3595300712750267e-10,-1.92334161000442e-07
5_20um.csv,5,20,-0.3699994,-1.404856e-10,-1.6046930712750266e-10,-2.2701763061220938e-07
5_20um.csv,5,20,-0.3599997,-9.702493e-11,-1.1700863712750265e-10,-1.6553335985144812e-07
5_20um.csv,5,20,-0.3500006,-9.925368e-11,-1.1923738712750267e-10,-1.6868639611292425e-07
5_20um.csv,5,20,-0.3399995,-5.80218e-11,-7.800550712750266e-11,-1.1035521820206328e-07
5_20um.csv,5,20,-0.3299997,-1.059399e-10,-1.2592360712750266e-10,-1.7814546245603438e-07
5_20um.csv,5,20,-0.3200006,-9.033868e-11,-1.1032238712750266e-10,-1.560742510670198e-07
5_20um.csv,5,20,-0.3100002,-1.037112e-10,-1.2369490712750266e-10,-1.7499249693008853e-07
5_20um.csv,5,20,-0.3000004,-1.148549e-10,-1.3483860712750265e-10,-1.9075760750193878e-07
5_20um.csv,5,20,-0.29,-1.193124e-10,-1.3929610712750266e-10,-1.97063680024891e-07
5_20um.csv,5,20,-0.2800003,-9.479618e-11,-1.1477988712750266e-10,-1.62380323589972e-07
5_20um.csv,5,20,-0.2700005,-9.702493e-11,-1.1700863712750265e-10,-1.6553335985144812e-07
5_20um.csv,5,20,-0.2600001,-9.368181e-11,-1.1366551712750266e-10,-1.60803812532787e-07
5_20um.csv,5,20,-0.2499997,-9.145306e-11,-1.1143676712750266e-10,-1.576507762713109e-07
5_20um.csv,5,20,-0.2399999,-6.359368e-11,-8.357738712750266e-11,-1.1823781592930656e-07
5_20um.csv,5,20,-0.2300008,-1.003681e-10,-1.2035180712750267e-10,-1.7026297790563952e-07
5_20um.csv,5,20,-0.2199997,-9.925368e-11,-1.1923738712750267e-10,-1.6868639611292425e-07
5_20um.csv,5,20,-0.2100006,-9.256743e-11,-1.1255113712750266e-10,-1.592272873284959e-07
5_20um.csv,5,20,-0.2000002,-1.092831e-10,-1.2926680712750266e-10,-1.8287512295154392e-07
5_20um.csv,5,20,-0.1899991,-1.003681e-10,-1.2035180712750267e-10,-1.7026297790563952e-07
5_20um.csv,5,20,-0.1800007,-1.181981e-10,-1.3818180712750268e-10,-1.9548726799744837e-07
5_20um.csv,5,20,-0.1700003,-5.690743e-11,-7.689113712750266e-11,-1.0877870714487826e-07
5_20um.csv,5,20,-0.1599992,-5.913618e-11,-7.911988712750265e-11,-1.1193174340635435e-07
5_20um.csv,5,20,-0.1500007,-7.696618e-11,-9.694988712750266e-11,-1.3715603349816319e-07
5_20um.csv,5,20,-0.1400003,-6.69368e-11,-8.692050712750266e-11,-1.229673632479677e-07
5_20um.csv,5,20,-0.1299992,-6.805118e-11,-8.803488712750266e-11,-1.2454388845225876e-07
5_20um.csv,5,20,-0.1200008,-5.690743e-11,-7.689113712750266e-11,-1.0877870714487826e-07
5_20um.csv,5,20,-0.1100004,-4.353492e-11,-6.351862712750266e-11,-8.986047542891558e-08
5_20um.csv,5,20,-0.09999928,-7.808055e-11,-9.806425712750266e-11,-1.3873254455534822e-07
5_20um.csv,5,20,-0.09000018,-6.916555e-11,-8.914925712750265e-11,-1.261203995094438e-07
5_20um.csv,5,20,-0.08000109,-6.582243e-11,-8.580613712750266e-11,-1.2139085219078268e-07
5_20um.csv,5,20,-0.07000067,-4.353492e-11,-6.351862712750266e-11,-8.986047542891558e-08
5_20um.csv,5,20,-0.06000024,-4.242055e-11,-6.240425712750266e-11,-8.828396437173056e-08
5_20um.csv,5,20,-0.05000048,-6.805118e-11,-8.803488712750266e-11,-1.2454388845225876e-07
5_20um.csv,5,20,-0.04000072,-1.233242e-11,-3.2316127127502665e-11,-4.571796776825014e-08
5_20um.csv,5,20,-0.03000097,-5.579305e-11,-7.577675712750266e-11,-1.0720218194058717e-07
5_20um.csv,5,20,-0.01999987,8.84071e-12,-1.1142997127502663e-11,-1.5764116210674126e-08
5_20um.csv,5,20,-0.009999447,-2.23618e-11,-4.2345507127502665e-11,-5.990663801844563e-08
5_20um.csv,5,20,-3.555944e-07,1.998446e-11,7.528724973384151e-16,1.0650967063942094e-12
5_20um.csv,5,20,0.01000007,-1.188667e-12,-2.1172374127502663e-11,-2.9952782216737805e-08
5_20um.csv,5,20,0.01999983,7.793197e-11,5.7948262872497337e-11,8.198002204219113e-08
5_20um.csv,5,20,0.02999959,1.069057e-10,8.692199287249734e-11,1.229694651471684e-07
5_20um.csv,5,20,0.04000001,1.771114e-10,1.5712769287249733e-10,2.2229021348696103e-07
5_20um.csv,5,20,0.0500011,2.573464e-10,2.373626928724973e-10,3.3579951890010075e-07
5_20um.csv,5,20,0.06000086,3.765845e-10,3.566007928724973e-10,5.044869235213072e-07
5_20um.csv,5,20,0.06999996,5.571133e-10,5.371295928724973e-10,7.598829314364018e-07
5_20um.csv,5,20,0.08000038,7.710733e-10,7.510895928724974e-10,1.0625744125381079e-06
5_20um.csv,5,20,0.08999947,1.067497e-09,1.0475132928724974e-09,1.4819281645788994e-06
5_20um.csv,5,20,0.1000006,1.514362e-09,1.4943782928724974e-09,2.1141128191989865e-06
5_20um.csv,5,20,0.1099997,2.199702e-09,2.179718292872497e-09,3.0836705854087596e-06
5_20um.csv,5,20,0.1200001,3.216013e-09,3.1960292928724973e-09,4.5214565353524684e-06
5_20um.csv,5,20,0.1299998,4.33596e-09,4.315976292872498e-09,6.105857433583037e-06
5_20um.csv,5,20,0.1399996,6.173564e-09,6.153580292872498e-09,8.705535300653607e-06
5_20um.csv,5,20,0.1499994,8.646363e-09,8.626379292872498e-09,1.2203830270633124e-05
5_20um.csv,5,20,0.1600004,1.227254e-08,1.2252556292872499e-08,1.73338213290877e-05
5_20um.csv,5,20,0.1699995,1.738306e-08,1.7363076292872497e-08,2.456372817148763e-05
5_20um.csv,5,20,0.18,2.434011e-08,2.4320126292872497e-08,3.44059405878207e-05
5_20um.csv,5,20,0.1899997,3.511389e-08,3.5093906292872494e-08,4.964772141257269e-05
5_20um.csv,5,20,0.1999995,4.792586e-08,4.790587629287249e-08,6.77729512458622e-05
5_20um.csv,5,20,0.2100012,6.69839e-08,6.69639162928725e-08,9.473456254935612e-05
5_20um.csv,5,20,0.2200003,9.508399e-08,9.50640062928725e-08,0.00013448805788115288
5_20um.csv,5,20,0.2299994,1.30432e-07,1.3041201629287252e-07,0.00018449526250303508
5_20um.csv,5,20,0.2400005,1.808619e-07,1.808419162928725e-07,0.0002558389768553015
5_20um.csv,5,20,0.2499996,2.437528e-07,2.4373281629287246e-07,0.00034481140005972877
5_20um.csv,5,20,0.2599994,3.23093e-07,3.2307301629287247e-07,0.0004570548224232807
5_20um.csv,5,20,0.2700018,4.285574e-07,4.285374162928725e-07,0.0006062564275807997
5_20um.csv,5,20,0.2800009,5.599456e-07,5.599256162928724e-07,0.0007921327075269913
5_20um.csv,5,20,0.29,7.093711e-07,7.093511162928725e-07,0.0010035265470734625
5_20um.csv,5,20,0.3000017,8.88274e-07,8.882540162928724e-07,0.0012566223770154627
5_20um.csv,5,20,0.3100008,1.089326e-06,1.0893060162928726e-06,0.001541052773624456
5_20um.csv,5,20,0.3199986,1.302161e-06,1.3021410162928726e-06,0.0018421527052952431
5_20um.csv,5,20,0.3300003,1.551211e-06,1.5511910162928725e-06,0.0021944863815355677
5_20um.csv,5,20,0.3400001,1.822022e-06,1.8220020162928726e-06,0.0025776055752569833
5_20um.csv,5,20,0.3499992,2.09655e-06,2.0965300162928724e-06,0.002965983248298155
5_20um.csv,5,20,0.3600003,2.389952e-06,2.3899320162928725e-06,0.0033810621693030284
5_20um.csv,5,20,0.3699987,2.697688e-06,2.6976680162928727e-06,0.0038164195521237176
5_20um.csv,5,20,0.3800011,3.015568e-06,3.0155480162928725e-06,0.004266127759324177
5_20um.csv,5,20,0.3900016,3.347402e-06,3.3473820162928726e-06,0.004735576838310452
5_20um.csv,5,20,0.4,3.678817e-06,3.6787970162928727e-06,0.005204433153553123
5_20um.csv,5,20,0.4099991,4.020212e-06,4.0201920162928726e-06,0.005687408280636302
5_20um.csv,5,20,0.4199995,4.380451e-06,4.380431016292872e-06,0.006197042214365024
5_20um.csv,5,20,0.4299973,4.741742e-06,4.741722016292872e-06,0.006708164423650481
5_20um.csv,5,20,0.4399997,5.1042e-06,5.104180016292872e-06,0.0072209376002122785
5_20um.csv,5,20,0.4499995,5.483881e-06,5.483861016292872e-06,0.0077580763375284904
5_20um.csv,5,20,0.4599992,5.851201e-06,5.851181016292872e-06,0.008277727837053068
5_20um.csv,5,20,0.469999,6.251714e-06,6.251694016292872e-06,0.008844337825698084
5_20um.csv,5,20,0.4800001,6.637683e-06,6.637663016292872e-06,0.00939037226330018
5_20um.csv,5,20,0.4899985,7.008293e-06,7.0082730162928725e-06,0.009914678160716067
5_20um.csv,5,20,0.4999996,7.402936e-06,7.402916016292872e-06,0.0104729837981082
5_20um.csv,5,20,0.5100007,7.78724e-06,7.787220016292872e-06,0.011016662742552533
5_20um.csv,5,20,0.5200011,8.181234e-06,8.181214016292872e-06,0.011574050232761852
5_20um.csv,5,20,0.5300002,8.592111e-06,8.592091016292873e-06,0.012155322282119796
5_20um.csv,5,20,0.5400019,8.987531e-06,8.987511016292872e-06,0.012714727149652215
5_20um.csv,5,20,0.549999,9.39103e-06,9.391010016292873e-06,0.013285561464164541
5_20um.csv,5,20,0.5600015,9.783795e-06,9.783775016292873e-06,0.013841210275039992
5_20um.csv,5,20,0.5700012,1.019515e-05,1.0195130016292872e-05,0.014423158556067251
5_20um.csv,5,20,0.579997,1.062529e-05,1.0625270016292873e-05,0.015031682175814343
5_20um.csv,5,20,0.5899994,1.102148e-05,1.1021460016292872e-05,0.015592176370512812
5_20um.csv,5,20,0.6000018,1.14377e-05,1.1437680016292873e-05,0.01618100721863467
5_20um.csv,5,20,0.6100009,1.18609e-05,1.1860880016292872e-05,0.016779712746781247
5_20um.csv,5,20,0.6200027,1.229447e-05,1.2294450016292872e-05,0.017393088823904387
5_20um.csv,5,20,0.6299998,1.268672e-05,1.2686700016292872e-05,0.017948009058818125
5_20um.csv,5,20,0.6400009,1.310326e-05,1.3103240016292871e-05,0.018537292614333664
5_20um.csv,5,20,0.65,1.35252e-05,1.3525180016292873e-05,0.019134215607117616
5_20um.csv,5,20,0.6600031,1.398312e-05,1.3983100016292872e-05,0.019782039887478866
5_20um.csv,5,20,0.6700001,1.439963e-05,1.4399610016292873e-05,0.020371281001676247
5_20um.csv,5,20,0.6799986,1.481276e-05,1.4812740016292873e-05,0.020955740394027842
5_20um.csv,5,20,0.6900003,1.529314e-05,1.5293120016292874e-05,0.021635339074583267
5_20um.csv,5,20,0.7000008,1.572091e-05,1.5720890016292875e-05,0.02224050983019589
5_20um.csv,5,20,0.7099998,1.613526e-05,1.6135240016292872e-05,0.022826695169485902
5_20um.csv,5,20,0.7200016,1.659436e-05,1.6594340016292873e-05,0.02347618880836136
5_20um.csv,5,20,0.7300007,1.707805e-05,1.7078030016292875e-05,0.0241604701810202
5_20um.csv,5,20,0.7399998,1.752594e-05,1.7525920016292874e-05,0.024794104914010677
5_20um.csv,5,20,0.7500029,1.787353e-05,1.7873510016292873e-05,0.025285844173293447
5_20um.csv,5,20,0.7599993,1.835614e-05,1.8356120016292875e-05,0.025968597658498602
5_20um.csv,5,20,0.7700004,1.886631e-05,1.8866290016292874e-05,0.026690340567984753
5_20um.csv,5,20,0.7800022,1.937218e-05,1.9372160016292873e-05,0.027406000221868284
5_20um.csv,5,20,0.7900006,1.976796e-05,1.9767940016292872e-05,0.027965914385218595
5_20um.csv,5,20,0.7999997,2.021686e-05,2.0216840016292874e-05,0.028600977975920393
5_20um.csv,5,20,0.8100014,2.068836e-05,2.0688340016292874e-05,0.02926801402630109
5_20um.csv,5,20,0.8199992,2.113964e-05,2.1139620016292873e-05,0.029906444628243406
5_20um.csv,5,20,0.8299983,2.153633e-05,2.1536310016292875e-05,0.03046764617824451
5_20um.csv,5,20,0.84,2.214182e-05,2.2141800016292874e-05,0.031324239302624166
5_20um.csv,5,20,0.8499998,2.257185e-05,2.2571830016292874e-05,0.03193260730420468
5_20um.csv,5,20,0.8600002,2.308835e-05,2.3088330016292874e-05,0.032663305331822136
5_20um.csv,5,20,0.8699986,2.348944e-05,2.3489420016292872e-05,0.033230731608486386
5_20um.csv,5,20,0.8799991,2.402602e-05,2.4026000016292875e-05,0.03398983702505749
5_20um.csv,5,20,0.8899982,2.456996e-05,2.4569940016292875e-05,0.03475935471168332
5_20um.csv,5,20,0.9000013,2.510798e-05,2.5107960016292873e-05,0.035520497311526
5_20um.csv,5,20,0.909999,2.55741e-05,2.5574080016292874e-05,0.03617992221885039
5_20um.csv,5,20,0.9200008,2.605255e-05,2.6052530016292872e-05,0.03685679050793766
5_20um.csv,5,20,0.9299972,2.658298e-05,2.6582960016292875e-05,0.0376071954542864
5_20um.csv,5,20,0.940001,2.710709e-05,2.7107070016292873e-05,0.038348659429609896
5_20um.csv,5,20,0.9500007,2.764817e-05,2.7648150016292872e-05,0.039114131043904675
5_20um.csv,5,20,0.9600011,2.817787e-05,2.8177850016292875e-05,0.03986350325151159
5_20um.csv,5,20,0.9699996,2.865033e-05,2.8650310016292875e-05,0.040531897424073336
5_20um.csv,5,20,0.9800027,2.913906e-05,2.9139040016292875e-05,0.041223308938182684
5_20um.csv,5,20,0.9899971,2.962922e-05,2.9629200016292873e-05,0.04191674348845756
5_20um.csv,5,20,1.000002,3.016278e-05,3.0162760016292874e-05,0.04267157647900078
5_25um.csv,5,25,-1.0,-3.028946e-09,-3.027771003581537e-09,-4.283419749069424e-06
5_25um.csv,5,25,-0.9899998,-3.106952e-09,-3.1057770035815372e-09,-4.393775664543437e-06
5_25um.csv,5,25,-0.9800007,-2.969884e-09,-2.9687090035815372e-09,-4.199864111301482e-06
5_25um.csv,5,25,-0.9700003,-2.984371e-09,-2.983196003581537e-09,-4.220359023839902e-06
5_25um.csv,5,25,-0.9600005,-2.964312e-09,-2.963137003581537e-09,-4.191981343808966e-06
5_25um.csv,5,25,-0.9500008,-2.903022e-09,-2.901847003581537e-09,-4.105273730812502e-06
5_25um.csv,5,25,-0.940001,-2.921966e-09,-2.920791003581537e-09,-4.132074008518572e-06
5_25um.csv,5,25,-0.9299999,-2.871819e-09,-2.870644003581537e-09,-4.0611305157965335e-06
5_25um.csv,5,25,-0.9200002,-2.839502e-09,-2.8383270035815373e-09,-4.015411313166304e-06
5_25um.csv,5,25,-0.9100004,-2.823901e-09,-2.822726003581537e-09,-3.993340413013623e-06
5_25um.csv,5,25,-0.9,-2.831702e-09,-2.830527003581537e-09,-4.004376570445266e-06
5_25um.csv,5,25,-0.8899995,-2.721379e-09,-2.720204003581537e-09,-3.848301452341025e-06
5_25um.csv,5,25,-0.8800005,-2.793813e-09,-2.792638003581537e-09,-3.950774600322521e-06
5_25um.csv,5,25,-0.8700007,-2.739209e-09,-2.7380340035815373e-09,-3.873525742432834e-06
5_25um.csv,5,25,-0.8599996,-2.742552e-09,-2.741377003581537e-09,-3.878255119986223e-06
5_25um.csv,5,25,-0.8500005,-2.65563e-09,-2.654455003581537e-09,-3.7552856447557002e-06
5_25um.csv,5,25,-0.8400008,-2.699091e-09,-2.697916003581537e-09,-3.816770382370961e-06
5_25um.csv,5,25,-0.830001,-2.625542e-09,-2.624367003581537e-09,-3.712719832064598e-06
5_25um.csv,5,25,-0.8200012,-2.618856e-09,-2.6176810035815373e-09,-3.703261076957822e-06
5_25um.csv,5,25,-0.8099995,-2.573167e-09,-2.571992003581537e-09,-3.6386243641140382e-06
5_25um.csv,5,25,-0.7999997,-2.611055e-09,-2.609880003581537e-09,-3.692224919526178e-06
5_25um.csv,5,25,-0.7900006,-2.597683e-09,-2.5965080035815373e-09,-3.6733074093126243e-06
5_25um.csv,5,25,-0.7800009,-2.588768e-09,-2.5875930035815372e-09,-3.66069526426672e-06
5_25um.csv,5,25,-0.7699991,-2.592111e-09,-2.590936003581537e-09,-3.6654246418201083e-06
5_25um.csv,5,25,-0.76,-2.412697e-09,-2.411522003581537e-09,-3.4116057532877588e-06
5_25um.csv,5,25,-0.7500009,-2.418268e-09,-2.417093003581537e-09,-3.4194871060696694e-06
5_25um.csv,5,25,-0.7399992,-2.51299e-09,-2.511815003581537e-09,-3.5534913240212294e-06
5_25um.csv,5,25,-0.7300001,-2.499618e-09,-2.498443003581537e-09,-3.5345738138076753e-06
5_25um.csv,5,25,-0.7199996,-2.436098e-09,-2.434923003581537e-09,-3.4447113961614784e-06
5_25um.csv,5,25,-0.7099999,-2.360321e-09,-2.359146003581537e-09,-3.3375088706265935e-06
5_25um.csv,5,25,-0.7000001,-2.41604e-09,-2.414865003581537e-09,-3.4163351308411473e-06
5_25um.csv,5,25,-0.6899997,-2.312403e-09,-2.3112280035815372e-09,-3.269718767843683e-06
5_25um.csv,5,25,-0.6799999,-2.340262e-09,-2.3390870035815373e-09,-3.3091311905956574e-06
5_25um.csv,5,25,-0.6700002,-2.331347e-09,-2.3301720035815372e-09,-3.296519045549753e-06
5_25um.csv,5,25,-0.6600004,-2.323547e-09,-2.3223720035815373e-09,-3.285484302828715e-06
5_25um.csv,5,25,-0.65,-2.277857e-09,-2.2766820035815372e-09,-3.2208461752743265e-06
5_25um.csv,5,25,-0.6400009,-2.225482e-09,-2.224307003581537e-09,-3.146750707323766e-06
5_25um.csv,5,25,-0.6299998,-2.286772e-09,-2.2855970035815373e-09,-3.233458320320231e-06
5_25um.csv,5,25,-0.6200001,-2.216567e-09,-2.215392003581537e-09,-3.1341385622778616e-06
5_25um.csv,5,25,-0.6100016,-2.210995e-09,-2.209820003581537e-09,-3.1262557947853456e-06
5_25um.csv,5,25,-0.5999999,-2.189822e-09,-2.188647003581537e-09,-3.0963021271401485e-06
5_25um.csv,5,25,-0.5900001,-2.160848e-09,-2.159673003581537e-09,-3.0553123020633074e-06
5_25um.csv,5,25,-0.580001,-2.155276e-09,-2.154101003581537e-09,-3.047429534570792e-06
5_25um.csv,5,25,-0.5699993,-2.13076e-09,-2.1295850035815373e-09,-3.0127464893722066e-06
5_25um.csv,5,25,-0.5600008,-2.066126e-09,-2.0649510035815373e-09,-2.921308084111748e-06
5_25um.csv,5,25,-0.5499997,-2.056097e-09,-2.054922003581537e-09,-2.907119951451582e-06
5_25um.csv,5,25,-0.5400007,-2.048296e-09,-2.047121003581537e-09,-2.896083794019939e-06
5_25um.csv,5,25,-0.5300002,-2.024894e-09,-2.023719003581537e-09,-2.8629767364356145e-06
5_25um.csv,5,25,-0.5200005,-2.011522e-09,-2.010347003581537e-09,-2.84405922622206e-06
5_25um.csv,5,25,-0.51,-1.973633e-09,-1.972458003581537e-09,-2.790457256099315e-06
5_25um.csv,5,25,-0.5000003,-1.976976e-09,-1.975801003581537e-09,-2.7951866336527033e-06
5_25um.csv,5,25,-0.4899999,-1.962489e-09,-1.961314003581537e-09,-2.774691721114283e-06
5_25um.csv,5,25,-0.4799994,-1.907885e-09,-1.9067100035815373e-09,-2.697442863224596e-06
5_25um.csv,5,25,-0.4700003,-1.895626e-09,-1.894451003581537e-09,-2.6800999259146973e-06
5_25um.csv,5,25,-0.4600006,-1.891169e-09,-1.889994003581537e-09,-2.673794560747048e-06
5_25um.csv,5,25,-0.4499995,-1.843251e-09,-1.8420760035815368e-09,-2.606004457964137e-06
5_25um.csv,5,25,-0.4399997,-1.867767e-09,-1.866592003581537e-09,-2.640687503162723e-06
5_25um.csv,5,25,-0.43,-1.78196e-09,-1.7807850035815368e-09,-2.519295430257067e-06
5_25um.csv,5,25,-0.4199989,-1.800905e-09,-1.799730003581537e-09,-2.5460971226737423e-06
5_25um.csv,5,25,-0.4099998,-1.770816e-09,-1.769641003581537e-09,-2.5035298952720356e-06
5_25um.csv,5,25,-0.4,-1.795333e-09,-1.7941580035815369e-09,-2.5382143551812267e-06
5_25um.csv,5,25,-0.3899996,-1.778617e-09,-1.777442003581537e-09,-2.514566052703679e-06
5_25um.csv,5,25,-0.3800005,-1.717326e-09,-1.716151003581537e-09,-2.4278570249966093e-06
5_25um.csv,5,25,-0.3700001,-1.701725e-09,-1.7005500035815368e-09,-2.4057861248439277e-06
5_25um.csv,5,25,-0.3599997,-1.671637e-09,-1.6704620035815368e-09,-2.3632203121528256e-06
5_25um.csv,5,25,-0.3499999,-1.647121e-09,-1.6459460035815368e-09,-2.32853726695424e-06
5_25um.csv,5,25,-0.3399995,-1.652693e-09,-1.6515180035815368e-09,-2.336420034446756e-06
5_25um.csv,5,25,-0.3299997,-1.64935e-09,-1.648175003581537e-09,-2.331690656893368e-06
5_25um.csv,5,25,-0.3199993,-1.604775e-09,-1.6036000035815369e-09,-2.268629931663845e-06
5_25um.csv,5,25,-0.3099995,-1.536798e-09,-1.535623003581537e-09,-2.1724621488499987e-06
5_25um.csv,5,25,-0.2999998,-1.582487e-09,-1.581312003581537e-09,-2.237098861693782e-06
5_25um.csv,5,25,-0.29,-1.531226e-09,-1.530051003581537e-09,-2.1645793813574827e-06
5_25um.csv,5,25,-0.2799996,-1.497795e-09,-1.496620003581537e-09,-2.1172841911129925e-06
5_25um.csv,5,25,-0.2699998,-1.464363e-09,-1.463188003581537e-09,-2.069987586157897e-06
5_25um.csv,5,25,-0.2599994,-1.444305e-09,-1.443130003581537e-09,-2.041611320837566e-06
5_25um.csv,5,25,-0.2500003,-1.450991e-09,-1.449816003581537e-09,-2.051070075944343e-06
5_25um.csv,5,25,-0.2400006,-1.360726e-09,-1.359551003581537e-09,-1.9233712231604327e-06
5_25um.csv,5,25,-0.2299995,-1.393043e-09,-1.3918680035815368e-09,-1.9690904257906614e-06
5_25um.csv,5,25,-0.2200004,-1.350697e-09,-1.3495220035815369e-09,-1.909183090500267e-06
5_25um.csv,5,25,-0.2100006,-1.383014e-09,-1.381839003581537e-09,-1.9549022931304963e-06
5_25um.csv,5,25,-0.2000002,-1.315037e-09,-1.3138620035815368e-09,-1.8587345103166492e-06
5_25um.csv,5,25,-0.1900004,-1.270462e-09,-1.269287003581537e-09,-1.7956737850871272e-06
5_25um.csv,5,25,-0.1800007,-1.249289e-09,-1.248114003581537e-09,-1.76572011744193e-06
5_25um.csv,5,25,-0.1700003,-1.244831e-09,-1.243656003581537e-09,-1.759413337563675e-06
5_25um.csv,5,25,-0.1600012,-1.203599e-09,-1.2024240035815369e-09,-1.7010819898875413e-06
5_25um.csv,5,25,-0.1500001,-1.219201e-09,-1.218026003581537e-09,-1.7231543047508281e-06
5_25um.csv,5,25,-0.1400003,-1.199142e-09,-1.197967003581537e-09,-1.694776624719892e-06
5_25um.csv,5,25,-0.1300012,-1.115564e-09,-1.114389003581537e-09,-1.5765379417533638e-06
5_25um.csv,5,25,-0.1200008,-1.134508e-09,-1.133333003581537e-09,-1.6033382194594336e-06
5_25um.csv,5,25,-0.110001,-1.084361e-09,-1.083186003581537e-09,-1.5323947267373956e-06
5_25um.csv,5,25,-0.1000006,-1.043129e-09,-1.0419540035815369e-09,-1.4740633790612621e-06
5_25um.csv,5,25,-0.09000018,-9.918682e-10,-9.90693203581537e-10,-1.401544181667084e-06
5_25um.csv,5,25,-0.08000042,-9.784957e-10,-9.773207035815369e-10,-1.3826259640982273e-06
5_25um.csv,5,25,-0.07,-9.339207e-10,-9.32745703581537e-10,-1.3195652388687053e-06
5_25um.csv,5,25,-0.05999957,-8.949176e-10,-8.937426035815369e-10,-1.2643871396606386e-06
5_25um.csv,5,25,-0.05000048,-8.235976e-10,-8.224226035815369e-10,-1.1634899792934032e-06
5_25um.csv,5,25,-0.03999939,-6.352681e-10,-6.340931035815369e-10,-8.97058238359847e-07
5_25um.csv,5,25,-0.02999896,-5.372031e-10,-5.360281035815369e-10,-7.583246428548984e-07
5_25um.csv,5,25,-0.02000054,-4.53625e-10,-4.5245000358153693e-10,-6.400858184173097e-07
5_25um.csv,5,25,-0.009999447,-2.8424e-10,-2.830650035815369e-10,-4.0045506254512574e-07
5_25um.csv,5,25,-3.555944e-07,-1.188667e-12,-1.3670581536923846e-14,-1.933991668037537e-11
5_25um.csv,5,25,0.01000007,3.832708e-10,3.844457964184631e-10,5.438795453413232e-07
5_25um.csv,5,25,0.02000116,7.577008e-10,7.588757964184631e-10,1.0735896372693086e-06
5_25um.csv,5,25,0.02999959,1.365035e-09,1.366209996418463e-09,1.9327917709471907e-06
5_25um.csv,5,25,0.03999935,2.103866e-09,2.105040996418463e-09,2.978023822142996e-06
5_25um.csv,5,25,0.0500011,3.217127e-09,3.218301996418463e-09,4.552965965266786e-06
5_25um.csv,5,25,0.0600002,4.616782e-09,4.617956996418463e-09,6.53307273747378e-06
5_25um.csv,5,25,0.06999996,6.397554e-09,6.398728996418463e-09,9.052349771426141e-06
5_25um.csv,5,25,0.08000038,8.756686e-09,8.757860996418462e-09,1.238983883103742e-05
5_25um.csv,5,25,0.09000014,1.176216e-08,1.1763334996418462e-08,1.6641714772674495e-05
5_25um.csv,5,25,0.0999999,1.594106e-08,1.5942234996418464e-08,2.2553648921000907e-05
5_25um.csv,5,25,0.1099997,2.078859e-08,2.0789764996418464e-08,2.9411501021323178e-05
5_25um.csv,5,25,0.1199994,2.704804e-08,2.7049214996418465e-08,3.826681131942597e-05
5_25um.csv,5,25,0.1300005,3.551952e-08,3.552069499641846e-08,5.0251503917684894e-05
5_25um.csv,5,25,0.1399989,4.512655e-08,4.512772499641846e-08,6.384267114374827e-05
5_25um.csv,5,25,0.15,5.761869e-08,5.761986499641846e-08,8.151543408415707e-05
5_25um.csv,5,25,0.1599998,7.276305e-08,7.276422499641846e-08,0.00010294032078605196
5_25um.csv,5,25,0.1700002,9.094966e-08,9.095083499641847e-08,0.00012866911082680304
5_25um.csv,5,25,0.1799993,1.136863e-07,1.1368747499641847e-07,0.00016083487656281113
5_25um.csv,5,25,0.1899991,1.404825e-07,1.4048367499641844e-07,0.0001987437448835137
5_25um.csv,5,25,0.1999988,1.736263e-07,1.7362747499641845e-07,0.0002456326302421729
5_25um.csv,5,25,0.2099992,2.102469e-07,2.1024807499641845e-07,0.00029744018143320456
5_25um.csv,5,25,0.2199997,2.589439e-07,2.5894507499641843e-07,0.00036633234377761366
5_25um.csv,5,25,0.2299974,3.13993e-07,3.1399417499641845e-07,0.00044421088935770305
5_25um.csv,5,25,0.2399979,3.833818e-07,3.8338297499641845e-07,0.0005423759606040578
5_25um.csv,5,25,0.2499976,4.637382e-07,4.6373937499641843e-07,0.0006560570118846762
5_25um.csv,5,25,0.2599967,5.557009e-07,5.557020749964185e-07,0.0007861576188631388
5_25um.csv,5,25,0.2699985,6.667183e-07,6.667194749964185e-07,0.0009432151120116737
5_25um.csv,5,25,0.2799956,7.923207e-07,7.923218749964185e-07,0.0011209061593379446
5_25um.csv,5,25,0.2899946,9.335956e-07,9.335967749964184e-07,0.001320769258625173
5_25um.csv,5,25,0.2999957,1.092919e-06,1.0929201749964185e-06,0.0015461657622714599
5_25um.csv,5,25,0.3099948,1.276726e-06,1.2767271749964185e-06,0.0018061994744927221
5_25um.csv,5,25,0.3199979,1.468174e-06,1.4681751749964184e-06,0.002077042990448786
5_25um.csv,5,25,0.329995,1.676696e-06,1.6766971749964185e-06,0.002372041275279081
5_25um.csv,5,25,0.3399981,1.903301e-06,1.9033021749964185e-06,0.002692621771984316
5_25um.csv,5,25,0.3499972,2.13869e-06,2.1386911749964186e-06,0.003025629086646166
5_25um.csv,5,25,0.3599956,2.393296e-06,2.3932971749964184e-06,0.0033858228950093224
5_25um.csv,5,25,0.369996,2.6605e-06,2.6605011749964186e-06,0.0037638392275775607
5_25um.csv,5,25,0.3799978,2.935169e-06,2.9351701749964185e-06,0.004152416374814075
5_25um.csv,5,25,0.3899962,3.222159e-06,3.2221601749964186e-06,0.004558424171418013
5_25um.csv,5,25,0.399996,3.516942e-06,3.5169431749964185e-06,0.004975456807768752
5_25um.csv,5,25,0.4099971,3.809334e-06,3.8093351749964186e-06,0.005389106871062311
5_25um.csv,5,25,0.4199975,4.126045e-06,4.126046174996418e-06,0.0058371612815652195
5_25um.csv,5,25,0.4299979,4.44517e-06,4.445171174996418e-06,0.006288630803469229
5_25um.csv,5,25,0.4399937,4.762286e-06,4.762287174996419e-06,0.00673725817176727
5_25um.csv,5,25,0.4499975,5.095439e-06,5.095440174996419e-06,0.007208573254041885
5_25um.csv,5,25,0.4599945,5.42332e-06,5.423321174996418e-06,0.007672429982005562
5_25um.csv,5,25,0.4699963,5.756199e-06,5.756200174996418e-06,0.008143357433574335
5_25um.csv,5,25,0.4799974,6.100279e-06,6.100280174996418e-06,0.008630131058632641
5_25um.csv,5,25,0.4899965,6.44488e-06,6.444881174996419e-06,0.009117641747916287
5_25um.csv,5,25,0.4999989,6.807303e-06,6.807304174996418e-06,0.0096303654096069
5_25um.csv,5,25,0.509996,7.155226e-06,7.1552271749964184e-06,0.010122575767521224
5_25um.csv,5,25,0.5199944,7.520352e-06,7.520353174996419e-06,0.01063912339197786
5_25um.csv,5,25,0.5299989,7.883151e-06,7.883152174996419e-06,0.01115237898485605
5_25um.csv,5,25,0.5400006,8.243754e-06,8.243755174996418e-06,0.011662527873245088
5_25um.csv,5,25,0.550001,8.592175e-06,8.592176174996419e-06,0.012155442757040833
5_25um.csv,5,25,0.5600008,9.015223e-06,9.015224174996418e-06,0.01275393324917541
5_25um.csv,5,25,0.5700039,9.371734e-06,9.371735174996419e-06,0.01325829314176772
5_25um.csv,5,25,0.5799976,9.74685e-06,9.746851174996418e-06,0.013788973725170914
5_25um.csv,5,25,0.5900027,1.012117e-05,1.0121171174996419e-05,0.01431852819893232
5_25um.csv,5,25,0.5999998,1.049088e-05,1.0490881174996419e-05,0.014841560856803472
5_25um.csv,5,25,0.6099983,1.086676e-05,1.0866761174996418e-05,0.015373322279109087
5_25um.csv,5,25,0.6199987,1.12851e-05,1.1285101174996418e-05,0.015965152313714096
5_25um.csv,5,25,0.6299991,1.170434e-05,1.1704341174996419e-05,0.01655825558786384
5_25um.csv,5,25,0.6400002,1.206409e-05,1.2064091174996418e-05,0.017067197728106588
5_25um.csv,5,25,0.6500066,1.246211e-05,1.2462111174996418e-05,0.01763028084321269
5_25um.csv,5,25,0.6600064,1.287683e-05,1.2876831174996419e-05,0.01821698962542665
5_25um.csv,5,25,0.6700008,1.327887e-05,1.3278871174996419e-05,0.0187857598771659
5_25um.csv,5,25,0.6800026,1.368983e-05,1.3689831174996418e-05,0.01936714934750408
5_25um.csv,5,25,0.689999,1.411837e-05,1.4118371174996418e-05,0.019973409430282755
5_25um.csv,5,25,0.7000001,1.455706e-05,1.4557061174996419e-05,0.02059402882570483
5_25um.csv,5,25,0.7099998,1.494341e-05,1.4943411174996419e-05,0.021140602268047533
5_25um.csv,5,25,0.7200043,1.53654e-05,1.536540117499642e-05,0.021737595996361745
5_25um.csv,5,25,0.7300034,1.580389e-05,1.580389117499642e-05,0.02235793244966277
5_25um.csv,5,25,0.7400011,1.618345e-05,1.618345117499642e-05,0.022894900006995744
5_25um.csv,5,25,0.7500029,1.668983e-05,1.668983117499642e-05,0.023611281163287957
5_25um.csv,5,25,0.7600046,1.711268e-05,1.7112681174996422e-05,0.024209491542722696
5_25um.csv,5,25,0.7700011,1.753828e-05,1.753828117499642e-05,0.0248115923763219
5_25um.csv,5,25,0.7799995,1.800109e-05,1.800109117499642e-05,0.025466334591542877
5_25um.csv,5,25,0.7899999,1.837788e-05,1.837788117499642e-05,0.025999383400499284
5_25um.csv,5,25,0.800005,1.8878e-05,1.887800117499642e-05,0.02670690846840256
5_25um.csv,5,25,0.8100014,1.931623e-05,1.931623117499642e-05,0.02732687709694621
5_25um.csv,5,25,0.8200052,1.979951e-05,1.979951117499642e-05,0.02801057843825689
5_25um.csv,5,25,0.8300009,2.02581e-05,2.025810117499642e-05,0.028659350574723665
5_25um.csv,5,25,0.840002,2.074407e-05,2.074407117499642e-05,0.029346857487562498
5_25um.csv,5,25,0.8500025,2.124853e-05,2.124853117499642e-05,0.03006052239949261
5_25um.csv,5,25,0.8600022,2.178235e-05,2.178235117499642e-05,0.03081572321479319
5_25um.csv,5,25,0.8699993,2.219762e-05,2.219762117499642e-05,0.03140321008784005
5_25um.csv,5,25,0.8800024,2.272343e-05,2.272343117499642e-05,0.032147079071192484
5_25um.csv,5,25,0.8899988,2.318628e-05,2.318628117499642e-05,0.032801877874837675
5_25um.csv,5,25,0.9000033,2.363846e-05,2.363846117499642e-05,0.03344158171632473
5_25um.csv,5,25,0.9100037,2.417337e-05,2.417337117499642e-05,0.034198324566185045
5_25um.csv,5,25,0.9200034,2.467853e-05,2.467853117499642e-05,0.03491297977553884
5_25um.csv,5,25,0.9300032,2.522163e-05,2.522163117499642e-05,0.03568130910525625
5_25um.csv,5,25,0.9399996,2.570349e-05,2.570349117499642e-05,0.036363001557507456
5_25um.csv,5,25,0.9500021,2.620129e-05,2.620129117499642e-05,0.03706724449680652
5_25um.csv,5,25,0.9600005,2.673187e-05,2.673187117499642e-05,0.03781786164974606
5_25um.csv,5,25,0.9700009,2.724774e-05,2.724774117499642e-05,0.0385476684096822
5_25um.csv,5,25,0.9799993,2.775769e-05,2.775769117499642e-05,0.0392691000828352
5_25um.csv,5,25,0.9900018,2.825285e-05,2.825285117499642e-05,0.039969608186136374
5_25um.csv,5,25,1.000003,2.883447e-05,2.883447117499642e-05,0.040792432168368455
5_30um.csv,5,30,-0.9999996,-7.651374e-09,-8.408096645310932e-09,-1.1895023494183264e-05
5_30um.csv,5,30,-0.9899998,-7.641345e-09,-8.398067645310931e-09,-1.1880835361523097e-05
5_30um.csv,5,30,-0.9799994,-7.591198e-09,-8.347920645310932e-09,-1.180989186880106e-05
5_30um.csv,5,30,-0.9700003,-7.512077e-09,-8.26879964531093e-09,-1.169795855100218e-05
5_30um.csv,5,30,-0.9600005,-7.47196e-09,-8.228682645310931e-09,-1.1641204605650913e-05
5_30um.csv,5,30,-0.9499994,-7.415127e-09,-8.171849645310931e-09,-1.1560802357822097e-05
5_30um.csv,5,30,-0.940001,-7.370552e-09,-8.127274645310931e-09,-1.1497741632592576e-05
5_30um.csv,5,30,-0.9299999,-7.389496e-09,-8.146218645310931e-09,-1.1524541910298646e-05
5_30um.csv,5,30,-0.9199995,-7.337121e-09,-8.093843645310932e-09,-1.1450446442348087e-05
5_30um.csv,5,30,-0.9100004,-7.183337e-09,-7.94005964531093e-09,-1.1232886586628582e-05
5_30um.csv,5,30,-0.9,-7.194481e-09,-7.95120364531093e-09,-1.1248652121613614e-05
5_30um.csv,5,30,-0.8899989,-7.108674e-09,-7.865396645310931e-09,-1.1127260048707959e-05
5_30um.csv,5,30,-0.8800005,-7.093072e-09,-7.84979464531093e-09,-1.1105187733844673e-05
5_30um.csv,5,30,-0.8700007,-7.022867e-09,-7.779589645310931e-09,-1.1005867975802305e-05
5_30um.csv,5,30,-0.8600003,-6.968262e-09,-7.72498464531093e-09,-1.092861770320201e-05
5_30um.csv,5,30,-0.8499998,-6.908086e-09,-7.66480864531093e-09,-1.0843486077819806e-05
5_30um.csv,5,30,-0.8399994,-6.869083e-09,-7.625805645310931e-09,-1.0788308120082802e-05
5_30um.csv,5,30,-0.829999,-6.832309e-09,-7.58903164531093e-09,-1.0736283552284922e-05
5_30um.csv,5,30,-0.8200006,-6.771018e-09,-7.52774064531093e-09,-1.0649574524577851e-05
5_30um.csv,5,30,-0.8099995,-6.754302e-09,-7.51102464531093e-09,-1.0625926222100305e-05
5_30um.csv,5,30,-0.8000004,-6.615005e-09,-7.371727645310931e-09,-1.0428861278919223e-05
5_30um.csv,5,30,-0.7900006,-6.582689e-09,-7.3394116453109316e-09,-1.03831434909996e-05
5_30um.csv,5,30,-0.7800002,-6.515826e-09,-7.2725486453109315e-09,-1.0288551695800013e-05
5_30um.csv,5,30,-0.7700004,-6.490195e-09,-7.246917645310931e-09,-1.0252291248276562e-05
5_30um.csv,5,30,-0.7600007,-6.443392e-09,-7.200114645310932e-09,-1.0186078547818518e-05
5_30um.csv,5,30,-0.7499996,-6.39213e-09,-7.148852645310932e-09,-1.0113557652771614e-05
5_30um.csv,5,30,-0.7399992,-6.328611e-09,-7.085333645310931e-09,-1.0023696649836021e-05
5_30um.csv,5,30,-0.7300001,-6.365385e-09,-7.122107645310931e-09,-1.00757212176339e-05
5_30um.csv,5,30,-0.7200003,-6.261748e-09,-7.018470645310931e-09,-9.929104854636436e-06
5_30um.csv,5,30,-0.7099992,-6.209373e-09,-6.9660956453109315e-09,-9.855009386685876e-06
5_30um.csv,5,30,-0.7000008,-6.101278e-09,-6.858000645310931e-09,-9.702086243810155e-06
5_30um.csv,5,30,-0.6899997,-6.078991e-09,-6.835713645310931e-09,-9.670556588550697e-06
5_30um.csv,5,30,-0.6800006,-6.058932e-09,-6.815654645310931e-09,-9.64217890851976e-06
5_30um.csv,5,30,-0.6699995,-5.979812e-09,-6.7365346453109314e-09,-9.530247005431488e-06
5_30um.csv,5,30,-0.6600011,-5.919635e-09,-6.676357645310931e-09,-9.445113965338679e-06
5_30um.csv,5,30,-0.65,-5.877289e-09,-6.634011645310931e-09,-9.385206630048284e-06
5_30um.csv,5,30,-0.6400002,-5.846087e-09,-6.602809645310932e-09,-9.341064829742922e-06
5_30um.csv,5,30,-0.6299992,-5.752479e-09,-6.509201645310931e-09,-9.208636599405622e-06
5_30um.csv,5,30,-0.6200001,-5.780338e-09,-6.537060645310931e-09,-9.248049022157597e-06
5_30um.csv,5,30,-0.610001,-5.632126e-09,-6.388848645310931e-09,-9.03837193393061e-06
5_30um.csv,5,30,-0.5999999,-5.602038e-09,-6.358760645310931e-09,-8.995806121239508e-06
5_30um.csv,5,30,-0.5900001,-5.551891e-09,-6.308613645310931e-09,-8.92486262851747e-06
5_30um.csv,5,30,-0.5799997,-5.475e-09,-6.2317226453109316e-09,-8.816084115368325e-06
5_30um.csv,5,30,-0.5699999,-5.42151e-09,-6.178232645310931e-09,-8.740411245092899e-06
5_30um.csv,5,30,-0.5600002,-5.396993e-09,-6.153715645310931e-09,-8.705726785183707e-06
5_30um.csv,5,30,-0.5500011,-5.324559e-09,-6.081281645310931e-09,-8.603253637202211e-06
5_30um.csv,5,30,-0.5400007,-5.369134e-09,-6.125856645310931e-09,-8.666314362431732e-06
5_30um.csv,5,30,-0.5300002,-5.17189e-09,-5.928612645310931e-09,-8.387271183807573e-06
5_30um.csv,5,30,-0.5200011,-5.194177e-09,-5.9508996453109316e-09,-8.418800839067032e-06
5_30um.csv,5,30,-0.5099994,-5.110599e-09,-5.867321645310931e-09,-8.300562156100504e-06
5_30um.csv,5,30,-0.500001,-5.091655e-09,-5.8483776453109316e-09,-8.273761878394436e-06
5_30um.csv,5,30,-0.4900005,-5.051537e-09,-5.808259645310931e-09,-8.217006518332562e-06
5_30um.csv,5,30,-0.4799994,-4.996933e-09,-5.7536556453109315e-09,-8.139757660442875e-06
5_30um.csv,5,30,-0.470001,-4.979103e-09,-5.735825645310931e-09,-8.114533370351065e-06
5_30um.csv,5,30,-0.4599999,-4.854293e-09,-5.611015645310931e-09,-7.937963339708404e-06
5_30um.csv,5,30,-0.4499995,-4.84092e-09,-5.597642645310932e-09,-7.919044414784245e-06
5_30um.csv,5,30,-0.4400004,-4.813061e-09,-5.5697836453109316e-09,-7.87963199203227e-06
5_30um.csv,5,30,-0.4300006,-4.761799e-09,-5.518521645310932e-09,-7.807111096985366e-06
5_30um.csv,5,30,-0.4199989,-4.697166e-09,-5.453888645310931e-09,-7.715674106435513e-06
5_30um.csv,5,30,-0.4100011,-4.669306e-09,-5.426028645310932e-09,-7.676260268972934e-06
5_30um.csv,5,30,-0.4000007,-4.575699e-09,-5.332421645310931e-09,-7.54383345334624e-06
5_30um.csv,5,30,-0.3899996,-4.524438e-09,-5.281160645310932e-09,-7.471313973009941e-06
5_30um.csv,5,30,-0.3800005,-4.446431e-09,-5.203153645310931e-09,-7.360956642825323e-06
5_30um.csv,5,30,-0.3700008,-4.483206e-09,-5.239928645310931e-09,-7.412982625333807e-06
5_30um.csv,5,30,-0.3599997,-4.378454e-09,-5.135176645310932e-09,-7.264788860011477e-06
5_30um.csv,5,30,-0.3500006,-4.303791e-09,-5.060513645310932e-09,-7.159162322090853e-06
5_30um.csv,5,30,-0.3399995,-4.284847e-09,-5.041569645310931e-09,-7.132362044384783e-06
5_30um.csv,5,30,-0.3299997,-4.214641e-09,-4.971363645310931e-09,-7.033040871631808e-06
5_30um.csv,5,30,-0.3200013,-4.175638e-09,-4.932360645310931e-09,-6.977862913894802e-06
5_30um.csv,5,30,-0.3100002,-4.125491e-09,-4.882213645310931e-09,-6.906919421172764e-06
5_30um.csv,5,30,-0.2999998,-4.112119e-09,-4.868841645310931e-09,-6.88800191095921e-06
5_30um.csv,5,30,-0.2900007,-3.996224e-09,-4.7529466453109315e-09,-6.724044025362453e-06
5_30um.csv,5,30,-0.2799996,-3.978394e-09,-4.735116645310931e-09,-6.698819735270644e-06
5_30um.csv,5,30,-0.2699985,-3.914874e-09,-4.6715966453109315e-09,-6.608957317624447e-06
5_30um.csv,5,30,-0.2600007,-3.902616e-09,-4.659338645310932e-09,-6.591615795025155e-06
5_30um.csv,5,30,-0.2500003,-3.795636e-09,-4.552358645310932e-09,-6.440270054474301e-06
5_30um.csv,5,30,-0.2400019,-3.825724e-09,-4.582446645310932e-09,-6.482835867165403e-06
5_30um.csv,5,30,-0.2300001,-3.679741e-09,-4.436463645310931e-09,-6.2763121688775435e-06
5_30um.csv,5,30,-0.2199997,-3.709829e-09,-4.466551645310931e-09,-6.318877981568645e-06
5_30um.csv,5,30,-0.21,-3.620679e-09,-4.377401645310931e-09,-6.192756531109601e-06
5_30um.csv,5,30,-0.2000002,-3.591706e-09,-4.348428645310931e-09,-6.151768120743365e-06
5_30um.csv,5,30,-0.1899998,-3.509242e-09,-4.265964645310931e-09,-6.035105425391098e-06
5_30um.csv,5,30,-0.18,-3.426778e-09,-4.183500645310931e-09,-5.91844273003883e-06
5_30um.csv,5,30,-0.1700003,-3.411177e-09,-4.1678996453109314e-09,-5.89637182988615e-06
5_30um.csv,5,30,-0.1599998,-3.276337e-09,-4.033059645310931e-09,-5.705612251872717e-06
5_30um.csv,5,30,-0.1499994,-3.274109e-09,-4.0308316453109314e-09,-5.702460276644195e-06
5_30um.csv,5,30,-0.1399996,-3.198331e-09,-3.955053645310931e-09,-5.595256336398705e-06
5_30um.csv,5,30,-0.1300006,-3.159328e-09,-3.916050645310931e-09,-5.5400783786616986e-06
5_30um.csv,5,30,-0.1200008,-3.04789e-09,-3.804612645310931e-09,-5.382425858232591e-06
5_30um.csv,5,30,-0.110001,-3.025603e-09,-3.7823256453109314e-09,-5.350896202973133e-06
5_30um.csv,5,30,-0.09999928,-2.90525e-09,-3.661972645310931e-09,-5.18063153749812e-06
5_30um.csv,5,30,-0.09000018,-2.76261e-09,-3.5193326453109308e-09,-4.978837216763649e-06
5_30um.csv,5,30,-0.07999976,-2.643372e-09,-3.400094645310931e-09,-4.810149953613504e-06
5_30um.csv,5,30,-0.07,-2.525248e-09,-3.2819706453109313e-09,-4.643038678077619e-06
5_30um.csv,5,30,-0.05999957,-2.32689e-09,-3.083612645310931e-09,-4.3624195118392e-06
5_30um.csv,5,30,-0.04999982,-2.183135e-09,-2.939857645310931e-09,-4.159047788779863e-06
5_30um.csv,5,30,-0.04000072,-1.751872e-09,-2.5085946453109312e-09,-3.5489354490230623e-06
5_30um.csv,5,30,-0.03000097,-1.521196e-09,-2.277918645310931e-09,-3.2225956654438085e-06
5_30um.csv,5,30,-0.01999987,-1.018613e-09,-1.7753356453109311e-09,-2.511586165319773e-06
5_30um.csv,5,30,-0.01000011,-4.346806e-10,-1.1914032453109311e-09,-1.6854908062840943e-06
5_30um.csv,5,30,-1.022334e-06,7.565865e-10,-1.3614531093114665e-13,-1.926062152308892e-10
5_30um.csv,5,30,0.009998736,2.088265e-09,1.3315423546890688e-09,1.8837470905332178e-06
5_30um.csv,5,30,0.02000183,3.495721e-09,2.7389983546890686e-09,3.874890020171854e-06
5_30um.csv,5,30,0.02999959,5.743415e-09,4.986692354689068e-09,7.0547265593540275e-06
5_30um.csv,5,30,0.03999935,9.189064e-09,8.432341354689068e-09,1.192932274166199e-05
5_30um.csv,5,30,0.04999977,1.343818e-08,1.2681457354689069e-08,1.794059220984743e-05
5_30um.csv,5,30,0.05999886,1.866237e-08,1.790564735468907e-08,2.5331309206747417e-05
5_30um.csv,5,30,0.06999929,2.715836e-08,2.6401637354689068e-08,3.7350676361941294e-05
5_30um.csv,5,30,0.08000038,3.60377e-08,3.528097735468907e-08,4.991237282766209e-05
5_30um.csv,5,30,0.08999947,4.705665e-08,4.629992735468907e-08,6.5500998251506e-05
5_30um.csv,5,30,0.0999999,6.059853e-08,5.984180735468907e-08,8.465883950268178e-05
5_30um.csv,5,30,0.109999,7.969224e-08,7.893551735468906e-08,0.00011167091353346534
5_30um.csv,5,30,0.1200001,1.01466e-07,1.0070927735468907e-07,0.00014247448272187947
5_30um.csv,5,30,0.1299998,1.285966e-07,1.2783987735468908e-07,0.00018085643026898146
5_30um.csv,5,30,0.1399989,1.582601e-07,1.5750337735468909e-07,0.0002228216983081498
5_30um.csv,5,30,0.1499994,1.930721e-07,1.9231537735468907e-07,0.00027207060389850587
5_30um.csv,5,30,0.1599998,2.340065e-07,2.3324977735468908e-07,0.0003299809336985137
5_30um.csv,5,30,0.1699989,2.813161e-07,2.805593773546891e-07,0.0003969103265491833
5_30um.csv,5,30,0.1799993,3.321851e-07,3.314283773546891e-07,0.00046887524032821994
5_30um.csv,5,30,0.1899991,3.912203e-07,3.904635773546891e-07,0.0005523929638519414
5_30um.csv,5,30,0.1999995,4.538482e-07,4.5309147735468906e-07,0.000640993318167185
5_30um.csv,5,30,0.2099992,5.250668e-07,5.24310077354689e-07,0.0007417470268790467
5_30um.csv,5,30,0.2200003,6.079016e-07,6.07144877354689e-07,0.0008589342969237448
5_30um.csv,5,30,0.2300001,7.05571e-07,7.04814277354689e-07,0.0009971082329132519
5_30um.csv,5,30,0.2399999,7.999029e-07,7.99146177354689e-07,0.0011305605722576996
5_30um.csv,5,30,0.2499996,9.087216e-07,9.07964877354689e-07,0.0012845075411984464
5_30um.csv,5,30,0.2599994,1.027367e-06,1.026610277354689e-06,0.0014523564468439147
5_30um.csv,5,30,0.2699998,1.17387e-06,1.173113277354689e-06,0.0016596157946465093
5_30um.csv,5,30,0.2799996,1.292622e-06,1.2918652773546891e-06,0.0018276155084424985
5_30um.csv,5,30,0.2899993,1.444353e-06,1.443596277354689e-06,0.0020422709632893997
5_30um.csv,5,30,0.2999997,1.615269e-06,1.614512277354689e-06,0.002284067641098238
5_30um.csv,5,30,0.3099988,1.78204e-06,1.7812832773546891e-06,0.0025200003434482695
5_30um.csv,5,30,0.3199986,1.950426e-06,1.949669277354689e-06,0.002758217803425797
5_30um.csv,5,30,0.329999,2.156707e-06,2.1559502773546893e-06,0.0030500457217897017
5_30um.csv,5,30,0.3399994,2.356609e-06,2.3558522773546893e-06,0.0033328492012026445
5_30um.csv,5,30,0.3499985,2.566566e-06,2.5658092773546893e-06,0.0036298775957514895
5_30um.csv,5,30,0.3599996,2.774634e-06,2.7738772773546894e-06,0.003924233601966996
5_30um.csv,5,30,0.369998,3.009453e-06,3.008696277354689e-06,0.004256434531583847
5_30um.csv,5,30,0.3799991,3.228503e-06,3.227746277354689e-06,0.004566326889666333
5_30um.csv,5,30,0.3899982,3.479853e-06,3.4790962773546893e-06,0.004921914400298759
5_30um.csv,5,30,0.4000007,3.715518e-06,3.714761277354689e-06,0.005255312175087661
5_30um.csv,5,30,0.4099997,3.988576e-06,3.98781927735469e-06,0.0056416102235391
5_30um.csv,5,30,0.4200002,4.254558e-06,4.253801277354689e-06,0.006017897779747708
5_30um.csv,5,30,0.4299999,4.527156e-06,4.526399277354689e-06,0.0064035450613207255
5_30um.csv,5,30,0.439999,4.799895e-06,4.799138277354689e-06,0.006789391817089084
5_30um.csv,5,30,0.4500001,5.061109e-06,5.060352277354689e-06,0.007158934033131808
5_30um.csv,5,30,0.4600005,5.348305e-06,5.347548277354689e-06,0.007565233260120429
5_30um.csv,5,30,0.469997,5.624731e-06,5.62397427735469e-06,0.007956296053890389
5_30um.csv,5,30,0.4799987,5.928941e-06,5.928184277354689e-06,0.008386665167116924
5_30um.csv,5,30,0.4900005,6.225046e-06,6.224289277354689e-06,0.00880556805088782
5_30um.csv,5,30,0.4999976,6.546123e-06,6.5453662773546895e-06,0.0092597990878933
5_30um.csv,5,30,0.5099993,6.804373e-06,6.803616277354689e-06,0.009625148101702027
5_30um.csv,5,30,0.5199991,7.118163e-06,7.11740627735469e-06,0.010069070142526969
5_30um.csv,5,30,0.5299982,7.440322e-06,7.439565277354689e-06,0.01052483189640734
5_30um.csv,5,30,0.5399979,7.724858e-06,7.724101277354688e-06,0.010927367993185966
5_30um.csv,5,30,0.549999,8.012958e-06,8.012201277354688e-06,0.011334946118561744
5_30um.csv,5,30,0.5599968,8.316189e-06,8.315432277354688e-06,0.011763930230105732
5_30um.csv,5,30,0.5699979,8.617167e-06,8.61641027735469e-06,0.012189726998656066
5_30um.csv,5,30,0.5799983,8.92357e-06,8.922813277354688e-06,0.01262319857223994
5_30um.csv,5,30,0.5899981,9.244569e-06,9.243812277354688e-06,0.013077319261818208
5_30um.csv,5,30,0.6000005,9.550564e-06,9.549807277354688e-06,0.013510213633475137
5_30um.csv,5,30,0.6100003,9.900115e-06,9.899358277354688e-06,0.014004727140254827
5_30um.csv,5,30,0.619996,1.021185e-05,1.0211093277354688e-05,0.014445741950785955
5_30um.csv,5,30,0.6299978,1.049224e-05,1.0491483277354689e-05,0.01484241265739517
5_30um.csv,5,30,0.6399989,1.091292e-05,1.0912163277354688e-05,0.01543755311481649
5_30um.csv,5,30,0.6499986,1.122075e-05,1.1219993277354688e-05,0.01587304348043407
5_30um.csv,5,30,0.659999,1.165989e-05,1.1659133277354688e-05,0.016494299495628514
5_30um.csv,5,30,0.6699988,1.195624e-05,1.1955483277354689e-05,0.0169135489834977
5_30um.csv,5,30,0.6799986,1.226463e-05,1.2263873277354688e-05,0.01734983158705423
5_30um.csv,5,30,0.6900003,1.262662e-05,1.2625863277354688e-05,0.017861942679052764
5_30um.csv,5,30,0.7000021,1.299861e-05,1.2997853277354689e-05,0.018388200877103914
5_30um.csv,5,30,0.7099985,1.331462e-05,1.3313863277354688e-05,0.018835263575472532
5_30um.csv,5,30,0.7200009,1.365746e-05,1.3656703277354688e-05,0.019320282959380316
5_30um.csv,5,30,0.729996,1.400241e-05,1.4001653277354689e-05,0.0198082873826652
5_30um.csv,5,30,0.7400005,1.435373e-05,1.4352973277354688e-05,0.020305303512505594
5_30um.csv,5,30,0.7499982,1.473655e-05,1.4735793277354689e-05,0.020846883026411724
5_30um.csv,5,30,0.760002,1.510079e-05,1.5100033277354689e-05,0.021362177217272096
5_30um.csv,5,30,0.7699997,1.552327e-05,1.552251327735469e-05,0.021959864153782885
5_30um.csv,5,30,0.7799968,1.583239e-05,1.583163327735469e-05,0.02239717949608126
5_30um.csv,5,30,0.7899986,1.619424e-05,1.619348327735469e-05,0.02290909252859506
5_30um.csv,5,30,0.7999997,1.658619e-05,1.658543327735469e-05,0.02346358835032722
5_30um.csv,5,30,0.8100034,1.701873e-05,1.701797327735469e-05,0.024075507275526938
5_30um.csv,5,30,0.8200005,1.739444e-05,1.739368327735469e-05,0.02460702819702966
5_30um.csv,5,30,0.8300003,1.78178e-05,1.781704327735469e-05,0.02520596007887308
5_30um.csv,5,30,0.8399994,1.814715e-05,1.814639327735469e-05,0.02567189501671589
5_30um.csv,5,30,0.8500011,1.856061e-05,1.855985327735469e-05,0.02625682126356722
5_30um.csv,5,30,0.8599969,1.895115e-05,1.895039327735469e-05,0.026809322343345963
5_30um.csv,5,30,0.87,1.932219e-05,1.932143327735469e-05,0.027334236566322112
5_30um.csv,5,30,0.8799991,1.970431e-05,1.970355327735469e-05,0.02787482578280456
5_30um.csv,5,30,0.8900002,2.013027e-05,2.012951327735469e-05,0.028477435912221658
5_30um.csv,5,30,0.8999979,2.048949e-05,2.048873327735469e-05,0.02898562825584362
5_30um.csv,5,30,0.9099943,2.089245e-05,2.089169327735469e-05,0.02955570004133971
5_30um.csv,5,30,0.9199988,2.144575e-05,2.144499327735469e-05,0.030338459419230784
5_30um.csv,5,30,0.9300005,2.185535e-05,2.185459327735469e-05,0.03091792488314581
5_30um.csv,5,30,0.9399976,2.225796e-05,2.225720327735469e-05,0.03148750151993006
5_30um.csv,5,30,0.9499994,2.260179e-05,2.260103327735469e-05,0.031973921467337046
5_30um.csv,5,30,0.9599985,2.29484e-05,2.294764327735469e-05,0.03246427431022666
5_30um.csv,5,30,0.9700016,2.336116e-05,2.336040327735469e-05,0.03304821025965431
5_30um.csv,5,30,0.98,2.37296e-05,2.372884327735469e-05,0.03356944623505678
5_30um.csv,5,30,0.9899984,2.412629e-05,2.412553327735469e-05,0.03413064778505788
5_30um.csv,5,30,0.9999962,2.457291e-05,2.457215327735469e-05,0.034762485835579685
5_35um.csv,5,35,-0.9999996,-3.016242e-11,-7.354865598483987e-11,-1.0405006362446732e-07
5_35um.csv,5,35,-0.9900011,-1.121804e-11,-5.460427598483988e-11,-7.724924832836743e-08
5_35um.csv,5,35,-0.98,-3.417417e-12,-4.680365298483988e-11,-6.621362424262228e-08
5_35um.csv,5,35,-0.9700003,5.497584e-12,-3.7888651984839875e-11,-5.3601477782007255e-08
5_35um.csv,5,35,-0.9599999,-8.989293e-12,-5.2375528984839875e-11,-7.409621631102313e-08
5_35um.csv,5,35,-0.9499994,3.224259e-11,-1.1143645984839877e-11,-1.5765034156030384e-08
5_35um.csv,5,35,-0.940001,-4.531792e-12,-4.791802798483987e-11,-6.779014237336033e-08
5_35um.csv,5,35,-0.9299999,8.84071e-12,-3.4545525984839875e-11,-4.887192197508249e-08
5_35um.csv,5,35,-0.9199995,-2.347617e-11,-6.686240598483987e-11,-9.459095484003902e-08
5_35um.csv,5,35,-0.9100011,-4.531792e-12,-4.791802798483987e-11,-6.779014237336033e-08
5_35um.csv,5,35,-0.9,1.887009e-11,-2.4516145984839878e-11,-3.468325172488701e-08
5_35um.csv,5,35,-0.8900002,5.118697e-11,7.800734015160126e-12,1.1035781140069526e-08
5_35um.csv,5,35,-0.8799998,2.555634e-11,-1.7829895984839876e-11,-2.5224142940458693e-08
5_35um.csv,5,35,-0.8699994,2.889946e-11,-1.4486775984839876e-11,-2.0494595621797565e-08
5_35um.csv,5,35,-0.8599996,1.887009e-11,-2.4516145984839878e-11,-3.468325172488701e-08
5_35um.csv,5,35,-0.8500005,1.040083e-12,-4.2346152984839877e-11,-5.990755171967006e-08
5_35um.csv,5,35,-0.8400008,6.233072e-11,1.894448401516012e-11,2.6800962447450035e-08
5_35um.csv,5,35,-0.829999,2.444196e-11,-1.8944275984839877e-11,-2.6800668144749774e-08
5_35um.csv,5,35,-0.8199999,9.955085e-12,-3.343115098483988e-11,-4.729540384434445e-08
5_35um.csv,5,35,-0.8100001,5.564447e-11,1.2258234015160127e-11,1.7341853663021736e-08
5_35um.csv,5,35,-0.8000004,3.268834e-12,-4.011740198483988e-11,-5.675451404348336e-08
5_35um.csv,5,35,-0.79,4.115759e-11,-2.228645984839875e-12,-3.152889110125967e-09
5_35um.csv,5,35,-0.7800002,7.726335e-12,-3.565990098483988e-11,-5.044844010582055e-08
5_35um.csv,5,35,-0.7699998,3.335696e-11,-1.0029275984839878e-11,-1.418852309884536e-08
5_35um.csv,5,35,-0.76,7.726335e-12,-3.565990098483988e-11,-5.044844010582055e-08
5_35um.csv,5,35,-0.7500003,-3.417417e-12,-4.680365298483988e-11,-6.621362424262228e-08
5_35um.csv,5,35,-0.7400005,-2.303042e-12,-4.5689277984839876e-11,-6.463710611188422e-08
5_35um.csv,5,35,-0.7300007,3.335696e-11,-1.0029275984839878e-11,-1.418852309884536e-08
5_35um.csv,5,35,-0.7199996,1.887009e-11,-2.4516145984839878e-11,-3.468325172488701e-08
5_35um.csv,5,35,-0.7099999,3.558571e-11,-7.800525984839875e-12,-1.1035486837369251e-08
5_35um.csv,5,35,-0.7000001,2.332759e-11,-2.0058645984839876e-11,-2.8377179201934796e-08
5_35um.csv,5,35,-0.6900004,4.672947e-11,3.3432340151601244e-12,4.729708617117317e-09
5_35um.csv,5,35,-0.6799993,1.552696e-11,-2.7859275984839877e-11,-3.9412813190654186e-08
5_35um.csv,5,35,-0.6700002,1.040083e-12,-4.2346152984839877e-11,-5.990755171967006e-08
5_35um.csv,5,35,-0.6599998,1.441259e-11,-2.8973645984839876e-11,-4.098932424783921e-08
5_35um.csv,5,35,-0.65,2.889946e-11,-1.4486775984839876e-11,-2.0494595621797565e-08
5_35um.csv,5,35,-0.6400009,1.441259e-11,-2.8973645984839876e-11,-4.098932424783921e-08
5_35um.csv,5,35,-0.6300005,1.887009e-11,-2.4516145984839878e-11,-3.468325172488701e-08
5_35um.csv,5,35,-0.6200007,2.444196e-11,-1.8944275984839877e-11,-2.6800668144749774e-08
5_35um.csv,5,35,-0.610001,4.383209e-12,-3.9003026984839877e-11,-5.517799591274531e-08
5_35um.csv,5,35,-0.5999999,-2.303042e-12,-4.5689277984839876e-11,-6.463710611188422e-08
5_35um.csv,5,35,-0.5900001,3.268834e-12,-4.011740198483988e-11,-5.675451404348336e-08
5_35um.csv,5,35,-0.5800004,3.112821e-11,-1.2258025984839876e-11,-1.734155936032146e-08
5_35um.csv,5,35,-0.5700006,3.224259e-11,-1.1143645984839877e-11,-1.5765034156030384e-08
5_35um.csv,5,35,-0.5600002,5.453009e-11,1.1143854015160122e-11,1.576532845873065e-08
5_35um.csv,5,35,-0.5499997,1.441259e-11,-2.8973645984839876e-11,-4.098932424783921e-08
5_35um.csv,5,35,-0.5400007,-1.188667e-12,-4.4574902984839874e-11,-6.306058798114617e-08
5_35um.csv,5,35,-0.5300009,3.112821e-11,-1.2258025984839876e-11,-1.734155936032146e-08
5_35um.csv,5,35,-0.5200005,7.726335e-12,-3.565990098483988e-11,-5.044844010582055e-08
5_35um.csv,5,35,-0.51,1.998446e-11,-2.3401775984839875e-11,-3.310674066770198e-08
5_35um.csv,5,35,-0.500001,3.001384e-11,-1.3372395984839875e-11,-1.8918070417506484e-08
5_35um.csv,5,35,-0.4899999,1.998446e-11,-2.3401775984839875e-11,-3.310674066770198e-08
5_35um.csv,5,35,-0.4799994,1.218384e-11,-3.120239598483988e-11,-4.414236050931532e-08
5_35um.csv,5,35,-0.4699997,1.441259e-11,-2.8973645984839876e-11,-4.098932424783921e-08
5_35um.csv,5,35,-0.4600006,3.781446e-11,-5.571775984839877e-12,-7.882450575893152e-09
5_35um.csv,5,35,-0.4500002,1.998446e-11,-2.3401775984839875e-11,-3.310674066770198e-08
5_35um.csv,5,35,-0.4400004,1.040083e-12,-4.2346152984839877e-11,-5.990755171967006e-08
5_35um.csv,5,35,-0.43,6.611959e-12,-3.677427698483987e-11,-5.20249596512692e-08
5_35um.csv,5,35,-0.4199989,3.447134e-11,-8.914895984839874e-12,-1.2611997894554275e-08
5_35um.csv,5,35,-0.4100005,5.898759e-11,1.5601354015160123e-11,2.2071400981682858e-08
5_35um.csv,5,35,-0.4,5.230134e-11,8.915104015160125e-12,1.261229219725455e-08
5_35um.csv,5,35,-0.3899996,3.112821e-11,-1.2258025984839876e-11,-1.734155936032146e-08
5_35um.csv,5,35,-0.3800005,4.672947e-11,3.3432340151601244e-12,4.729708617117317e-09
5_35um.csv,5,35,-0.3699994,3.001384e-11,-1.3372395984839875e-11,-1.8918070417506484e-08
5_35um.csv,5,35,-0.359999,3.001384e-11,-1.3372395984839875e-11,-1.8918070417506484e-08
5_35um.csv,5,35,-0.3499999,2.109884e-11,-2.2287395984839877e-11,-3.15302154634109e-08
5_35um.csv,5,35,-0.3400002,1.040083e-12,-4.2346152984839877e-11,-5.990755171967006e-08
5_35um.csv,5,35,-0.3299991,-1.344679e-11,-5.6833025984839874e-11,-8.040228458984353e-08
5_35um.csv,5,35,-0.32,1.664134e-11,-2.6744895984839875e-11,-3.783628798636311e-08
5_35um.csv,5,35,-0.3099989,8.84071e-12,-3.4545525984839875e-11,-4.887192197508249e-08
5_35um.csv,5,35,-0.2999991,3.558571e-11,-7.800525984839875e-12,-1.1035486837369251e-08
5_35um.csv,5,35,-0.2899994,4.227197e-11,-1.1142659848398768e-12,-1.5763639058348912e-09
5_35um.csv,5,35,-0.2800003,5.564447e-11,1.2258234015160127e-11,1.7341853663021736e-08
5_35um.csv,5,35,-0.2699992,6.233072e-11,1.894448401516012e-11,2.6800962447450035e-08
5_35um.csv,5,35,-0.2600001,2.667071e-11,-1.6715525984839877e-11,-2.3647631883273668e-08
5_35um.csv,5,35,-0.2499997,5.341572e-11,1.0029484015160123e-11,1.4188817401545627e-08
5_35um.csv,5,35,-0.2400012,4.115759e-11,-2.228645984839875e-12,-3.152889110125967e-09
5_35um.csv,5,35,-0.2300001,-7.429172e-14,-4.3460527704839874e-11,-6.148406945428915e-08
5_35um.csv,5,35,-0.219999,1.775571e-11,-2.5630525984839876e-11,-3.625977692917808e-08
5_35um.csv,5,35,-0.2100013,1.887009e-11,-2.4516145984839878e-11,-3.468325172488701e-08
5_35um.csv,5,35,-0.2000009,4.227197e-11,-1.1142659848398768e-12,-1.5763639058348912e-09
5_35um.csv,5,35,-0.1900004,5.675884e-11,1.3372604015160126e-11,1.8918364720206758e-08
5_35um.csv,5,35,-0.18,5.341572e-11,1.0029484015160123e-11,1.4188817401545627e-08
5_35um.csv,5,35,-0.1699996,5.007259e-11,6.686354015160121e-12,9.459255935778441e-09
5_35um.csv,5,35,-0.1599998,4.338634e-11,1.0401516012223927e-16,1.4715135013288328e-13
5_35um.csv,5,35,-0.1500007,2.332759e-11,-2.0058645984839876e-11,-2.8377179201934796e-08
5_35um.csv,5,35,-0.1399996,2.109884e-11,-2.2287395984839877e-11,-3.15302154634109e-08
5_35um.csv,5,35,-0.1299999,3.670009e-11,-6.686145984839876e-12,-9.458961633078175e-09
5_35um.csv,5,35,-0.1200008,2.889946e-11,-1.4486775984839876e-11,-2.0494595621797565e-08
5_35um.csv,5,35,-0.1099997,4.338634e-11,1.0401516012223927e-16,1.4715135013288328e-13
5_35um.csv,5,35,-0.09999994,7.23601e-11,2.8973864015160126e-11,4.098963269764554e-08
5_35um.csv,5,35,-0.08999952,3.112821e-11,-1.2258025984839876e-11,-1.734155936032146e-08
5_35um.csv,5,35,-0.08000042,3.781446e-11,-5.571775984839877e-12,-7.882450575893152e-09
5_35um.csv,5,35,-0.06999933,-3.417417e-12,-4.680365298483988e-11,-6.621362424262228e-08
5_35um.csv,5,35,-0.06000024,5.564447e-11,1.2258234015160127e-11,1.7341853663021736e-08
5_35um.csv,5,35,-0.04999982,6.790259e-11,2.4516354015160125e-11,3.4683546027587276e-08
5_35um.csv,5,35,-0.03999939,9.955085e-12,-3.343115098483988e-11,-4.729540384434445e-08
5_35um.csv,5,35,-0.0300003,8.57326e-11,4.234636401516012e-11,5.990785026650216e-08
5_35um.csv,5,35,-0.01999987,6.455947e-11,2.1173234015160123e-11,2.995399870892614e-08
5_35um.csv,5,35,-0.01000011,4.004322e-11,-3.343015984839874e-12,-4.729400167310991e-09
5_35um.csv,5,35,3.111451e-07,4.338634e-11,1.0401516012223927e-16,1.4715135013288328e-13
5_35um.csv,5,35,0.01000074,9.687635e-11,5.349011401516013e-11,7.567303157388267e-08
5_35um.csv,5,35,0.01999916,9.799072e-11,5.460448401516013e-11,7.724954263106771e-08
5_35um.csv,5,35,0.03000025,1.559382e-10,1.1255196401516012e-10,1.5922845713523428e-07
5_35um.csv,5,35,0.04000001,1.381082e-10,9.472196401516012e-11,1.3400416704342546e-07
5_35um.csv,5,35,0.04999977,2.138857e-10,1.7049946401516013e-10,2.41207399933613e-07
5_35um.csv,5,35,0.0600002,2.807483e-10,2.3736206401516015e-10,3.357986292489567e-07
5_35um.csv,5,35,0.07000062,3.342383e-10,2.9085206401516014e-10,4.114714995243831e-07
5_35um.csv,5,35,0.07999971,5.158814e-10,4.724951640151601e-10,6.684439194669205e-07
5_35um.csv,5,35,0.09000014,6.997533e-10,6.563670640151601e-10,9.285694464064641e-07
5_35um.csv,5,35,0.0999999,9.794615e-10,9.3607526401516e-10,1.3242756033250104e-06
5_35um.csv,5,35,0.1099997,1.352777e-09,1.3093907640151602e-09,1.8524090002834321e-06
5_35um.csv,5,35,0.1199994,1.979056e-09,1.93566976401516e-09,2.738412543435868e-06
5_35um.csv,5,35,0.1299998,2.782521e-09,2.73913476401516e-09,3.875082999892132e-06
5_35um.csv,5,35,0.1399996,3.82669e-09,3.78330376401516e-09,5.35227995787721e-06
5_35um.csv,5,35,0.1499994,5.504939e-09,5.46155276401516e-09,7.726516616446367e-06
5_35um.csv,5,35,0.1600004,7.942078e-09,7.89869176401516e-09,1.1174363006242265e-05
5_35um.csv,5,35,0.1699995,1.121165e-08,1.1168263764015161e-08,1.579986118930764e-05
5_35um.csv,5,35,0.18,1.628206e-08,1.6238673764015158e-08,2.297302398933054e-05
5_35um.csv,5,35,0.1899997,2.318004e-08,2.3136653764015158e-08,3.2731669450210824e-05
5_35um.csv,5,35,0.2000002,3.272912e-08,3.268573376401516e-08,4.624085419669932e-05
5_35um.csv,5,35,0.2100006,4.569599e-08,4.5652603764015157e-08,6.45852227027438e-05
5_35um.csv,5,35,0.2199997,6.329198e-08,6.324859376401516e-08,8.947845636581544e-05
5_35um.csv,5,35,0.2299994,8.674735e-08,8.670396376401516e-08,0.00012266101705514298
5_35um.csv,5,35,0.2400005,1.173615e-07,1.1731811376401516e-07,0.00016597117973120296
5_35um.csv,5,35,0.2500003,1.554954e-07,1.5545201376401517e-07,0.00021991961248117654
5_35um.csv,5,35,0.2599994,2.013073e-07,2.0126391376401517e-07,0.0002847301932583463
5_35um.csv,5,35,0.2700005,2.564555e-07,2.5641211376401514e-07,0.000362748936659417
5_35um.csv,5,35,0.2800009,3.189731e-07,3.1892971376401517e-07,0.00045119324839490037
5_35um.csv,5,35,0.2899993,3.874715e-07,3.8742811376401515e-07,0.0005480986613183304
5_35um.csv,5,35,0.3000011,4.650956e-07,4.650522137640151e-07,0.0006579142988121934
5_35um.csv,5,35,0.3100015,5.469687e-07,5.469253137640152e-07,0.0007737410416678117
5_35um.csv,5,35,0.3199993,6.326764e-07,6.326330137640152e-07,0.000894992633810365
5_35um.csv,5,35,0.330001,7.266472e-07,7.266038137640152e-07,0.0010279341211552526
5_35um.csv,5,35,0.3400001,8.204932e-07,8.204498137640152e-07,0.0011606990526166038
5_35um.csv,5,35,0.3499992,9.189193e-07,9.188759137640152e-07,0.0012999435001211123
5_35um.csv,5,35,0.359999,1.017627e-06,1.017583613764015e-06,0.001439586330132062
5_35um.csv,5,35,0.3699974,1.121983e-06,1.121939613764015e-06,0.0015872198700547094
5_35um.csv,5,35,0.3800025,1.225074e-06,1.2250306137640151e-06,0.0017330638010617013
5_35um.csv,5,35,0.3899996,1.33183e-06,1.3317866137640152e-06,0.0018840926464369758
5_35um.csv,5,35,0.4000033,1.435177e-06,1.4351336137640151e-06,0.0020302987433589146
5_35um.csv,5,35,0.4099991,1.543757e-06,1.5437136137640151e-06,0.0021839080208781855
5_35um.csv,5,35,0.4200015,1.653325e-06,1.653281613764015e-06,0.0023389150324754546
5_35um.csv,5,35,0.4300006,1.761672e-06,1.7616286137640152e-06,0.0024921946824237
5_35um.csv,5,35,0.4399984,1.868356e-06,1.8683126137640151e-06,0.0026431216686353953
5_35um.csv,5,35,0.4500015,1.98156e-06,1.9815166137640153e-06,0.002803272567993395
5_35um.csv,5,35,0.4600005,2.090197e-06,2.0901536137640153e-06,0.002956962484017166
5_35um.csv,5,35,0.4699996,2.207364e-06,2.2073206137640154e-06,0.0031227198815038156
5_35um.csv,5,35,0.4799981,2.317614e-06,2.3175706137640153e-06,0.003278691725733873
5_35um.csv,5,35,0.4899992,2.429911e-06,2.429867613764015e-06,0.0034375594825729002
5_35um.csv,5,35,0.4999982,2.537808e-06,2.537764613764015e-06,0.0035902025127487777
5_35um.csv,5,35,0.51,2.644799e-06,2.644755613764015e-06,0.0037415638151162885
5_35um.csv,5,35,0.5199984,2.766177e-06,2.766133613764015e-06,0.003913278558961694
5_35um.csv,5,35,0.5299989,2.879934e-06,2.879890613764015e-06,0.004074211793284402
5_35um.csv,5,35,0.5399999,2.998411e-06,2.9983676137640154e-06,0.004241822461663945
5_35um.csv,5,35,0.5499977,3.112035e-06,3.1119916137640152e-06,0.0044025675394761534
5_35um.csv,5,35,0.5600001,3.224475e-06,3.2244316137640155e-06,0.004561637599931733
5_35um.csv,5,35,0.5699966,3.330585e-06,3.3305416137640155e-06,0.004711752542256009
5_35um.csv,5,35,0.579999,3.466536e-06,3.466492613764015e-06,0.004904083863751887
5_35um.csv,5,35,0.5900007,3.573076e-06,3.573032613764015e-06,0.0050548071316364246
5_35um.csv,5,35,0.5999998,3.699809e-06,3.6997656137640155e-06,0.005234097650773004
5_35um.csv,5,35,0.6099996,3.825458e-06,3.8254146137640155e-06,0.00541185462361348
5_35um.csv,5,35,0.6200027,3.942275e-06,3.942231613764016e-06,0.005577116872388288
5_35um.csv,5,35,0.6299991,4.071673e-06,4.071629613764015e-06,0.005760177595287888
5_35um.csv,5,35,0.6399995,4.194155e-06,4.194111613764015e-06,0.0059334541796415025
5_35um.csv,5,35,0.65,4.317273e-06,4.317229613764015e-06,0.006107630519940062
5_35um.csv,5,35,0.6599997,4.44105e-06,4.441006613764015e-06,0.006282739154527489
5_35um.csv,5,35,0.6699955,4.554288e-06,4.5542446137640156e-06,0.006442938154046067
5_35um.csv,5,35,0.6799972,4.684867e-06,4.684823613764016e-06,0.006627669650170482
5_35um.csv,5,35,0.6900003,4.82855e-06,4.828506613764015e-06,0.006830939514066239
5_35um.csv,5,35,0.7000028,4.951397e-06,4.951353613764015e-06,0.007004732467790773
5_35um.csv,5,35,0.7099965,5.106294e-06,5.106250613764015e-06,0.007223866896413932
5_35um.csv,5,35,0.7200009,5.210233e-06,5.210189613764015e-06,0.007370910502014185
5_35um.csv,5,35,0.7299994,5.363392e-06,5.363348613764015e-06,0.0075875861636053995
5_35um.csv,5,35,0.7399985,5.509739e-06,5.509695613764015e-06,0.007794624816553573
5_35um.csv,5,35,0.7500015,5.644648e-06,5.644604613764015e-06,0.007985482009598768
5_35um.csv,5,35,0.7600013,5.770753e-06,5.770709613764015e-06,0.008163884090475243
5_35um.csv,5,35,0.7699984,5.922713e-06,5.922669613764015e-06,0.00837886351405075
5_35um.csv,5,35,0.7800022,6.078038e-06,6.077994613764015e-06,0.00859860343881296
5_35um.csv,5,35,0.7900012,6.226066e-06,6.226022613764015e-06,0.008808020220288579
5_35um.csv,5,35,0.7999997,6.367813e-06,6.367769613764015e-06,0.00900855120445255
5_35um.csv,5,35,0.8099988,6.520393e-06,6.520349613764016e-06,0.009224407748603319
5_35um.csv,5,35,0.8199999,6.692953e-06,6.692909613764015e-06,0.009468530210647207
5_35um.csv,5,35,0.8300023,6.81589e-06,6.815846613764016e-06,0.009642450488326215
5_35um.csv,5,35,0.839998,6.982351e-06,6.982307613764016e-06,0.009877944630388614
5_35um.csv,5,35,0.8499991,7.145657e-06,7.145613613764015e-06,0.010108975360491415
5_35um.csv,5,35,0.8600022,7.290166e-06,7.290122613764015e-06,0.010313413775347119
5_35um.csv,5,35,0.8699986,7.467589e-06,7.4675456137640155e-06,0.010564415975064393
5_35um.csv,5,35,0.8800017,7.629757e-06,7.629713613764015e-06,0.010793836764498407
5_35um.csv,5,35,0.8900002,7.789688e-06,7.789644613764015e-06,0.011020092846308449
5_35um.csv,5,35,0.9000006,7.988302e-06,7.988258613764015e-06,0.011301074178461816
5_35um.csv,5,35,0.9099997,8.151092e-06,8.151048613764016e-06,0.011531374917892303
5_35um.csv,5,35,0.9200014,8.318777e-06,8.318733613764015e-06,0.01176860066573554
5_35um.csv,5,35,0.9299972,8.513765e-06,8.513721613764016e-06,0.012044452257234231
5_35um.csv,5,35,0.939999,8.648393e-06,8.648349613764015e-06,0.012234911916599346
5_35um.csv,5,35,0.9500021,8.823659e-06,8.823615613764015e-06,0.012482862585541071
5_35um.csv,5,35,0.9600011,8.973703e-06,8.973659613764015e-06,0.012695131423596897
5_35um.csv,5,35,0.9699989,9.176475e-06,9.176431613764015e-06,0.01298199512244694
5_35um.csv,5,35,0.9799993,9.352913e-06,9.352869613764016e-06,0.013231603832218032
5_35um.csv,5,35,0.9899991,9.56124e-06,9.561196613764016e-06,0.013526326248480302
5_35um.csv,5,35,0.9999975,9.754233e-06,9.754189613764016e-06,0.013799355492321495
